Date,Revenue,TV_Spend,OTT_Spend,Streaming_Audio_Spend,Cinema_Advertising_Spend,Meta_Ads_Spend,YouTube_Ads_Spend,Google_Ads_Spend,TikTok_Ads_Spend,Billboard_Spend,Transit_Advertising_Spend,Airport_Advertising_Spend,Newspaper_Spend,Magazine_Spend,Google_Search_Spend,Programmatic_Display_Spend,Native_Advertising_Spend,Ecommerce_Ads_Spend,Quick_Commerce_Ads_Spend,In_Store_Digital_Ads_Spend,Influencer_Marketing_Spend,Creator_Content_Spend,Sponsored_Content_Spend,Festival_Flag,Seasonal_Flag,Promotion_Flag,Discount_Percentage,Promotion_Type,Month,Quarter,Week_of_Year,Year
01-01-2015,17696945,0,0,0,0,0,0,0,0,0,0,0,0,0,0,0,0,0,0,0,0,0,0,1,0,0,0,No Offer,1,Q1,1,2015
02-01-2015,17364174,0,0,280460,0,1368385,802923,915602,0,2092093,701170,505747,0,2128133,1122666,457124,156725,479463,0,261137,0,0,0,1,0,0,0,No Offer,1,Q1,1,2015
03-01-2015,16351899,0,0,176106,0,892388,578722,948091,0,1344381,1092974,424793,0,1632385,895138,472627,99871,252982,0,108191,0,0,0,0,0,1,10,10% Discount,1,Q1,1,2015
04-01-2015,19364435,0,0,0,0,0,0,0,0,0,0,0,0,0,0,0,0,0,0,0,0,0,0,1,0,1,10,10% Discount,1,Q1,1,2015
05-01-2015,19528816,0,0,347901,0,1599010,968290,1272987,0,1933640,951417,501155,0,2810245,1218772,591854,214943,511941,0,203995,0,0,0,1,0,1,15,15% Discount,1,Q1,2,2015
06-01-2015,17987701,0,0,0,0,0,0,0,0,0,0,0,0,0,0,0,0,0,0,0,0,0,0,1,0,1,10,10% Discount,1,Q1,2,2015
07-01-2015,19286284,0,0,0,0,0,0,0,0,0,0,0,0,0,0,0,0,0,0,0,0,0,0,1,0,0,0,No Offer,1,Q1,2,2015
08-01-2015,16483532,0,0,0,0,0,0,0,0,0,0,0,0,0,0,0,0,0,0,0,0,0,0,0,1,0,0,No Offer,1,Q1,2,2015
09-01-2015,22933174,0,559385,353636,0,1260187,781508,664912,0,2972822,1443843,302592,0,2190026,1098799,502162,161283,419563,0,139451,0,0,0,1,1,1,10,10% Discount,1,Q1,2,2015
10-01-2015,22169517,0,0,0,0,0,0,0,0,0,0,0,0,0,0,0,0,0,0,0,0,0,0,1,1,1,10,10% Discount,1,Q1,2,2015
11-01-2015,18952001,0,0,0,0,0,0,0,0,0,0,0,0,0,0,0,0,0,0,0,0,0,0,0,1,1,5,5% Discount,1,Q1,2,2015
12-01-2015,22062301,0,254628,275712,0,1468233,521707,825744,0,2650799,1405701,383503,0,2907908,1032967,676415,119720,355737,0,255572,0,0,0,1,1,0,0,No Offer,1,Q1,3,2015
13-01-2015,15305021,0,245439,198133,0,1014943,601531,873182,0,1796008,1208778,164779,0,2572533,715118,522100,149527,230054,0,71964,0,0,0,0,0,0,0,No Offer,1,Q1,3,2015
14-01-2015,18852581,0,492814,176928,0,1472521,677909,979484,0,1742475,1244182,308035,0,2781605,613483,481273,115506,189927,0,98099,0,0,0,0,1,0,0,No Offer,1,Q1,3,2015
15-01-2015,21283760,0,473408,423623,0,943328,1031570,1049525,0,2064019,1064623,362385,0,3311808,1440367,652443,160236,523716,0,158204,0,0,0,1,1,1,10,10% Discount,1,Q1,3,2015
16-01-2015,19915938,0,854784,358543,0,1338509,911793,1177595,0,3297054,845314,230857,0,2887377,1009455,548908,173147,266419,0,150220,0,0,0,0,0,1,5,5% Discount,1,Q1,3,2015
17-01-2015,21064632,0,314036,241651,0,1052200,595802,657404,0,3003611,660020,284000,0,2705795,934075,532378,136481,276861,0,142062,0,0,0,1,0,1,20,20% Discount,1,Q1,3,2015
18-01-2015,20196578,0,742522,407881,0,1356363,742151,1250996,0,2838751,1280035,188200,0,4922388,1128690,763654,215299,400881,0,104719,0,0,0,1,1,1,5,5% Discount,1,Q1,3,2015
19-01-2015,18382112,0,279855,109904,0,653474,498443,733879,0,1983389,584321,126708,0,1322186,473851,252849,113983,155408,0,91205,0,0,0,0,1,0,0,No Offer,1,Q1,4,2015
20-01-2015,19826200,0,772763,271885,0,1167212,576917,728882,0,2047439,1080353,422487,0,2400063,1226957,498284,166600,433777,0,113684,0,0,0,1,0,1,10,10% Discount,1,Q1,4,2015
21-01-2015,17746780,0,801513,131355,0,864852,869217,807435,0,2921123,1063439,295522,0,2607239,664384,295302,136433,350342,0,110666,0,0,0,1,0,0,0,No Offer,1,Q1,4,2015
22-01-2015,17512638,6507512,215610,164710,0,603295,366644,569227,0,1093974,416867,136421,2171454,1294947,371807,290005,74164,180108,0,0,0,0,116207,1,0,0,0,No Offer,1,Q1,4,2015
23-01-2015,19502299,0,0,0,0,0,0,0,0,0,0,0,0,0,0,0,0,0,0,0,0,0,0,0,1,0,0,No Offer,1,Q1,4,2015
24-01-2015,20180295,6121873,119956,105912,0,358871,364224,318869,0,527255,1113830,186381,2402512,598104,495106,213073,84367,131206,0,0,0,0,135782,1,1,1,10,10% Discount,1,Q1,4,2015
25-01-2015,20359118,0,0,0,0,0,0,0,0,0,0,0,0,0,0,0,0,0,0,0,0,0,0,1,1,0,0,No Offer,1,Q1,4,2015
26-01-2015,19783303,0,0,0,0,0,0,0,0,0,0,0,0,0,0,0,0,0,0,0,0,0,0,1,0,0,0,No Offer,1,Q1,5,2015
27-01-2015,17713988,3408587,286210,55593,0,568696,309847,446036,0,1149555,597842,163327,2159406,1149960,331536,195939,52674,141056,0,0,0,0,171047,0,0,0,0,No Offer,1,Q1,5,2015
28-01-2015,19372102,0,0,0,0,0,0,0,0,0,0,0,0,0,0,0,0,0,0,0,0,0,0,1,0,1,10,10% Discount,1,Q1,5,2015
29-01-2015,19851417,0,0,0,0,0,0,0,0,0,0,0,0,0,0,0,0,0,0,0,0,0,0,1,1,0,0,No Offer,1,Q1,5,2015
30-01-2015,18166528,0,0,0,0,0,0,0,0,0,0,0,0,0,0,0,0,0,0,0,0,0,0,1,0,0,0,No Offer,1,Q1,5,2015
31-01-2015,16901221,0,0,0,0,0,0,0,0,0,0,0,0,0,0,0,0,0,0,0,0,0,0,1,0,0,0,No Offer,1,Q1,5,2015
01-02-2015,19136422,0,0,0,0,0,0,0,0,0,0,0,0,0,0,0,0,0,0,0,0,0,0,0,1,0,0,No Offer,2,Q1,5,2015
02-02-2015,17207077,3686172,128508,0,0,383205,285227,342641,0,0,449149,218502,1300683,556830,448787,142822,78341,169464,0,0,0,0,0,0,0,0,0,No Offer,2,Q1,6,2015
03-02-2015,23465897,6422312,118974,0,0,449561,331340,300992,0,0,229280,131140,1482504,1284009,425240,240705,73847,186202,0,0,0,0,0,1,1,1,5,5% Discount,2,Q1,6,2015
04-02-2015,19039712,3626296,143062,0,0,721006,331928,458531,0,0,377449,182990,1784572,1357662,433920,159396,78962,144516,0,0,0,0,0,0,1,1,10,10% Discount,2,Q1,6,2015
05-02-2015,22130305,4716548,181375,0,0,405143,325219,254366,0,0,374116,230283,2185330,597831,371043,167225,39250,143418,0,0,0,0,0,1,0,1,10,10% Discount,2,Q1,6,2015
06-02-2015,22220949,4562092,122857,0,0,457382,222243,327787,0,0,358737,203437,949093,1017024,436116,179009,41209,147281,0,0,0,0,0,1,1,0,0,No Offer,2,Q1,6,2015
07-02-2015,18604584,3061589,224480,0,0,556629,453647,405918,0,0,334228,187548,2386349,995656,276888,141167,46165,174030,0,0,0,0,0,0,0,1,10,10% Discount,2,Q1,6,2015
08-02-2015,18797207,0,0,0,0,0,0,0,0,0,0,0,0,0,0,0,0,0,0,0,0,0,0,1,1,1,5,5% Discount,2,Q1,6,2015
09-02-2015,17986042,5458911,101064,0,0,412450,355142,343524,0,0,547251,145784,2594254,518340,539235,212400,74037,86470,0,0,0,0,0,0,0,1,10,10% Discount,2,Q1,7,2015
10-02-2015,24854441,0,0,0,0,0,0,0,0,0,0,0,0,0,0,0,0,0,0,0,0,0,0,1,1,1,10,10% Discount,2,Q1,7,2015
11-02-2015,18892112,0,0,0,0,0,0,0,0,0,0,0,0,0,0,0,0,0,0,0,0,0,0,0,0,1,10,10% Discount,2,Q1,7,2015
12-02-2015,21656187,0,0,0,0,0,0,0,0,0,0,0,0,0,0,0,0,0,0,0,0,0,0,1,0,1,10,10% Discount,2,Q1,7,2015
13-02-2015,17098622,0,427107,0,0,1256321,688418,925830,0,0,555648,241959,3814017,2418505,813914,448028,111513,245733,0,0,0,0,0,0,0,0,0,No Offer,2,Q1,7,2015
14-02-2015,16962203,0,401734,0,0,1130207,661181,808111,0,0,646678,382633,3734679,1947382,780555,340309,93354,182442,0,0,0,0,0,0,0,0,0,No Offer,2,Q1,7,2015
15-02-2015,19946002,0,861688,0,0,1832864,1306380,1185289,0,0,759076,434562,4471890,1877295,1715191,893893,228864,540480,0,0,0,0,0,1,1,1,10,10% Discount,2,Q1,7,2015
16-02-2015,20986126,0,177307,0,0,435933,372778,603004,0,0,424066,111621,3978601,796657,403618,254462,78800,162146,0,0,0,0,0,1,0,1,5,5% Discount,2,Q1,8,2015
17-02-2015,21331199,0,0,0,0,0,0,0,0,0,0,0,0,0,0,0,0,0,0,0,0,0,0,1,0,1,5,5% Discount,2,Q1,8,2015
18-02-2015,17517353,0,0,0,0,0,0,0,0,0,0,0,0,0,0,0,0,0,0,0,0,0,0,0,1,0,0,No Offer,2,Q1,8,2015
19-02-2015,17699364,0,0,0,0,0,0,0,0,0,0,0,0,0,0,0,0,0,0,0,0,0,0,0,0,1,5,5% Discount,2,Q1,8,2015
20-02-2015,19663521,7049822,0,0,0,447715,324656,568935,0,0,577298,158197,3294460,1193421,405052,225287,56762,164802,0,0,0,0,199627,1,0,1,5,5% Discount,2,Q1,8,2015
21-02-2015,23045940,5301126,0,0,0,778276,445806,785749,0,0,694276,190281,2795398,819382,523081,289608,111782,253422,0,0,0,0,277963,1,1,1,10,10% Discount,2,Q1,8,2015
22-02-2015,16647457,5469135,0,0,0,1036357,572010,503309,0,0,395167,255179,2751722,1450165,665750,289342,125047,252990,0,0,0,0,181181,0,0,0,0,No Offer,2,Q1,8,2015
23-02-2015,19627331,3150402,0,0,0,545430,452789,398563,0,0,390153,243567,2454505,1950882,507572,280866,78557,174355,0,0,0,0,185385,0,0,1,10,10% Discount,2,Q1,9,2015
24-02-2015,20910877,0,0,0,0,0,0,0,0,0,0,0,0,0,0,0,0,0,0,0,0,0,0,1,1,0,0,No Offer,2,Q1,9,2015
25-02-2015,16985626,0,0,0,0,0,0,0,0,0,0,0,0,0,0,0,0,0,0,0,0,0,0,1,0,1,5,5% Discount,2,Q1,9,2015
26-02-2015,17675344,6068433,0,0,0,734591,578001,719004,0,0,402017,339834,0,0,583256,234238,72560,217547,0,90621,0,0,173289,0,0,0,0,No Offer,2,Q1,9,2015
27-02-2015,21169445,0,0,0,0,0,0,0,0,0,0,0,0,0,0,0,0,0,0,0,0,0,0,0,0,1,20,20% Discount,2,Q1,9,2015
28-02-2015,16031731,4160194,0,0,0,778127,369909,705335,0,0,790287,329211,0,0,540210,348021,159204,257670,0,141934,0,0,588980,0,0,0,0,No Offer,2,Q1,9,2015
01-03-2015,20061514,0,0,0,0,0,0,0,0,0,0,0,0,0,0,0,0,0,0,0,0,0,0,0,1,0,0,No Offer,3,Q1,9,2015
02-03-2015,23440465,0,0,0,0,0,0,0,0,0,0,0,0,0,0,0,0,0,0,0,0,0,0,1,0,1,5,5% Discount,3,Q1,10,2015
03-03-2015,24734003,11143783,0,0,0,711351,707265,720945,0,0,1356927,207304,0,0,584945,349093,128441,320653,0,103792,0,0,763184,1,1,1,15,15% Discount,3,Q1,10,2015
04-03-2015,25317245,0,0,0,0,0,0,0,0,0,0,0,0,0,0,0,0,0,0,0,0,0,0,1,1,1,10,10% Discount,3,Q1,10,2015
05-03-2015,17658479,4039519,149954,143318,0,464060,394207,477659,0,0,844796,228373,0,0,362471,238413,64837,98088,0,91756,0,0,149356,0,0,0,0,No Offer,3,Q1,10,2015
06-03-2015,20355052,5054845,236652,242744,0,868086,768003,861896,0,0,544095,347317,0,0,590387,415337,110188,190454,0,118946,0,0,311539,0,1,1,5,5% Discount,3,Q1,10,2015
07-03-2015,19355098,0,0,0,0,0,0,0,0,0,0,0,0,0,0,0,0,0,0,0,0,0,0,0,1,0,0,No Offer,3,Q1,10,2015
08-03-2015,20645935,0,0,0,0,0,0,0,0,0,0,0,0,0,0,0,0,0,0,0,0,0,0,1,0,1,5,5% Discount,3,Q1,10,2015
09-03-2015,20146254,0,0,0,0,0,0,0,0,0,0,0,0,0,0,0,0,0,0,0,0,0,0,1,0,0,0,No Offer,3,Q1,11,2015
10-03-2015,19807091,0,0,0,0,0,0,0,0,0,0,0,0,0,0,0,0,0,0,0,0,0,0,1,0,1,10,10% Discount,3,Q1,11,2015
11-03-2015,22382844,9468054,698132,244619,0,901236,611424,502609,0,0,586493,167143,0,0,804450,299500,86343,297511,0,86741,0,0,262844,1,1,1,5,5% Discount,3,Q1,11,2015
12-03-2015,27519044,6898818,280256,193577,0,915935,545192,636352,0,0,747779,149532,4186492,0,508361,389355,104799,303187,0,83205,0,0,472349,1,1,1,20,20% Discount,3,Q1,11,2015
13-03-2015,19160472,7404663,174309,127842,0,475703,397749,446496,0,0,377232,171649,2752497,0,301442,170848,71633,195567,0,49611,0,0,459546,1,0,0,0,No Offer,3,Q1,11,2015
14-03-2015,18357876,0,0,0,0,0,0,0,0,0,0,0,0,0,0,0,0,0,0,0,0,0,0,0,0,1,10,10% Discount,3,Q1,11,2015
15-03-2015,18228593,3841488,691836,268357,0,746090,441770,824095,0,0,507216,359466,3206693,0,511770,287537,101835,221255,0,88785,0,0,600295,0,0,0,0,No Offer,3,Q1,11,2015
16-03-2015,23756235,0,0,0,0,0,0,0,0,0,0,0,0,0,0,0,0,0,0,0,0,0,0,1,0,1,20,20% Discount,3,Q1,12,2015
17-03-2015,22471650,7663205,149877,99763,0,403264,310955,325516,0,0,266176,147151,1823248,0,290123,171475,65276,157914,0,58215,0,0,117710,1,1,0,0,No Offer,3,Q1,12,2015
18-03-2015,18044554,4955205,147335,229172,0,644345,407396,637024,0,0,542141,199856,2104661,0,570969,225306,73800,174967,0,75172,0,0,297548,0,0,0,0,No Offer,3,Q1,12,2015
19-03-2015,20497400,0,0,0,0,0,0,0,0,0,0,0,0,0,0,0,0,0,0,0,0,0,0,0,1,1,5,5% Discount,3,Q1,12,2015
20-03-2015,19213611,0,0,0,0,0,0,0,0,0,0,0,0,0,0,0,0,0,0,0,0,0,0,0,0,1,10,10% Discount,3,Q1,12,2015
21-03-2015,21925982,0,0,0,0,0,0,0,0,0,0,0,0,0,0,0,0,0,0,0,0,0,0,1,1,1,10,10% Discount,3,Q1,12,2015
22-03-2015,20271496,0,0,0,0,0,0,0,0,0,0,0,0,0,0,0,0,0,0,0,0,0,0,1,0,0,0,No Offer,3,Q1,12,2015
23-03-2015,22946118,0,0,0,0,0,0,0,0,0,0,0,0,0,0,0,0,0,0,0,0,0,0,1,1,0,0,No Offer,3,Q1,13,2015
24-03-2015,25393101,0,0,0,0,0,0,0,0,0,0,0,0,0,0,0,0,0,0,0,0,0,0,1,1,1,15,15% Discount,3,Q1,13,2015
25-03-2015,18234743,9119143,0,194067,0,701749,551786,461825,0,0,583847,244347,0,0,470122,341695,90354,264753,0,77443,0,0,137944,1,0,0,0,No Offer,3,Q1,13,2015
26-03-2015,23223867,0,372730,201391,2867013,1085620,590395,638872,0,1606638,0,288225,0,0,905571,501025,136934,323321,0,0,0,0,0,1,1,1,5,5% Discount,3,Q1,13,2015
27-03-2015,18591350,0,853798,496864,1595061,1447379,717317,972622,0,2614551,0,250388,0,0,981428,662516,157390,482443,0,0,0,0,0,0,1,0,0,No Offer,3,Q1,13,2015
28-03-2015,21287001,0,0,0,0,0,0,0,0,0,0,0,0,0,0,0,0,0,0,0,0,0,0,0,0,1,10,10% Discount,3,Q1,13,2015
29-03-2015,20033011,0,0,0,0,0,0,0,0,0,0,0,0,0,0,0,0,0,0,0,0,0,0,0,1,0,0,No Offer,3,Q1,13,2015
30-03-2015,21474472,0,0,0,0,0,0,0,0,0,0,0,0,0,0,0,0,0,0,0,0,0,0,1,0,0,0,No Offer,3,Q1,14,2015
31-03-2015,22039497,0,523636,310463,1656159,989824,718100,771977,0,2819958,0,484094,0,0,898554,418145,91907,348908,0,0,0,0,0,1,1,0,0,No Offer,3,Q1,14,2015
01-04-2015,23207510,0,0,0,0,0,0,0,0,0,0,0,0,0,0,0,0,0,0,0,0,0,0,1,1,1,10,10% Discount,4,Q2,14,2015
02-04-2015,21771370,0,0,0,0,0,0,0,0,0,0,0,0,0,0,0,0,0,0,0,0,0,0,0,0,1,15,15% Discount,4,Q2,14,2015
03-04-2015,21992820,0,0,0,0,0,0,0,0,0,0,0,0,0,0,0,0,0,0,0,0,0,0,1,0,1,5,5% Discount,4,Q2,14,2015
04-04-2015,24342575,9992767,619515,169823,0,975570,907598,1041250,0,1885220,0,401249,0,0,858758,508037,184795,448138,0,281512,0,0,393026,1,1,1,15,15% Discount,4,Q2,14,2015
05-04-2015,19802596,0,0,0,0,0,0,0,0,0,0,0,0,0,0,0,0,0,0,0,0,0,0,0,1,1,5,5% Discount,4,Q2,14,2015
06-04-2015,16018442,6678624,444613,192209,0,687538,472781,526019,0,1007684,0,328331,0,0,613523,401534,144544,256116,0,82758,0,0,459857,0,0,0,0,No Offer,4,Q2,15,2015
07-04-2015,24651369,6209236,371416,172799,0,1049135,569534,1023621,0,1905728,0,194159,0,0,802622,364919,112629,458625,0,91986,0,0,288297,1,1,1,15,15% Discount,4,Q2,15,2015
08-04-2015,21428968,0,0,0,0,0,0,0,0,0,0,0,0,0,0,0,0,0,0,0,0,0,0,1,1,0,0,No Offer,4,Q2,15,2015
09-04-2015,22312729,6401997,522721,185918,0,701782,560266,613497,0,1263861,0,331020,0,0,679706,380206,140972,245161,0,81020,0,0,304885,0,1,1,15,15% Discount,4,Q2,15,2015
10-04-2015,18774147,3642217,185531,138348,0,346242,341190,588672,0,1565193,0,219051,0,0,449924,228379,62386,191848,0,47381,0,0,135771,0,0,0,0,No Offer,4,Q2,15,2015
11-04-2015,21479731,0,0,0,0,0,0,0,0,0,0,0,0,0,0,0,0,0,0,0,0,0,0,0,0,1,15,15% Discount,4,Q2,15,2015
12-04-2015,19678265,5898391,261768,210496,0,719254,393849,450981,0,1433404,0,302161,0,0,558876,373003,80607,245672,0,114301,0,0,442778,0,0,1,10,10% Discount,4,Q2,15,2015
13-04-2015,18749127,0,0,0,0,0,0,0,0,0,0,0,0,0,0,0,0,0,0,0,0,0,0,1,0,0,0,No Offer,4,Q2,16,2015
14-04-2015,18149358,4728991,225875,158885,0,488476,345824,254814,0,999733,0,155041,0,0,507539,252082,69671,135141,0,75724,0,0,253140,0,1,1,10,10% Discount,4,Q2,16,2015
15-04-2015,20378373,0,0,0,0,0,0,0,0,0,0,0,0,0,0,0,0,0,0,0,0,0,0,0,0,1,25,Buy3Get1,4,Q2,16,2015
16-04-2015,21613558,7933661,434701,284371,0,1030367,757341,771294,0,2088772,0,477787,0,0,775938,349333,129589,328694,0,0,0,0,342265,1,0,0,0,No Offer,4,Q2,16,2015
17-04-2015,23092811,0,0,0,0,0,0,0,0,0,0,0,0,0,0,0,0,0,0,0,0,0,0,1,0,1,5,5% Discount,4,Q2,16,2015
18-04-2015,19026825,6662849,324141,138974,0,678777,409066,639024,0,2598392,0,377844,0,0,627666,353468,110467,236944,0,0,0,0,254690,0,0,1,10,10% Discount,4,Q2,16,2015
19-04-2015,16307863,7108583,361782,150983,0,1041418,562357,864935,0,1146748,0,209782,0,0,591399,282642,110632,195103,0,0,0,0,329668,0,0,0,0,No Offer,4,Q2,16,2015
20-04-2015,22445222,6785807,326869,105575,0,767715,370349,482373,0,1300149,0,192581,0,0,516709,304798,86002,206452,0,0,0,0,152459,1,1,1,10,10% Discount,4,Q2,17,2015
21-04-2015,23102922,0,0,0,0,0,0,0,0,0,0,0,0,0,0,0,0,0,0,0,0,0,0,1,0,1,10,10% Discount,4,Q2,17,2015
22-04-2015,18626926,0,0,0,0,0,0,0,0,0,0,0,0,0,0,0,0,0,0,0,0,0,0,0,1,0,0,No Offer,4,Q2,17,2015
23-04-2015,20796658,0,0,0,0,0,0,0,0,0,0,0,0,0,0,0,0,0,0,0,0,0,0,0,1,1,5,5% Discount,4,Q2,17,2015
24-04-2015,19511787,0,0,0,0,0,0,0,0,0,0,0,0,0,0,0,0,0,0,0,0,0,0,0,0,1,10,10% Discount,4,Q2,17,2015
25-04-2015,22558772,0,312645,153685,1394676,814579,636975,826694,0,1256790,0,172232,5286271,0,799499,315295,85769,233550,0,0,0,0,0,1,1,0,0,No Offer,4,Q2,17,2015
26-04-2015,22222341,0,0,0,0,0,0,0,0,0,0,0,0,0,0,0,0,0,0,0,0,0,0,0,0,1,15,15% Discount,4,Q2,17,2015
27-04-2015,21578210,0,343885,201303,1178464,727371,852565,812589,0,2925127,0,310964,6996200,0,817897,559575,125222,295953,0,0,0,0,0,1,0,1,5,5% Discount,4,Q2,18,2015
28-04-2015,23453177,0,0,0,0,0,0,0,0,0,0,0,0,0,0,0,0,0,0,0,0,0,0,1,0,1,20,20% Discount,4,Q2,18,2015
29-04-2015,21564482,0,0,0,0,0,0,0,0,0,0,0,0,0,0,0,0,0,0,0,0,0,0,0,1,0,0,No Offer,4,Q2,18,2015
30-04-2015,21285571,4615136,316726,0,1111978,592809,359178,389951,0,2336934,0,163073,2806644,0,412510,219264,63263,262337,0,0,0,0,0,1,0,1,5,5% Discount,4,Q2,18,2015
01-05-2015,22322946,4398165,263515,0,716972,370185,312505,271043,0,1130512,0,120050,3135115,0,297359,221527,41719,180575,0,0,0,0,0,1,1,1,5,5% Discount,5,Q2,18,2015
02-05-2015,20954489,0,0,0,0,0,0,0,0,0,0,0,0,0,0,0,0,0,0,0,0,0,0,0,1,0,0,No Offer,5,Q2,18,2015
03-05-2015,19136291,3686836,167293,0,741958,491081,311730,373436,0,784470,0,156272,1692772,0,477453,236377,68106,155959,0,0,0,0,0,0,0,0,0,No Offer,5,Q2,18,2015
04-05-2015,19025658,0,0,0,0,0,0,0,0,0,0,0,0,0,0,0,0,0,0,0,0,0,0,0,0,1,5,5% Discount,5,Q2,19,2015
05-05-2015,20228999,0,0,0,0,0,0,0,0,0,0,0,0,0,0,0,0,0,0,0,0,0,0,1,0,0,0,No Offer,5,Q2,19,2015
06-05-2015,21326473,0,0,0,0,0,0,0,0,0,0,0,0,0,0,0,0,0,0,0,0,0,0,1,0,1,5,5% Discount,5,Q2,19,2015
07-05-2015,22613026,0,0,0,0,0,0,0,0,0,0,0,0,0,0,0,0,0,0,0,0,0,0,0,1,1,20,20% Discount,5,Q2,19,2015
08-05-2015,21374003,5432425,0,0,0,589264,388294,498001,0,1003056,0,148920,2109835,0,424946,238256,90394,166782,0,0,0,0,0,1,0,1,5,5% Discount,5,Q2,19,2015
09-05-2015,19122989,3085002,0,0,0,647045,357563,504627,0,560430,0,147897,2230298,0,363660,244368,51899,139079,0,0,0,0,0,0,1,0,0,No Offer,5,Q2,19,2015
10-05-2015,22259517,0,0,0,0,0,0,0,0,0,0,0,0,0,0,0,0,0,0,0,0,0,0,0,1,1,10,10% Discount,5,Q2,19,2015
11-05-2015,21343464,4926941,0,0,0,665298,461389,873107,0,1296390,0,267548,2493773,0,679552,346148,107933,187584,0,0,0,0,0,0,1,1,5,5% Discount,5,Q2,20,2015
12-05-2015,22211447,0,0,0,0,0,0,0,0,0,0,0,0,0,0,0,0,0,0,0,0,0,0,0,1,1,10,10% Discount,5,Q2,20,2015
13-05-2015,18588762,4865955,0,0,0,455938,282824,330615,0,1225227,0,105616,1785031,0,475449,190042,72541,178596,0,0,0,0,0,0,0,0,0,No Offer,5,Q2,20,2015
14-05-2015,24118070,0,0,0,0,0,0,0,0,0,0,0,0,0,0,0,0,0,0,0,0,0,0,1,1,1,10,10% Discount,5,Q2,20,2015
15-05-2015,20277848,7297189,0,0,0,612002,448700,607863,0,980443,0,162362,1773063,0,369540,273701,81636,133505,0,0,0,0,0,0,0,0,0,No Offer,5,Q2,20,2015
16-05-2015,20240130,0,0,0,0,0,0,0,0,0,0,0,0,0,0,0,0,0,0,0,0,0,0,0,1,0,0,No Offer,5,Q2,20,2015
17-05-2015,20886451,3764606,0,0,0,628859,424659,370700,0,985628,0,144244,2535499,0,445053,192246,68105,129302,0,0,0,0,0,0,0,1,5,5% Discount,5,Q2,20,2015
18-05-2015,20446569,0,0,0,0,0,0,0,0,0,0,0,0,0,0,0,0,0,0,0,0,0,0,1,0,1,5,5% Discount,5,Q2,21,2015
19-05-2015,23384267,0,0,0,0,0,0,0,0,0,0,0,0,0,0,0,0,0,0,0,0,0,0,0,1,1,15,15% Discount,5,Q2,21,2015
20-05-2015,17851211,4715438,0,0,0,609697,437402,548084,0,1268720,0,213020,3576228,0,575681,314128,97117,196659,0,0,0,0,0,0,0,0,0,No Offer,5,Q2,21,2015
21-05-2015,18775596,0,0,0,0,0,0,0,0,0,0,0,0,0,0,0,0,0,0,0,0,0,0,0,0,1,5,5% Discount,5,Q2,21,2015
22-05-2015,19674690,0,0,0,0,0,0,0,0,0,0,0,0,0,0,0,0,0,0,0,0,0,0,0,1,0,0,No Offer,5,Q2,21,2015
23-05-2015,20327150,6859594,0,0,0,687267,524453,527532,0,0,0,155955,4012351,0,679286,277641,116145,242442,0,117232,0,0,0,1,0,0,0,No Offer,5,Q2,21,2015
24-05-2015,21962752,5639453,0,0,0,894557,396684,453037,0,0,0,264121,2818823,0,557436,230340,80586,316153,0,109087,0,0,0,1,1,0,0,No Offer,5,Q2,21,2015
25-05-2015,26193293,5871240,0,0,0,991603,717734,698185,0,0,0,152125,4609113,0,1176833,354915,133579,332210,0,181436,0,0,0,1,1,1,10,10% Discount,5,Q2,22,2015
26-05-2015,19488467,5123259,0,0,0,905602,532722,663531,0,0,0,402728,3786990,0,640867,377253,111176,223226,0,80380,0,0,0,0,0,1,5,5% Discount,5,Q2,22,2015
27-05-2015,22913010,3676397,0,0,0,438248,291973,412804,0,0,0,242783,2222355,0,422910,176045,69487,151261,0,72316,0,0,0,0,1,1,15,15% Discount,5,Q2,22,2015
28-05-2015,21990271,0,0,0,0,0,0,0,0,0,0,0,0,0,0,0,0,0,0,0,0,0,0,1,1,0,0,No Offer,5,Q2,22,2015
29-05-2015,23775892,0,0,0,0,0,0,0,0,0,0,0,0,0,0,0,0,0,0,0,0,0,0,1,1,0,0,No Offer,5,Q2,22,2015
30-05-2015,24021645,8516358,0,87848,0,927747,384584,481069,0,0,0,402632,2194703,0,623868,269717,118126,229958,0,162056,0,0,0,1,1,1,5,5% Discount,5,Q2,22,2015
31-05-2015,23975376,3840968,0,260788,0,528929,381468,485389,0,0,0,131933,2794497,0,399910,331348,80805,183965,0,129873,0,0,0,1,1,1,10,10% Discount,5,Q2,22,2015
01-06-2015,20872481,8189607,0,71570,0,266723,295188,552626,0,0,0,250033,1474051,0,397927,218959,71525,139762,0,88198,0,0,0,1,1,1,5,5% Discount,6,Q2,23,2015
02-06-2015,18575059,4790570,0,185225,0,791157,672972,677641,0,0,0,146960,3641115,0,769998,297492,97404,226515,0,108591,0,0,0,0,0,0,0,No Offer,6,Q2,23,2015
03-06-2015,22949445,3979972,0,284537,0,753805,466721,591232,0,0,0,125056,2536443,0,414885,280246,68346,174334,0,57606,0,0,0,1,1,0,0,No Offer,6,Q2,23,2015
04-06-2015,23203227,5593926,425288,173250,0,732418,482728,401586,0,0,0,223621,3093830,0,354502,258801,87831,165885,0,0,0,0,0,1,0,1,25,Buy3Get1,6,Q2,23,2015
05-06-2015,20180853,0,0,0,0,0,0,0,0,0,0,0,0,0,0,0,0,0,0,0,0,0,0,1,0,0,0,No Offer,6,Q2,23,2015
06-06-2015,18937238,5113428,382782,167323,0,1081467,549462,600135,0,0,0,326617,2914669,0,884013,402833,116682,293980,0,0,0,0,0,0,0,0,0,No Offer,6,Q2,23,2015
07-06-2015,20906125,3694037,335368,87974,0,688101,512117,642010,0,0,0,144794,2285615,0,495550,253190,92459,250009,0,0,0,0,0,1,1,1,5,5% Discount,6,Q2,23,2015
08-06-2015,19046868,4978706,182707,185884,0,573443,671779,530173,0,0,0,153433,3311620,0,770894,351843,100265,190655,0,0,0,0,0,0,1,0,0,No Offer,6,Q2,24,2015
09-06-2015,21019761,6310075,218259,124037,0,565745,496919,639222,0,0,0,161399,2361068,0,437364,322914,55289,208555,0,0,0,0,0,0,0,1,15,15% Discount,6,Q2,24,2015
10-06-2015,23674014,6843109,269199,62994,0,460779,359942,418424,0,0,0,131858,2137871,0,346910,211146,73353,138792,0,0,0,0,0,1,0,1,10,10% Discount,6,Q2,24,2015
11-06-2015,23322698,5821258,481678,195944,0,1097810,769454,872850,0,0,0,242527,3461200,0,677921,307067,114130,279335,0,70955,0,0,0,0,1,1,5,5% Discount,6,Q2,24,2015
12-06-2015,22158174,0,0,0,0,0,0,0,0,0,0,0,0,0,0,0,0,0,0,0,0,0,0,0,1,0,0,No Offer,6,Q2,24,2015
13-06-2015,20742252,0,0,0,0,0,0,0,0,0,0,0,0,0,0,0,0,0,0,0,0,0,0,0,0,1,15,15% Discount,6,Q2,24,2015
14-06-2015,21567367,0,0,0,0,0,0,0,0,0,0,0,0,0,0,0,0,0,0,0,0,0,0,1,1,0,0,No Offer,6,Q2,24,2015
15-06-2015,22577496,0,0,0,0,0,0,0,0,0,0,0,0,0,0,0,0,0,0,0,0,0,0,1,0,1,5,5% Discount,6,Q2,25,2015
16-06-2015,24072648,4151807,357333,230315,0,934388,556984,573686,0,0,0,329144,3925923,0,692636,314534,144813,268646,0,124759,0,0,0,1,1,1,15,15% Discount,6,Q2,25,2015
17-06-2015,21204713,0,0,0,0,0,0,0,0,0,0,0,0,0,0,0,0,0,0,0,0,0,0,1,1,0,0,No Offer,6,Q2,25,2015
18-06-2015,19478940,0,0,0,0,0,0,0,0,0,0,0,0,0,0,0,0,0,0,0,0,0,0,0,1,0,0,No Offer,6,Q2,25,2015
19-06-2015,20763968,0,0,447669,0,2724410,1793639,1596263,0,0,1617462,0,0,0,2052014,846498,369492,627876,0,285359,0,0,0,0,0,1,20,20% Discount,6,Q2,25,2015
20-06-2015,18831977,0,0,565071,0,1972257,1509062,1469794,0,0,1920837,0,0,0,1333338,607653,263461,487204,0,216635,0,0,0,0,0,0,0,No Offer,6,Q2,25,2015
21-06-2015,19840710,0,0,1053356,0,2180296,1845788,2249066,0,0,2345758,0,0,0,1852834,928077,325475,726112,0,395130,0,0,0,0,0,1,15,15% Discount,6,Q2,25,2015
22-06-2015,23241654,0,0,0,0,0,0,0,0,0,0,0,0,0,0,0,0,0,0,0,0,0,0,1,1,1,5,5% Discount,6,Q2,26,2015
23-06-2015,22560070,0,0,0,0,0,0,0,0,0,0,0,0,0,0,0,0,0,0,0,0,0,0,1,0,0,0,No Offer,6,Q2,26,2015
24-06-2015,18520613,0,0,350030,0,1684435,1191809,1559962,0,0,1245397,0,0,0,2093675,928300,359273,625682,0,608157,0,0,0,0,0,0,0,No Offer,6,Q2,26,2015
25-06-2015,27178344,0,812049,465981,3366302,3000847,1840765,2315532,0,0,1695295,0,0,0,1263662,888645,285681,871796,0,0,0,0,0,1,1,1,15,15% Discount,6,Q2,26,2015
26-06-2015,21294014,0,0,0,0,0,0,0,0,0,0,0,0,0,0,0,0,0,0,0,0,0,0,0,1,0,0,No Offer,6,Q2,26,2015
27-06-2015,19045873,0,539409,246528,2076274,1288239,831280,854211,0,0,1127082,0,0,0,1062439,550581,185007,368458,0,0,0,0,0,0,0,0,0,No Offer,6,Q2,26,2015
28-06-2015,20164335,0,0,0,0,0,0,0,0,0,0,0,0,0,0,0,0,0,0,0,0,0,0,1,0,0,0,No Offer,6,Q2,26,2015
29-06-2015,25533605,0,972842,611521,3352490,2140916,1396612,979456,0,0,1343231,0,0,0,1577771,487734,267288,554653,0,0,0,0,0,1,1,1,10,10% Discount,6,Q2,27,2015
30-06-2015,22733765,0,858436,423162,2746255,1494176,1378644,1249755,0,0,919321,0,0,0,1474488,805545,291385,584084,0,0,0,0,0,1,0,1,15,15% Discount,6,Q2,27,2015
01-07-2015,22923314,0,0,0,0,0,0,0,0,0,0,0,0,0,0,0,0,0,0,0,0,0,0,1,1,0,0,No Offer,7,Q3,27,2015
02-07-2015,20877773,8936161,232498,168974,730338,1048124,918620,775510,0,0,750455,0,0,0,936904,458224,118888,279420,0,0,0,0,0,0,0,1,10,10% Discount,7,Q3,27,2015
03-07-2015,18951901,5359364,649646,166702,1575904,1348275,595143,729569,0,0,872479,0,0,0,969695,396154,180771,288658,0,0,0,0,0,0,0,0,0,No Offer,7,Q3,27,2015
04-07-2015,24576423,8943039,534952,125334,1223494,852470,567335,370541,0,0,705472,0,0,0,595253,322406,63431,184663,0,0,0,0,0,1,1,1,15,15% Discount,7,Q3,27,2015
05-07-2015,18603120,7701540,124703,100194,343289,550307,288436,311277,0,0,261326,0,0,0,661853,267439,69869,175508,0,0,0,0,0,0,1,0,0,No Offer,7,Q3,27,2015
06-07-2015,24260038,0,0,0,0,0,0,0,0,0,0,0,0,0,0,0,0,0,0,0,0,0,0,1,1,0,0,No Offer,7,Q3,28,2015
07-07-2015,21185506,0,0,0,0,0,0,0,0,0,0,0,0,0,0,0,0,0,0,0,0,0,0,0,1,0,0,No Offer,7,Q3,28,2015
08-07-2015,22222740,7982365,702970,310074,1726200,864316,421120,675257,0,0,478112,0,0,0,749290,310651,149807,359179,0,0,0,0,0,1,1,1,10,10% Discount,7,Q3,28,2015
09-07-2015,21137083,4836119,187803,98323,893479,555309,418444,390731,0,0,299411,0,0,0,375824,217292,78187,187822,0,65783,0,0,0,0,1,1,10,10% Discount,7,Q3,28,2015
10-07-2015,22338361,6623949,309916,254841,1445432,502105,491793,848537,0,0,409046,0,0,0,825060,419364,91342,258435,0,69921,0,0,0,1,0,1,5,5% Discount,7,Q3,28,2015
11-07-2015,21817805,0,0,0,0,0,0,0,0,0,0,0,0,0,0,0,0,0,0,0,0,0,0,0,0,1,15,15% Discount,7,Q3,28,2015
12-07-2015,19319418,0,0,0,0,0,0,0,0,0,0,0,0,0,0,0,0,0,0,0,0,0,0,1,0,0,0,No Offer,7,Q3,28,2015
13-07-2015,22020721,0,0,0,0,0,0,0,0,0,0,0,0,0,0,0,0,0,0,0,0,0,0,0,1,1,10,10% Discount,7,Q3,29,2015
14-07-2015,21949528,0,0,0,0,0,0,0,0,0,0,0,0,0,0,0,0,0,0,0,0,0,0,1,0,0,0,No Offer,7,Q3,29,2015
15-07-2015,20071801,0,0,0,0,0,0,0,0,0,0,0,0,0,0,0,0,0,0,0,0,0,0,0,1,0,0,No Offer,7,Q3,29,2015
16-07-2015,25185675,6902508,154017,128105,1718377,387743,386428,345238,0,0,552455,0,2455626,0,329312,259992,48280,200782,0,100780,0,0,0,1,1,1,10,10% Discount,7,Q3,29,2015
17-07-2015,22298334,4611012,266281,204070,610730,802443,759736,575691,0,0,676133,0,2488894,0,815410,269707,102747,230798,0,78912,0,0,0,0,1,1,15,15% Discount,7,Q3,29,2015
18-07-2015,21630598,0,0,0,0,0,0,0,0,0,0,0,0,0,0,0,0,0,0,0,0,0,0,0,1,0,0,No Offer,7,Q3,29,2015
19-07-2015,19530319,0,0,0,0,0,0,0,0,0,0,0,0,0,0,0,0,0,0,0,0,0,0,0,0,1,10,10% Discount,7,Q3,29,2015
20-07-2015,19875120,5411473,224081,339106,985307,624778,515020,575116,0,0,606216,0,1548406,0,764426,368913,82628,240268,0,78468,0,0,0,0,1,1,5,5% Discount,7,Q3,30,2015
21-07-2015,22199038,0,0,0,0,0,0,0,0,0,0,0,0,0,0,0,0,0,0,0,0,0,0,0,1,1,10,10% Discount,7,Q3,30,2015
22-07-2015,20256945,3339052,389286,148439,930753,807587,624040,848716,0,0,586514,0,2058220,0,772602,448222,111596,256182,0,99093,0,0,0,0,1,1,10,10% Discount,7,Q3,30,2015
23-07-2015,18595805,0,0,0,0,0,0,0,0,0,0,0,0,0,0,0,0,0,0,0,0,0,0,1,0,0,0,No Offer,7,Q3,30,2015
24-07-2015,24484507,0,0,0,0,0,0,0,0,0,0,0,0,0,0,0,0,0,0,0,0,0,0,1,0,1,10,10% Discount,7,Q3,30,2015
25-07-2015,22499994,0,0,427742,3437151,1209265,1064567,1270545,0,0,725708,0,0,0,1145530,690731,227848,578123,0,302076,0,0,0,1,1,1,5,5% Discount,7,Q3,30,2015
26-07-2015,19644023,0,0,381474,3275697,2275878,993003,2253442,0,0,1164991,0,0,0,1865578,748218,274491,436613,0,470473,0,0,0,0,1,1,5,5% Discount,7,Q3,30,2015
27-07-2015,20257213,0,0,521159,3466165,1947501,1021115,1813194,0,0,1757039,0,0,0,1580396,746207,221415,657142,0,411522,0,0,0,1,0,0,0,No Offer,7,Q3,31,2015
28-07-2015,19480773,0,0,0,0,0,0,0,0,0,0,0,0,0,0,0,0,0,0,0,0,0,0,0,1,0,0,No Offer,7,Q3,31,2015
29-07-2015,21117869,0,0,0,0,0,0,0,0,0,0,0,0,0,0,0,0,0,0,0,0,0,0,1,0,0,0,No Offer,7,Q3,31,2015
30-07-2015,19193559,0,0,0,0,0,0,0,0,0,0,0,0,0,0,0,0,0,0,0,0,0,0,0,1,0,0,No Offer,7,Q3,31,2015
31-07-2015,24644602,9069673,324811,125339,2252186,689995,504971,486856,0,0,437110,0,0,0,427352,263571,124576,312282,0,136119,0,0,0,1,1,1,5,5% Discount,7,Q3,31,2015
01-08-2015,21757271,0,0,0,0,0,0,0,0,0,0,0,0,0,0,0,0,0,0,0,0,0,0,0,0,1,10,10% Discount,8,Q3,31,2015
02-08-2015,20061661,7786368,210951,134184,872989,635193,559055,464914,0,0,681716,0,0,0,535498,363209,112889,202549,0,71615,0,0,0,1,0,0,0,No Offer,8,Q3,31,2015
03-08-2015,18678906,4545103,471684,179603,1683333,753375,446329,482918,0,0,400589,0,0,0,658801,218850,72815,235603,0,112344,0,0,0,0,0,0,0,No Offer,8,Q3,32,2015
04-08-2015,19543449,6663022,518540,240206,1519997,756092,830088,807383,0,0,696535,0,0,0,940228,405856,118746,231077,0,121486,0,0,0,0,0,1,5,5% Discount,8,Q3,32,2015
05-08-2015,25096462,0,0,0,0,0,0,0,0,0,0,0,0,0,0,0,0,0,0,0,0,0,0,1,1,1,10,10% Discount,8,Q3,32,2015
06-08-2015,20665881,0,525828,317743,2669228,948457,736070,1349387,0,0,830324,0,0,0,766894,601724,175975,380308,0,0,0,0,402026,0,0,0,0,No Offer,8,Q3,32,2015
07-08-2015,23223725,0,0,0,0,0,0,0,0,0,0,0,0,0,0,0,0,0,0,0,0,0,0,1,0,0,0,No Offer,8,Q3,32,2015
08-08-2015,24998539,0,0,0,0,0,0,0,0,0,0,0,0,0,0,0,0,0,0,0,0,0,0,1,0,0,0,No Offer,8,Q3,32,2015
09-08-2015,23529266,0,449299,205749,3178612,1256292,779322,1429006,0,0,948097,0,0,0,1211434,583651,172329,366450,0,0,0,0,305508,1,1,1,20,20% Discount,8,Q3,32,2015
10-08-2015,20538468,0,0,0,0,0,0,0,0,0,0,0,0,0,0,0,0,0,0,0,0,0,0,1,0,0,0,No Offer,8,Q3,33,2015
11-08-2015,24113921,0,0,0,0,0,0,0,0,0,0,0,0,0,0,0,0,0,0,0,0,0,0,1,0,0,0,No Offer,8,Q3,33,2015
12-08-2015,21789753,0,0,0,0,0,0,0,0,0,0,0,0,0,0,0,0,0,0,0,0,0,0,1,1,1,5,5% Discount,8,Q3,33,2015
13-08-2015,25088035,0,0,0,0,0,0,0,0,0,0,0,0,0,0,0,0,0,0,0,0,0,0,0,1,1,10,10% Discount,8,Q3,33,2015
14-08-2015,24580784,0,1387599,548831,0,1580582,1314544,1491648,0,0,1343572,0,0,4786274,1792769,744484,271215,709876,0,0,0,0,0,1,0,1,15,15% Discount,8,Q3,33,2015
15-08-2015,21212141,0,0,0,0,0,0,0,0,0,0,0,0,0,0,0,0,0,0,0,0,0,0,0,1,0,0,No Offer,8,Q3,33,2015
16-08-2015,17936700,0,860926,290556,0,1432968,966818,1660086,0,0,859326,0,0,3464765,1293627,796675,352987,580712,0,0,0,0,0,0,0,0,0,No Offer,8,Q3,33,2015
17-08-2015,24561268,0,0,0,0,0,0,0,0,0,0,0,0,0,0,0,0,0,0,0,0,0,0,1,0,1,20,20% Discount,8,Q3,34,2015
18-08-2015,21470667,0,342130,166667,0,1124048,682208,998907,0,0,529564,0,0,2449198,845307,546456,133642,382670,0,0,0,0,0,0,0,0,0,No Offer,8,Q3,34,2015
19-08-2015,20930357,0,0,0,0,0,0,0,0,0,0,0,0,0,0,0,0,0,0,0,0,0,0,0,1,0,0,No Offer,8,Q3,34,2015
20-08-2015,21189824,0,0,0,0,0,0,0,0,0,0,0,0,0,0,0,0,0,0,0,0,0,0,0,0,1,15,15% Discount,8,Q3,34,2015
21-08-2015,24087319,0,0,0,0,0,0,0,0,0,0,0,0,0,0,0,0,0,0,0,0,0,0,1,0,1,10,10% Discount,8,Q3,34,2015
22-08-2015,20755784,0,0,0,0,0,0,0,0,0,0,0,0,0,0,0,0,0,0,0,0,0,0,0,1,0,0,No Offer,8,Q3,34,2015
23-08-2015,24007614,0,574132,215864,2170007,1042546,788145,1160137,0,0,1242800,0,0,2734733,875524,459703,138501,392757,0,146244,0,0,0,1,1,0,0,No Offer,8,Q3,34,2015
24-08-2015,25002899,0,0,0,0,0,0,0,0,0,0,0,0,0,0,0,0,0,0,0,0,0,0,1,1,1,15,15% Discount,8,Q3,35,2015
25-08-2015,23417252,0,0,0,0,0,0,0,0,0,0,0,0,0,0,0,0,0,0,0,0,0,0,1,1,0,0,No Offer,8,Q3,35,2015
26-08-2015,20199949,0,0,0,0,0,0,0,0,0,0,0,0,0,0,0,0,0,0,0,0,0,0,0,0,1,10,10% Discount,8,Q3,35,2015
27-08-2015,23502929,0,433309,396422,1133134,861364,451341,791301,0,0,360337,0,5532875,1717013,712932,404803,137735,248386,0,0,0,0,0,1,1,1,15,15% Discount,8,Q3,35,2015
28-08-2015,25183777,0,790315,244620,2457866,902155,639255,751628,0,0,864270,0,4327103,1720337,768443,215230,165315,470423,0,0,0,0,0,1,1,1,5,5% Discount,8,Q3,35,2015
29-08-2015,18018382,0,540455,329726,1118940,1006528,450844,770137,0,0,663123,0,3221647,1892553,609820,331650,112872,239149,0,0,0,0,0,0,0,0,0,No Offer,8,Q3,35,2015
30-08-2015,24139972,0,448712,247684,1417555,901865,575842,836521,0,0,640467,0,4674548,2150276,1131739,518756,178802,236540,0,0,0,0,0,0,1,1,20,20% Discount,8,Q3,35,2015
31-08-2015,24851207,0,0,0,0,0,0,0,0,0,0,0,0,0,0,0,0,0,0,0,0,0,0,1,0,1,10,10% Discount,8,Q3,36,2015
01-09-2015,19680461,0,0,0,0,0,0,0,0,0,0,0,0,0,0,0,0,0,0,0,0,0,0,0,0,1,10,10% Discount,9,Q3,36,2015
02-09-2015,21580940,0,616526,231172,1838492,944879,696075,1011159,0,0,673638,0,3362720,2956257,1142959,426217,219994,292216,0,0,0,0,0,0,0,1,5,5% Discount,9,Q3,36,2015
03-09-2015,24669701,0,0,300767,0,2429172,1411832,1875650,0,0,1978078,0,0,3328471,1937550,931746,301234,874623,0,271824,0,0,0,1,0,1,15,15% Discount,9,Q3,36,2015
04-09-2015,21131787,0,0,0,0,0,0,0,0,0,0,0,0,0,0,0,0,0,0,0,0,0,0,1,0,0,0,No Offer,9,Q3,36,2015
05-09-2015,25158475,0,0,0,0,0,0,0,0,0,0,0,0,0,0,0,0,0,0,0,0,0,0,1,0,0,0,No Offer,9,Q3,36,2015
06-09-2015,23334798,0,0,0,0,0,0,0,0,0,0,0,0,0,0,0,0,0,0,0,0,0,0,1,0,1,5,5% Discount,9,Q3,36,2015
07-09-2015,26219087,0,0,0,0,0,0,0,0,0,0,0,0,0,0,0,0,0,0,0,0,0,0,1,1,1,15,15% Discount,9,Q3,37,2015
08-09-2015,21392781,0,0,449853,0,1298913,1125623,1322250,0,0,1412751,0,0,3265440,1131601,886976,167445,384957,0,167037,0,0,0,0,0,1,15,15% Discount,9,Q3,37,2015
09-09-2015,21100734,0,0,240863,0,1357603,1025222,871361,0,0,805661,0,0,3708703,1129340,429128,229656,295243,0,152067,0,0,0,0,0,0,0,No Offer,9,Q3,37,2015
10-09-2015,20079791,0,0,0,0,0,0,0,0,0,0,0,0,0,0,0,0,0,0,0,0,0,0,0,0,1,5,5% Discount,9,Q3,37,2015
11-09-2015,25348209,5503825,0,0,0,854894,741602,590459,0,0,617697,0,2382256,0,601553,325720,116830,264179,0,81988,0,0,0,0,1,1,15,15% Discount,9,Q3,37,2015
12-09-2015,27156499,5728457,0,0,0,601906,599146,560569,0,0,673380,0,4385687,0,407717,247425,95942,223881,0,119737,0,0,0,1,1,1,15,15% Discount,9,Q3,37,2015
13-09-2015,27947872,0,0,0,0,0,0,0,0,0,0,0,0,0,0,0,0,0,0,0,0,0,0,1,1,1,10,10% Discount,9,Q3,37,2015
14-09-2015,18798767,8809892,0,0,0,752875,554169,519545,0,0,635288,0,1961533,0,493104,270596,83453,202323,0,114013,0,0,0,0,0,0,0,No Offer,9,Q3,38,2015
15-09-2015,21245110,0,0,0,0,0,0,0,0,0,0,0,0,0,0,0,0,0,0,0,0,0,0,1,0,0,0,No Offer,9,Q3,38,2015
16-09-2015,22086115,0,0,0,0,0,0,0,0,0,0,0,0,0,0,0,0,0,0,0,0,0,0,1,0,0,0,No Offer,9,Q3,38,2015
17-09-2015,22200558,0,0,0,0,0,0,0,0,0,0,0,0,0,0,0,0,0,0,0,0,0,0,1,0,0,0,No Offer,9,Q3,38,2015
18-09-2015,22055061,0,0,0,0,0,0,0,0,0,0,0,0,0,0,0,0,0,0,0,0,0,0,0,1,1,5,5% Discount,9,Q3,38,2015
19-09-2015,24162448,0,0,0,0,0,0,0,0,0,0,0,0,0,0,0,0,0,0,0,0,0,0,0,0,1,5,5% Discount,9,Q3,38,2015
20-09-2015,25330140,4193110,0,0,0,517799,444900,556671,0,0,414221,0,1427562,0,449735,210957,81791,174960,0,0,0,0,0,0,1,1,5,5% Discount,9,Q3,38,2015
21-09-2015,20430024,5417746,0,0,0,1087941,820255,669788,0,0,704438,0,1870943,0,1172912,487724,154553,285144,0,0,0,0,0,0,0,0,0,No Offer,9,Q3,39,2015
22-09-2015,24886884,3032378,0,0,0,295907,168931,274745,0,0,169167,0,1774996,0,281340,104100,50759,109716,0,0,0,0,0,1,1,0,0,No Offer,9,Q3,39,2015
23-09-2015,20581512,4878458,0,0,0,869306,541564,714470,0,0,424633,0,3431365,0,547523,227690,103274,98475,0,0,0,0,0,0,0,1,5,5% Discount,9,Q3,39,2015
24-09-2015,18812443,6727931,412336,111130,0,961088,451218,457592,0,0,454752,0,2080729,0,717304,356973,85288,224356,0,0,0,0,0,0,0,0,0,No Offer,9,Q3,39,2015
25-09-2015,27866462,0,0,0,0,0,0,0,0,0,0,0,0,0,0,0,0,0,0,0,0,0,0,1,1,1,20,20% Discount,9,Q3,39,2015
26-09-2015,24473623,4974868,195225,119048,0,571459,404976,543896,0,0,759586,0,3127586,0,503265,306383,84983,267728,0,0,0,0,0,1,0,1,5,5% Discount,9,Q3,39,2015
27-09-2015,23390239,5136972,237030,139421,0,502334,355747,371966,0,0,627254,0,1413600,0,438460,190772,52559,150168,0,0,0,0,0,0,1,0,0,No Offer,9,Q3,39,2015
28-09-2015,28838196,6094719,286930,226418,0,745165,596117,479398,0,0,347813,0,2407183,0,666512,259936,130587,284877,0,0,0,0,0,1,1,1,15,15% Discount,9,Q3,40,2015
29-09-2015,19000038,5067113,192249,304291,0,653555,391306,685146,0,0,549834,0,2388136,0,685013,324837,95207,189077,0,0,0,0,0,0,0,1,5,5% Discount,9,Q3,40,2015
30-09-2015,21322223,0,0,0,0,0,0,0,0,0,0,0,0,0,0,0,0,0,0,0,0,0,0,0,1,0,0,No Offer,9,Q3,40,2015
01-10-2015,21851805,0,0,277229,1277848,1401662,1144780,920158,0,0,961173,0,6208929,0,953611,568200,150298,509622,0,0,0,0,583519,1,0,0,0,No Offer,10,Q4,40,2015
02-10-2015,29915167,0,0,194000,1574860,1056386,410272,476040,0,0,410646,0,4555594,0,569672,324557,87099,339431,0,0,0,0,522461,1,1,1,10,10% Discount,10,Q4,40,2015
03-10-2015,22541544,0,0,320268,1138335,878317,977677,710334,0,0,939551,0,2143028,0,827830,371923,138893,329837,0,0,0,0,557573,0,1,0,0,No Offer,10,Q4,40,2015
04-10-2015,23050855,0,0,0,0,0,0,0,0,0,0,0,0,0,0,0,0,0,0,0,0,0,0,0,1,0,0,No Offer,10,Q4,40,2015
05-10-2015,24665766,0,0,222525,1750594,1066589,891891,1063632,0,0,888611,0,4388355,0,1051677,496696,184142,350117,0,0,0,0,550288,1,0,0,0,No Offer,10,Q4,41,2015
06-10-2015,27957665,0,0,0,0,0,0,0,0,0,0,0,0,0,0,0,0,0,0,0,0,0,0,1,0,0,0,No Offer,10,Q4,41,2015
07-10-2015,21756187,0,0,503555,1040210,1558508,771181,970744,0,0,1180031,0,4701274,0,1099147,683629,185458,401076,0,0,0,0,332197,0,0,0,0,No Offer,10,Q4,41,2015
08-10-2015,26477806,0,0,0,0,0,0,0,0,0,0,0,0,0,0,0,0,0,0,0,0,0,0,1,0,1,15,15% Discount,10,Q4,41,2015
09-10-2015,21407652,2469337,222015,192765,620642,713516,455658,631954,0,0,401331,183912,2017127,893640,327046,327873,82855,259682,0,0,0,0,252003,0,1,0,0,No Offer,10,Q4,41,2015
10-10-2015,25157260,0,0,0,0,0,0,0,0,0,0,0,0,0,0,0,0,0,0,0,0,0,0,0,1,0,0,No Offer,10,Q4,41,2015
11-10-2015,23730873,0,0,0,0,0,0,0,0,0,0,0,0,0,0,0,0,0,0,0,0,0,0,1,0,0,0,No Offer,10,Q4,41,2015
12-10-2015,28491491,4092890,309912,110536,1347625,604253,374091,494506,0,0,605679,173243,2586965,892836,659210,331892,96024,242490,0,0,0,0,117450,1,1,0,0,No Offer,10,Q4,42,2015
13-10-2015,27637213,0,0,0,0,0,0,0,0,0,0,0,0,0,0,0,0,0,0,0,0,0,0,1,1,0,0,No Offer,10,Q4,42,2015
14-10-2015,23334232,0,0,0,0,0,0,0,0,0,0,0,0,0,0,0,0,0,0,0,0,0,0,0,0,1,15,15% Discount,10,Q4,42,2015
15-10-2015,19641588,4990865,0,147284,888764,598366,406629,486782,0,0,456482,157149,2220710,884716,504906,292385,96326,148165,0,0,0,0,0,0,0,0,0,No Offer,10,Q4,42,2015
16-10-2015,23527834,0,0,0,0,0,0,0,0,0,0,0,0,0,0,0,0,0,0,0,0,0,0,0,1,0,0,No Offer,10,Q4,42,2015
17-10-2015,23123673,0,0,0,0,0,0,0,0,0,0,0,0,0,0,0,0,0,0,0,0,0,0,1,0,0,0,No Offer,10,Q4,42,2015
18-10-2015,27034331,4652046,0,217161,1028707,645470,569165,672163,0,0,407243,366439,3974431,1045343,566344,295674,130340,326546,0,0,0,0,0,1,1,1,5,5% Discount,10,Q4,42,2015
19-10-2015,22791772,3014540,0,84714,499017,336055,304437,377605,0,0,433223,81641,1742980,1151003,222680,165755,46461,163103,0,0,0,0,0,0,0,0,0,No Offer,10,Q4,43,2015
20-10-2015,20862421,4660850,0,186888,587110,931401,569936,485953,0,0,441966,147955,2920105,1168688,788699,375977,99173,255594,0,0,0,0,0,0,0,1,10,10% Discount,10,Q4,43,2015
21-10-2015,24402285,0,0,0,0,0,0,0,0,0,0,0,0,0,0,0,0,0,0,0,0,0,0,1,0,0,0,No Offer,10,Q4,43,2015
22-10-2015,25118667,4674516,0,0,578835,379069,220064,335764,0,0,370955,106385,1312645,549540,245426,165993,43108,123828,0,0,0,0,135012,1,0,0,0,No Offer,10,Q4,43,2015
23-10-2015,25191592,0,0,0,0,0,0,0,0,0,0,0,0,0,0,0,0,0,0,0,0,0,0,1,0,0,0,No Offer,10,Q4,43,2015
24-10-2015,25734943,4370519,0,0,799434,550865,259549,416874,0,0,331153,117429,2327713,1245563,509938,184024,73641,241652,0,0,0,0,159784,1,1,1,10,10% Discount,10,Q4,43,2015
25-10-2015,27672270,8443955,0,0,1258752,491256,373657,528840,0,0,307574,142757,3818805,1099313,443617,286510,62018,201013,0,0,0,0,163029,1,1,1,5,5% Discount,10,Q4,43,2015
26-10-2015,28945790,4751350,0,0,2133294,590428,406247,508207,0,0,228602,218352,2541282,1391328,399403,204941,68017,158650,0,0,0,0,303449,1,1,1,5,5% Discount,10,Q4,44,2015
27-10-2015,21904542,4024931,0,0,501161,643881,601306,559770,0,0,636359,182460,3067241,1572366,919272,349268,122201,226615,0,0,0,0,306827,0,0,0,0,No Offer,10,Q4,44,2015
28-10-2015,23021376,5679449,0,0,573842,378880,305171,292507,0,0,366532,112952,1213145,675365,341669,227026,56073,157863,0,0,0,0,129213,0,1,0,0,No Offer,10,Q4,44,2015
29-10-2015,27742818,8982321,0,0,1207942,815215,363882,610115,0,0,811762,142808,0,1071356,540548,343256,80602,292401,0,0,0,0,368487,1,0,1,10,10% Discount,10,Q4,44,2015
30-10-2015,24888444,0,0,0,0,0,0,0,0,0,0,0,0,0,0,0,0,0,0,0,0,0,0,1,0,1,10,10% Discount,10,Q4,44,2015
31-10-2015,21061902,5433343,0,0,1088581,637092,433310,554351,0,0,379194,157091,0,894154,548902,334061,87254,174980,0,0,0,0,293216,0,1,0,0,No Offer,10,Q4,44,2015
01-11-2015,23511926,3182587,0,0,554412,576348,292835,448372,0,0,696007,277053,0,3312375,378735,271586,83017,217735,0,0,0,0,131963,0,1,0,0,No Offer,11,Q4,44,2015
02-11-2015,29714149,6934067,0,0,1056776,444898,214287,319521,0,0,495691,103166,0,952897,307983,235782,58860,161617,0,0,0,0,220084,1,1,1,10,10% Discount,11,Q4,45,2015
03-11-2015,25287864,5735003,0,0,1513132,655100,422106,403319,0,0,364723,295482,0,1050136,546126,296665,69619,259948,0,0,0,0,163774,0,1,0,0,No Offer,11,Q4,45,2015
04-11-2015,24564614,6595598,0,0,890439,644138,923196,785331,0,0,537330,186812,0,1805028,519046,251711,117174,268946,0,0,0,0,343731,0,1,0,0,No Offer,11,Q4,45,2015
05-11-2015,29124312,9709943,310408,0,0,647626,399228,510154,0,0,447196,190597,0,0,412979,236218,75580,189071,0,0,0,0,312657,1,1,1,5,5% Discount,11,Q4,45,2015
06-11-2015,30610113,8675272,262398,0,0,621171,531119,569238,0,0,686279,256076,0,0,748436,376464,101618,267008,0,0,0,0,222835,1,1,1,10,10% Discount,11,Q4,45,2015
07-11-2015,23330375,5646323,193029,0,0,913635,446569,470297,0,0,444099,165016,0,0,423704,337152,97695,186511,0,0,0,0,283400,0,0,1,10,10% Discount,11,Q4,45,2015
08-11-2015,23606725,6408855,292292,0,0,633089,477214,429769,0,0,518441,164240,0,0,409716,240485,84911,195890,0,0,0,0,164775,0,1,0,0,No Offer,11,Q4,45,2015
09-11-2015,28739945,0,0,0,0,0,0,0,0,0,0,0,0,0,0,0,0,0,0,0,0,0,0,1,1,0,0,No Offer,11,Q4,46,2015
10-11-2015,22093964,0,0,0,0,0,0,0,0,0,0,0,0,0,0,0,0,0,0,0,0,0,0,0,1,0,0,No Offer,11,Q4,46,2015
11-11-2015,30657673,8992782,659515,0,0,1156970,706322,682810,0,0,976763,218051,0,0,676861,425571,103060,349229,0,0,0,0,403291,1,1,1,15,15% Discount,11,Q4,46,2015
12-11-2015,28606243,11342080,415067,0,0,1252342,543151,612273,0,0,787823,305709,0,0,954000,353886,105626,269230,0,129034,0,0,285973,1,1,1,15,15% Discount,11,Q4,46,2015
13-11-2015,26346526,5626780,535402,0,0,820802,744250,889890,0,0,936797,301419,0,0,825554,411738,109791,326899,0,100992,0,0,513812,1,0,0,0,No Offer,11,Q4,46,2015
14-11-2015,23809451,5187943,572636,0,0,747034,501835,804378,0,0,740164,294185,0,0,882683,308753,107889,222131,0,137838,0,0,225265,0,0,1,10,10% Discount,11,Q4,46,2015
15-11-2015,29915920,7304358,289102,0,0,876135,588061,545048,0,0,384926,156823,0,0,474357,219276,89297,232220,0,57748,0,0,154518,1,1,1,15,15% Discount,11,Q4,46,2015
16-11-2015,27366374,0,0,0,0,0,0,0,0,0,0,0,0,0,0,0,0,0,0,0,0,0,0,0,1,1,5,5% Discount,11,Q4,47,2015
17-11-2015,24088511,0,0,0,0,0,0,0,0,0,0,0,0,0,0,0,0,0,0,0,0,0,0,0,1,1,10,10% Discount,11,Q4,47,2015
18-11-2015,22365923,6295551,721021,0,0,1194957,898625,846054,0,0,1034718,277220,0,0,914004,491117,209304,357815,0,220073,0,0,664844,0,0,0,0,No Offer,11,Q4,47,2015
19-11-2015,21843962,5498871,505089,0,0,416456,379006,468233,0,0,374344,144265,1870734,0,347596,256324,53621,132568,0,81448,0,0,160218,0,0,0,0,No Offer,11,Q4,47,2015
20-11-2015,23702374,0,0,0,0,0,0,0,0,0,0,0,0,0,0,0,0,0,0,0,0,0,0,0,0,1,5,5% Discount,11,Q4,47,2015
21-11-2015,27602111,0,0,0,0,0,0,0,0,0,0,0,0,0,0,0,0,0,0,0,0,0,0,1,0,0,0,No Offer,11,Q4,47,2015
22-11-2015,21288268,3562631,706635,0,0,682306,514742,669192,0,0,549621,263746,1331707,0,941503,282366,104456,268253,0,153167,0,0,316235,0,0,0,0,No Offer,11,Q4,47,2015
23-11-2015,24803860,0,0,0,0,0,0,0,0,0,0,0,0,0,0,0,0,0,0,0,0,0,0,1,1,0,0,No Offer,11,Q4,48,2015
24-11-2015,25429114,0,0,0,0,0,0,0,0,0,0,0,0,0,0,0,0,0,0,0,0,0,0,1,1,0,0,No Offer,11,Q4,48,2015
25-11-2015,23532800,0,0,0,0,0,0,0,0,0,0,0,0,0,0,0,0,0,0,0,0,0,0,0,1,0,0,No Offer,11,Q4,48,2015
26-11-2015,26836323,0,0,0,0,0,0,0,0,0,0,0,0,0,0,0,0,0,0,0,0,0,0,1,1,0,0,No Offer,11,Q4,48,2015
27-11-2015,22255446,4404877,130120,0,0,642923,295675,384758,0,0,371953,180373,0,0,310444,202503,75643,171249,0,116521,0,0,111793,0,0,0,0,No Offer,11,Q4,48,2015
28-11-2015,27436830,0,0,0,0,0,0,0,0,0,0,0,0,0,0,0,0,0,0,0,0,0,0,1,0,0,0,No Offer,11,Q4,48,2015
29-11-2015,31697953,8000304,402098,0,0,318360,240741,326515,0,0,414928,146900,0,0,303746,149687,46639,136692,0,41107,0,0,150144,1,1,1,10,10% Discount,11,Q4,48,2015
30-11-2015,28836871,0,0,0,0,0,0,0,0,0,0,0,0,0,0,0,0,0,0,0,0,0,0,0,1,1,15,15% Discount,11,Q4,49,2015
01-12-2015,30195254,6776935,420888,0,0,695608,569261,555472,0,0,592061,244176,0,0,564744,366662,120773,239976,0,133689,0,0,273865,0,0,1,15,15% Discount,12,Q4,49,2015
02-12-2015,29740551,5117114,356319,0,0,763536,621982,536355,0,0,949604,410822,0,0,875021,376389,106963,337956,0,82134,0,0,378639,1,1,0,0,No Offer,12,Q4,49,2015
03-12-2015,29107929,0,0,0,0,0,0,0,0,0,0,0,0,0,0,0,0,0,0,0,0,0,0,1,0,1,5,5% Discount,12,Q4,49,2015
04-12-2015,28653476,7589697,0,0,0,900379,610422,707982,0,1091466,345963,185958,0,0,601328,293341,110470,283912,0,79277,0,0,0,0,1,1,10,10% Discount,12,Q4,49,2015
05-12-2015,26285270,8033942,0,0,0,604759,672601,650783,0,951786,617129,234276,0,0,524275,316109,98482,229777,0,78418,0,0,0,0,0,1,10,10% Discount,12,Q4,49,2015
06-12-2015,24954182,3640057,0,0,0,691297,333214,387346,0,1545874,296071,261918,0,0,587170,187612,81460,136370,0,87569,0,0,0,0,0,1,5,5% Discount,12,Q4,49,2015
07-12-2015,23799678,0,0,0,0,0,0,0,0,0,0,0,0,0,0,0,0,0,0,0,0,0,0,0,0,1,5,5% Discount,12,Q4,50,2015
08-12-2015,26237934,0,0,0,0,0,0,0,0,0,0,0,0,0,0,0,0,0,0,0,0,0,0,1,1,0,0,No Offer,12,Q4,50,2015
09-12-2015,26055943,0,0,0,0,0,0,0,0,0,0,0,0,0,0,0,0,0,0,0,0,0,0,1,0,0,0,No Offer,12,Q4,50,2015
10-12-2015,26186644,0,0,0,0,0,0,0,0,0,0,0,0,0,0,0,0,0,0,0,0,0,0,0,1,0,0,No Offer,12,Q4,50,2015
11-12-2015,25439704,4165882,344802,252104,0,530233,471399,514474,0,1787318,412890,120855,2087935,0,454689,239689,101539,164092,0,104840,0,0,0,0,1,0,0,No Offer,12,Q4,50,2015
12-12-2015,24662138,0,0,0,0,0,0,0,0,0,0,0,0,0,0,0,0,0,0,0,0,0,0,0,1,1,5,5% Discount,12,Q4,50,2015
13-12-2015,26012727,0,0,0,0,0,0,0,0,0,0,0,0,0,0,0,0,0,0,0,0,0,0,1,0,0,0,No Offer,12,Q4,50,2015
14-12-2015,24081225,0,0,0,0,0,0,0,0,0,0,0,0,0,0,0,0,0,0,0,0,0,0,0,0,1,5,5% Discount,12,Q4,51,2015
15-12-2015,26182121,4725065,499707,241327,0,716135,547216,694293,0,1323738,469712,332980,2514635,0,591988,221242,99458,208436,0,109676,0,0,0,1,0,0,0,No Offer,12,Q4,51,2015
16-12-2015,25125033,0,0,0,0,0,0,0,0,0,0,0,0,0,0,0,0,0,0,0,0,0,0,0,0,1,5,5% Discount,12,Q4,51,2015
17-12-2015,26421971,0,0,0,0,0,0,0,0,0,0,0,0,0,0,0,0,0,0,0,0,0,0,0,1,0,0,No Offer,12,Q4,51,2015
18-12-2015,28642705,6520611,0,0,0,680345,515542,520845,0,1054493,760671,282760,2570116,0,443300,288852,81774,257739,0,90242,0,0,0,1,1,1,5,5% Discount,12,Q4,51,2015
19-12-2015,26846343,7766438,0,0,0,606797,501187,455538,0,1036757,482879,234172,2375135,0,465436,229154,79699,162866,0,113194,0,0,0,0,1,0,0,No Offer,12,Q4,51,2015
20-12-2015,25072695,2778454,0,0,0,739422,451659,371057,0,896547,474305,131952,3379953,0,466452,234965,115012,197777,0,108229,0,0,0,0,0,0,0,No Offer,12,Q4,51,2015
21-12-2015,23932581,3746352,0,0,0,686028,372450,405464,0,1432528,458660,139080,1963944,0,463346,300591,73135,187464,0,86851,0,0,0,0,0,0,0,No Offer,12,Q4,52,2015
22-12-2015,27429386,0,0,0,0,0,0,0,0,0,0,0,0,0,0,0,0,0,0,0,0,0,0,0,1,1,5,5% Discount,12,Q4,52,2015
23-12-2015,30087407,4983220,0,0,0,953630,430284,518896,0,1142379,525459,243238,2614285,0,845882,350851,121012,356245,0,100965,0,0,0,1,1,0,0,No Offer,12,Q4,52,2015
24-12-2015,29726828,0,0,0,0,0,0,0,0,0,0,0,0,0,0,0,0,0,0,0,0,0,0,1,1,1,15,15% Discount,12,Q4,52,2015
25-12-2015,24979093,6892475,0,0,0,866268,840253,690429,0,883656,741988,271085,0,0,843573,348279,119245,400426,0,0,0,0,387305,0,0,0,0,No Offer,12,Q4,52,2015
26-12-2015,27072563,0,0,0,0,0,0,0,0,0,0,0,0,0,0,0,0,0,0,0,0,0,0,1,0,1,10,10% Discount,12,Q4,52,2015
27-12-2015,27025587,0,0,0,0,0,0,0,0,0,0,0,0,0,0,0,0,0,0,0,0,0,0,0,0,1,25,Buy3Get1,12,Q4,52,2015
28-12-2015,25679694,0,0,0,0,0,0,0,0,0,0,0,0,0,0,0,0,0,0,0,0,0,0,0,1,0,0,No Offer,12,Q4,53,2015
29-12-2015,23887808,0,0,0,0,0,0,0,0,0,0,0,0,0,0,0,0,0,0,0,0,0,0,0,1,1,10,10% Discount,12,Q4,53,2015
30-12-2015,26604428,3718168,0,0,0,702852,503910,687005,0,1868187,443770,190128,0,0,662375,269574,144169,177032,0,0,0,0,202062,0,0,1,15,15% Discount,12,Q4,53,2015
31-12-2015,31226881,0,0,0,0,0,0,0,0,0,0,0,0,0,0,0,0,0,0,0,0,0,0,1,0,1,15,15% Discount,12,Q4,53,2015
01-01-2016,16843418,0,0,0,0,0,0,0,0,0,0,0,0,0,0,0,0,0,0,0,0,0,0,0,1,0,0,No Offer,1,Q1,53,2016
02-01-2016,24086240,10417437,0,289982,0,526377,645739,529373,0,758452,0,212486,0,0,627166,316497,92892,253994,0,127300,0,0,388530,1,1,1,10,10% Discount,1,Q1,53,2016
03-01-2016,17909706,0,0,0,0,0,0,0,0,0,0,0,0,0,0,0,0,0,0,0,0,0,0,0,1,0,0,No Offer,1,Q1,53,2016
04-01-2016,17525667,7199788,0,302645,0,939308,597187,910885,0,1443280,0,257389,0,0,781839,386083,147112,339133,0,146781,0,0,542309,0,0,0,0,No Offer,1,Q1,1,2016
05-01-2016,20246060,11470095,0,149202,0,795153,666777,957538,0,1482775,0,357783,0,0,872534,472962,144094,477686,0,129719,0,0,527997,1,0,1,10,10% Discount,1,Q1,1,2016
06-01-2016,19342900,0,0,0,0,0,0,0,0,0,0,0,0,0,0,0,0,0,0,0,0,0,0,0,1,0,0,No Offer,1,Q1,1,2016
07-01-2016,24902873,5314731,0,273525,1289585,1061766,848105,661602,0,2684976,0,255182,0,0,903364,389019,128389,382632,0,0,0,0,348608,1,1,1,15,15% Discount,1,Q1,1,2016
08-01-2016,22632774,0,0,0,0,0,0,0,0,0,0,0,0,0,0,0,0,0,0,0,0,0,0,1,1,1,5,5% Discount,1,Q1,1,2016
09-01-2016,21784351,0,0,0,0,0,0,0,0,0,0,0,0,0,0,0,0,0,0,0,0,0,0,1,1,1,5,5% Discount,1,Q1,1,2016
10-01-2016,18174733,4880104,0,303064,1060931,916730,480539,647825,0,1820385,0,178783,0,0,537568,305700,87077,177162,0,0,0,0,236077,0,1,0,0,No Offer,1,Q1,1,2016
11-01-2016,20123961,0,0,0,0,0,0,0,0,0,0,0,0,0,0,0,0,0,0,0,0,0,0,0,1,1,10,10% Discount,1,Q1,2,2016
12-01-2016,20170191,0,0,0,0,0,0,0,0,0,0,0,0,0,0,0,0,0,0,0,0,0,0,1,0,0,0,No Offer,1,Q1,2,2016
13-01-2016,20212503,4408168,0,300961,1538283,756613,527322,536924,0,1453341,0,345551,0,0,516060,320050,116833,241783,0,0,0,0,172602,1,0,0,0,No Offer,1,Q1,2,2016
14-01-2016,19336323,0,0,0,0,0,0,0,0,0,0,0,0,0,0,0,0,0,0,0,0,0,0,0,1,0,0,No Offer,1,Q1,2,2016
15-01-2016,18661676,7364191,472367,431527,1363903,743611,666640,644749,0,2012522,0,296863,0,0,980136,449592,186668,346719,0,0,0,0,400101,0,1,1,10,10% Discount,1,Q1,2,2016
16-01-2016,18696255,3573284,356565,219685,759126,769007,433401,560976,0,1204926,0,246524,0,0,638092,323545,114373,326167,0,0,0,0,520016,0,1,0,0,No Offer,1,Q1,2,2016
17-01-2016,17345552,0,0,0,0,0,0,0,0,0,0,0,0,0,0,0,0,0,0,0,0,0,0,0,0,1,5,5% Discount,1,Q1,2,2016
18-01-2016,19473633,0,0,0,0,0,0,0,0,0,0,0,0,0,0,0,0,0,0,0,0,0,0,0,1,0,0,No Offer,1,Q1,3,2016
19-01-2016,17869111,0,0,0,0,0,0,0,0,0,0,0,0,0,0,0,0,0,0,0,0,0,0,0,1,0,0,No Offer,1,Q1,3,2016
20-01-2016,24995275,0,0,0,0,0,0,0,0,0,0,0,0,0,0,0,0,0,0,0,0,0,0,1,1,1,20,20% Discount,1,Q1,3,2016
21-01-2016,20625874,0,0,0,0,0,0,0,0,0,0,0,0,0,0,0,0,0,0,0,0,0,0,1,1,0,0,No Offer,1,Q1,3,2016
22-01-2016,17238675,0,0,0,0,0,0,0,0,0,0,0,0,0,0,0,0,0,0,0,0,0,0,1,0,0,0,No Offer,1,Q1,3,2016
23-01-2016,20516922,0,0,0,0,0,0,0,0,0,0,0,0,0,0,0,0,0,0,0,0,0,0,1,0,0,0,No Offer,1,Q1,3,2016
24-01-2016,22633203,0,0,0,0,0,0,0,0,0,0,0,0,0,0,0,0,0,0,0,0,0,0,1,1,1,10,10% Discount,1,Q1,3,2016
25-01-2016,24405865,0,0,0,0,0,0,0,0,0,0,0,0,0,0,0,0,0,0,0,0,0,0,1,1,1,10,10% Discount,1,Q1,4,2016
26-01-2016,18120987,6433882,407509,0,0,633316,628479,730577,0,1976196,0,216479,4106111,0,613626,376715,135880,261955,0,0,16477,0,169185,0,0,1,20,20% Discount,1,Q1,4,2016
27-01-2016,19891934,4791636,176449,0,0,381465,349573,368935,0,901676,0,149749,3536578,0,497750,242795,81303,163998,0,0,15006,0,196611,0,1,1,10,10% Discount,1,Q1,4,2016
28-01-2016,20561247,0,0,0,0,0,0,0,0,0,0,0,0,0,0,0,0,0,0,0,0,0,0,0,0,1,25,Buy3Get1,1,Q1,4,2016
29-01-2016,23048634,6365874,0,0,0,756911,722642,681586,0,1785821,0,212388,0,1126232,539227,182864,133178,221455,0,0,58424,0,250899,1,1,1,10,10% Discount,1,Q1,4,2016
30-01-2016,17901224,5047639,0,0,0,545157,509042,526910,0,1124886,0,176048,0,563520,494157,274754,78975,233888,0,0,23481,0,115156,1,0,0,0,No Offer,1,Q1,4,2016
31-01-2016,21691466,7263003,0,0,0,1063403,551790,620107,0,1999400,0,192019,0,1436119,630289,321749,87531,306336,0,0,25095,0,263174,1,1,0,0,No Offer,1,Q1,4,2016
01-02-2016,24181526,4499076,0,0,0,709483,423800,531877,0,1533249,0,254817,0,1229419,546784,214685,96950,199196,0,0,33081,0,354585,1,1,0,0,No Offer,2,Q1,5,2016
02-02-2016,21487158,5045395,0,0,0,490309,250953,375876,0,659472,0,84104,0,1060123,328183,184670,41697,188577,0,0,22825,0,190285,1,0,1,5,5% Discount,2,Q1,5,2016
03-02-2016,20203071,6085165,0,0,0,691581,591336,557993,0,865979,0,104922,0,2577355,659627,299343,103670,272230,0,0,24950,0,518546,0,0,1,15,15% Discount,2,Q1,5,2016
04-02-2016,19907426,0,0,0,0,1759790,976854,1309874,0,2354984,0,362841,0,2175927,1459489,523400,192402,414242,0,0,0,0,361429,1,0,1,10,10% Discount,2,Q1,5,2016
05-02-2016,21461763,0,0,0,0,1232244,708090,829963,0,5003057,0,438525,0,1553060,887036,705381,177856,544297,0,0,0,0,454567,1,0,1,15,15% Discount,2,Q1,5,2016
06-02-2016,20746240,0,0,0,0,1276154,1074762,1502724,0,2965476,0,516512,0,4147526,1429993,585388,264168,357395,0,0,0,0,506459,0,0,1,20,20% Discount,2,Q1,5,2016
07-02-2016,17376453,0,0,0,0,1274995,787368,1116967,0,2182720,0,317750,0,1503239,1072388,600544,151504,308204,0,0,0,0,545233,0,0,0,0,No Offer,2,Q1,5,2016
08-02-2016,20578589,0,0,0,0,1072883,949061,1071075,0,2657211,0,225394,0,1336445,871374,518019,223130,375080,0,0,0,0,442475,0,1,0,0,No Offer,2,Q1,6,2016
09-02-2016,25098098,0,0,0,0,0,0,0,0,0,0,0,0,0,0,0,0,0,0,0,0,0,0,1,1,1,15,15% Discount,2,Q1,6,2016
10-02-2016,25224345,0,0,0,0,0,0,0,0,0,0,0,0,0,0,0,0,0,0,0,0,0,0,1,1,0,0,No Offer,2,Q1,6,2016
11-02-2016,18250544,4329578,269254,0,0,832562,463942,413716,0,1729700,0,319620,2049705,1200156,673518,195931,85721,238683,0,99562,0,0,260416,0,1,0,0,No Offer,2,Q1,6,2016
12-02-2016,19432588,0,0,0,0,0,0,0,0,0,0,0,0,0,0,0,0,0,0,0,0,0,0,0,0,1,10,10% Discount,2,Q1,6,2016
13-02-2016,16468749,3999087,337173,0,0,723875,408033,437643,0,1062909,0,126844,2086622,1106229,588525,279115,89326,230766,0,123891,0,0,312105,0,0,0,0,No Offer,2,Q1,6,2016
14-02-2016,17434532,5770621,180987,0,0,544506,370965,357838,0,910427,0,125850,3671407,936088,350591,193350,55733,261982,0,81619,0,0,163753,1,0,0,0,No Offer,2,Q1,6,2016
15-02-2016,25391773,7096861,283669,0,0,736904,700071,716708,0,915876,0,152811,2415180,1158168,634083,290769,101005,316770,0,108664,0,0,193801,1,1,1,15,15% Discount,2,Q1,7,2016
16-02-2016,20721359,0,0,0,0,0,0,0,0,0,0,0,0,0,0,0,0,0,0,0,0,0,0,1,0,0,0,No Offer,2,Q1,7,2016
17-02-2016,20619659,4429585,332675,0,0,458416,493109,381520,0,1004348,0,111961,1622522,898180,296283,169198,46139,189074,0,51770,0,0,162253,1,1,0,0,No Offer,2,Q1,7,2016
18-02-2016,19516036,0,0,0,0,0,0,0,0,0,0,0,0,0,0,0,0,0,0,0,0,0,0,0,1,0,0,No Offer,2,Q1,7,2016
19-02-2016,22591865,4465540,213605,0,0,644312,363522,691974,0,1408395,0,256353,4279621,926576,511091,339029,88942,298309,0,98116,0,0,188352,1,1,1,10,10% Discount,2,Q1,7,2016
20-02-2016,17441330,5137299,155968,0,0,479217,250966,225811,0,591358,0,89406,961900,549512,309603,153890,55495,108826,0,38396,0,0,94933,0,0,0,0,No Offer,2,Q1,7,2016
21-02-2016,17630965,5538013,245752,0,0,431110,373855,317726,0,838360,0,175639,1149448,1167140,281641,163276,56158,147734,0,76666,0,0,118335,0,0,0,0,No Offer,2,Q1,7,2016
22-02-2016,20576978,3252316,320874,0,0,379046,208356,275947,0,617095,0,119487,2309698,457652,324342,147101,54571,115617,0,43991,0,0,201253,1,1,0,0,No Offer,2,Q1,8,2016
23-02-2016,19272381,0,0,0,0,0,0,0,0,0,0,0,0,0,0,0,0,0,0,0,0,0,0,1,0,0,0,No Offer,2,Q1,8,2016
24-02-2016,20108668,0,0,0,0,0,0,0,0,0,0,0,0,0,0,0,0,0,0,0,0,0,0,0,1,1,10,10% Discount,2,Q1,8,2016
25-02-2016,19916464,0,0,0,0,0,0,0,0,0,0,0,0,0,0,0,0,0,0,0,0,0,0,0,1,0,0,No Offer,2,Q1,8,2016
26-02-2016,16792123,0,0,0,0,0,0,0,0,0,0,0,0,0,0,0,0,0,0,0,0,0,0,0,0,1,15,15% Discount,2,Q1,8,2016
27-02-2016,19162839,0,0,0,0,0,0,0,0,0,0,0,0,0,0,0,0,0,0,0,0,0,0,0,1,0,0,No Offer,2,Q1,8,2016
28-02-2016,18835092,0,0,0,0,0,0,0,0,0,0,0,0,0,0,0,0,0,0,0,0,0,0,1,0,0,0,No Offer,2,Q1,8,2016
29-02-2016,17532341,0,0,0,0,0,0,0,0,0,0,0,0,0,0,0,0,0,0,0,0,0,0,0,0,1,5,5% Discount,2,Q1,9,2016
01-03-2016,20546482,7363442,278047,0,0,426325,238608,210093,0,1040015,247910,97799,1274490,0,421759,211124,59936,177994,0,49639,32752,0,90793,1,0,0,0,No Offer,3,Q1,9,2016
02-03-2016,21199834,0,0,0,0,0,0,0,0,0,0,0,0,0,0,0,0,0,0,0,0,0,0,1,0,0,0,No Offer,3,Q1,9,2016
03-03-2016,20947577,4474930,238673,164877,0,718935,451234,518629,0,1447226,542816,126780,3447353,0,568694,248979,90918,170686,0,65237,23612,0,219464,1,0,0,0,No Offer,3,Q1,9,2016
04-03-2016,21457548,0,0,0,0,0,0,0,0,0,0,0,0,0,0,0,0,0,0,0,0,0,0,1,1,0,0,No Offer,3,Q1,9,2016
05-03-2016,22144645,0,0,0,0,0,0,0,0,0,0,0,0,0,0,0,0,0,0,0,0,0,0,1,0,0,0,No Offer,3,Q1,9,2016
06-03-2016,20078395,0,0,0,0,0,0,0,0,0,0,0,0,0,0,0,0,0,0,0,0,0,0,1,0,0,0,No Offer,3,Q1,9,2016
07-03-2016,19569809,6915783,412973,110018,0,799451,496705,517784,0,927383,608728,187316,917698,0,582490,291080,114875,209074,0,98380,68130,0,171633,0,0,1,10,10% Discount,3,Q1,10,2016
08-03-2016,26121831,4502796,399690,133153,0,356855,354231,369603,0,603715,433963,164582,2179014,0,547998,221788,80731,158405,0,64463,31619,0,188693,1,1,1,15,15% Discount,3,Q1,10,2016
09-03-2016,21643667,0,0,0,0,0,0,0,0,0,0,0,0,0,0,0,0,0,0,0,0,0,0,1,0,0,0,No Offer,3,Q1,10,2016
10-03-2016,22913503,0,0,0,0,0,0,0,0,0,0,0,0,0,0,0,0,0,0,0,0,0,0,1,0,1,15,15% Discount,3,Q1,10,2016
11-03-2016,16873573,0,0,0,0,0,0,0,0,0,0,0,0,0,0,0,0,0,0,0,0,0,0,0,1,0,0,No Offer,3,Q1,10,2016
12-03-2016,17959198,0,530644,0,0,749182,718549,635891,0,1074535,1070759,285266,2074965,0,940800,368046,126983,223845,0,85526,61345,0,240141,0,0,0,0,No Offer,3,Q1,10,2016
13-03-2016,25021349,0,0,0,0,0,0,0,0,0,0,0,0,0,0,0,0,0,0,0,0,0,0,1,1,1,10,10% Discount,3,Q1,10,2016
14-03-2016,26763347,0,721998,0,0,1160141,652820,814724,0,1189677,1358914,490925,3997270,0,1161382,405909,183544,614717,0,178954,85451,0,379634,1,1,1,15,15% Discount,3,Q1,11,2016
15-03-2016,21149274,0,0,0,0,0,0,0,0,0,0,0,0,0,0,0,0,0,0,0,0,0,0,1,0,0,0,No Offer,3,Q1,11,2016
16-03-2016,19904856,0,0,0,0,0,0,0,0,0,0,0,0,0,0,0,0,0,0,0,0,0,0,0,0,1,10,10% Discount,3,Q1,11,2016
17-03-2016,26114320,0,0,0,0,0,0,0,0,0,0,0,0,0,0,0,0,0,0,0,0,0,0,1,1,0,0,No Offer,3,Q1,11,2016
18-03-2016,20782735,0,0,0,0,0,0,0,0,0,0,0,0,0,0,0,0,0,0,0,0,0,0,1,0,0,0,No Offer,3,Q1,11,2016
19-03-2016,22041289,0,0,0,0,0,0,0,0,0,0,0,0,0,0,0,0,0,0,0,0,0,0,1,0,0,0,No Offer,3,Q1,11,2016
20-03-2016,18861025,0,691474,235424,0,1318590,1107160,620631,0,1316853,755155,273370,0,0,839067,410010,112588,480565,0,246025,0,0,367736,0,1,0,0,No Offer,3,Q1,11,2016
21-03-2016,19874318,0,0,0,0,0,0,0,0,0,0,0,0,0,0,0,0,0,0,0,0,0,0,0,0,1,15,15% Discount,3,Q1,12,2016
22-03-2016,22977547,0,0,0,0,0,0,0,0,0,0,0,0,0,0,0,0,0,0,0,0,0,0,1,0,1,5,5% Discount,3,Q1,12,2016
23-03-2016,22603334,0,1048083,420147,0,1316876,1254406,1276196,0,4425862,840039,488176,0,0,1284115,771691,212105,522758,0,384858,0,0,596478,1,0,0,0,No Offer,3,Q1,12,2016
24-03-2016,23334831,0,0,0,0,0,0,0,0,0,0,0,0,0,0,0,0,0,0,0,0,0,0,1,1,1,5,5% Discount,3,Q1,12,2016
25-03-2016,18915409,0,0,0,0,0,0,0,0,0,0,0,0,0,0,0,0,0,0,0,0,0,0,1,0,0,0,No Offer,3,Q1,12,2016
26-03-2016,21063786,0,0,0,0,0,0,0,0,0,0,0,0,0,0,0,0,0,0,0,0,0,0,1,0,0,0,No Offer,3,Q1,12,2016
27-03-2016,23243781,0,0,0,0,0,0,0,0,0,0,0,0,0,0,0,0,0,0,0,0,0,0,1,1,0,0,No Offer,3,Q1,12,2016
28-03-2016,22265209,0,1260581,333839,0,1509439,762150,1560162,0,3381432,1500761,281429,0,2058793,1218180,549722,238187,620717,0,192685,0,0,731300,1,0,1,5,5% Discount,3,Q1,13,2016
29-03-2016,19831154,0,518616,352499,0,1072716,641833,720407,0,1196848,765026,409236,0,1928245,919399,323729,150314,265210,0,114828,0,0,413604,0,0,1,10,10% Discount,3,Q1,13,2016
30-03-2016,22779752,0,0,0,0,0,0,0,0,0,0,0,0,0,0,0,0,0,0,0,0,0,0,1,1,0,0,No Offer,3,Q1,13,2016
31-03-2016,23715652,0,0,0,0,0,0,0,0,0,0,0,0,0,0,0,0,0,0,0,0,0,0,1,1,1,10,10% Discount,3,Q1,13,2016
01-04-2016,19474724,0,0,0,0,0,0,0,0,0,0,0,0,0,0,0,0,0,0,0,0,0,0,0,0,1,15,15% Discount,4,Q2,13,2016
02-04-2016,25445478,6306643,389799,161476,0,506616,352247,474435,0,866987,369740,198657,2570267,607136,359847,167856,62579,217805,0,0,0,0,103240,1,1,1,10,10% Discount,4,Q2,13,2016
03-04-2016,20994092,4698673,346122,118578,0,448770,372432,290071,0,1114273,736447,138629,1839232,1091604,390730,168882,59236,210714,0,0,0,0,150942,1,0,0,0,No Offer,4,Q2,13,2016
04-04-2016,22340157,9102995,139944,119387,0,689720,321959,372740,0,1043163,390646,142235,1783800,1192055,283754,238127,66280,146100,0,0,0,0,184270,1,0,1,10,10% Discount,4,Q2,14,2016
05-04-2016,19518338,0,0,0,0,0,0,0,0,0,0,0,0,0,0,0,0,0,0,0,0,0,0,0,1,0,0,No Offer,4,Q2,14,2016
06-04-2016,23197687,6693105,284108,64684,0,374024,159710,394742,0,1023464,199593,97588,726809,394301,288819,115347,64595,135554,0,0,0,0,144193,1,1,1,5,5% Discount,4,Q2,14,2016
07-04-2016,20329277,0,0,0,0,0,0,0,0,0,0,0,0,0,0,0,0,0,0,0,0,0,0,0,1,0,0,No Offer,4,Q2,14,2016
08-04-2016,26885374,7981040,317193,185976,0,543204,394753,401177,0,575712,208087,212609,2482803,1058339,301238,166948,88077,192938,0,0,0,0,262982,1,1,1,10,10% Discount,4,Q2,14,2016
09-04-2016,20931241,0,0,0,0,0,0,0,0,0,0,0,0,0,0,0,0,0,0,0,0,0,0,0,0,1,10,10% Discount,4,Q2,14,2016
10-04-2016,17904964,2933215,252403,169580,0,398910,360099,327229,0,1228451,251905,157861,999050,930554,342107,222794,84135,167733,0,0,0,0,271192,0,0,0,0,No Offer,4,Q2,14,2016
11-04-2016,20126455,3320982,254853,119435,0,658752,293933,354604,0,1248270,276546,171783,1070959,604000,371659,242660,70002,135992,0,0,0,0,210046,0,1,1,5,5% Discount,4,Q2,15,2016
12-04-2016,20671033,0,0,0,0,0,0,0,0,0,0,0,0,0,0,0,0,0,0,0,0,0,0,1,0,1,5,5% Discount,4,Q2,15,2016
13-04-2016,23187965,5189774,492610,202254,0,676011,341255,511421,0,1187394,438329,237350,3279780,782755,526401,273656,118548,316357,0,0,0,0,563565,1,1,1,5,5% Discount,4,Q2,15,2016
14-04-2016,20674845,3928072,0,163285,0,435503,260170,383129,0,1324513,350559,130204,1197471,1120659,315547,161581,56154,141336,0,0,0,0,119616,1,0,1,5,5% Discount,4,Q2,15,2016
15-04-2016,25073262,0,0,0,0,0,0,0,0,0,0,0,0,0,0,0,0,0,0,0,0,0,0,1,1,1,10,10% Discount,4,Q2,15,2016
16-04-2016,19754589,4502002,0,99028,0,695637,339554,398793,0,958931,322410,146729,2680764,815477,520960,183273,79451,218206,0,0,0,0,173844,1,1,1,5,5% Discount,4,Q2,15,2016
17-04-2016,20806374,0,0,0,0,0,0,0,0,0,0,0,0,0,0,0,0,0,0,0,0,0,0,0,1,0,0,No Offer,4,Q2,15,2016
18-04-2016,23804019,0,0,0,0,0,0,0,0,0,0,0,0,0,0,0,0,0,0,0,0,0,0,1,0,1,15,15% Discount,4,Q2,16,2016
19-04-2016,24294432,5435907,0,175696,0,835054,424461,344211,0,1475883,330607,213360,1507604,549627,811456,334598,95165,181870,0,0,0,0,287172,0,1,1,15,15% Discount,4,Q2,16,2016
20-04-2016,25676169,0,0,0,0,0,0,0,0,0,0,0,0,0,0,0,0,0,0,0,0,0,0,1,1,1,10,10% Discount,4,Q2,16,2016
21-04-2016,21490117,7162420,0,328850,0,698085,459556,596928,0,0,444604,227052,0,1907122,579887,324649,100769,219611,0,0,80170,0,0,0,0,1,25,Buy3Get1,4,Q2,16,2016
22-04-2016,22783454,0,0,0,0,0,0,0,0,0,0,0,0,0,0,0,0,0,0,0,0,0,0,0,1,1,10,10% Discount,4,Q2,16,2016
23-04-2016,20709340,0,0,0,0,0,0,0,0,0,0,0,0,0,0,0,0,0,0,0,0,0,0,1,0,0,0,No Offer,4,Q2,16,2016
24-04-2016,18494476,0,0,0,0,0,0,0,0,0,0,0,0,0,0,0,0,0,0,0,0,0,0,1,0,0,0,No Offer,4,Q2,16,2016
25-04-2016,20370135,0,0,0,0,0,0,0,0,0,0,0,0,0,0,0,0,0,0,0,0,0,0,0,0,1,10,10% Discount,4,Q2,17,2016
26-04-2016,21755256,0,0,0,0,0,0,0,0,0,0,0,0,0,0,0,0,0,0,0,0,0,0,1,1,0,0,No Offer,4,Q2,17,2016
27-04-2016,22425338,0,0,0,0,0,0,0,0,0,0,0,0,0,0,0,0,0,0,0,0,0,0,0,0,1,25,Buy3Get1,4,Q2,17,2016
28-04-2016,23006607,5434673,384164,261252,0,648864,678683,794982,0,0,668687,177335,0,1602215,493820,372753,143788,269411,0,0,81449,0,0,1,0,0,0,No Offer,4,Q2,17,2016
29-04-2016,22065950,0,0,0,0,0,0,0,0,0,0,0,0,0,0,0,0,0,0,0,0,0,0,1,0,1,5,5% Discount,4,Q2,17,2016
30-04-2016,19659323,0,0,0,0,0,0,0,0,0,0,0,0,0,0,0,0,0,0,0,0,0,0,1,0,0,0,No Offer,4,Q2,17,2016
01-05-2016,20585351,4460681,366260,235758,0,858579,480538,595851,0,0,597667,235105,0,1283471,803104,342704,90663,277944,0,0,57881,0,0,0,0,0,0,No Offer,5,Q2,17,2016
02-05-2016,24052823,10763428,227009,180359,0,595167,271343,605755,0,0,482706,139993,0,679537,411701,197057,96484,213317,0,0,40696,0,0,1,1,0,0,No Offer,5,Q2,18,2016
03-05-2016,22723517,5790252,501974,133392,0,578028,516789,465054,0,0,618669,181009,0,781357,597787,236563,71540,305505,0,0,58753,0,0,0,1,1,20,20% Discount,5,Q2,18,2016
04-05-2016,18997298,6864930,312297,186708,0,594909,646709,615738,0,0,424692,228076,0,1214698,827535,255698,129483,203820,0,0,67947,0,0,0,1,0,0,No Offer,5,Q2,18,2016
05-05-2016,23054764,0,1252308,334114,0,1334944,898504,919205,0,0,699223,405928,0,2155393,1199996,525759,181293,582633,0,0,0,0,0,1,1,1,5,5% Discount,5,Q2,18,2016
06-05-2016,22083460,0,0,0,0,0,0,0,0,0,0,0,0,0,0,0,0,0,0,0,0,0,0,0,1,0,0,No Offer,5,Q2,18,2016
07-05-2016,22302181,0,455634,385548,0,890065,703939,836601,0,0,966533,204569,0,2053222,777696,379970,105032,251529,0,0,0,0,0,0,1,1,10,10% Discount,5,Q2,18,2016
08-05-2016,21135587,0,691903,211068,0,1425847,617778,595460,0,0,644070,412043,0,2604621,703307,630989,215151,308507,0,0,0,0,0,0,1,0,0,No Offer,5,Q2,18,2016
09-05-2016,17913167,0,478965,367118,0,1233218,886758,927395,0,0,672806,400563,0,2436211,823329,471063,172389,384852,0,0,0,0,0,0,0,0,0,No Offer,5,Q2,19,2016
10-05-2016,20488611,0,638707,373366,0,1209747,878925,722005,0,0,1207416,398850,0,2387736,986897,413813,136602,314432,0,0,0,0,0,0,0,0,0,No Offer,5,Q2,19,2016
11-05-2016,20716063,0,642538,306889,0,1845571,1179510,1030828,0,0,1101641,506870,0,3206223,1602997,527120,183400,497445,0,0,0,0,0,1,1,0,0,No Offer,5,Q2,19,2016
12-05-2016,23547006,0,0,425956,0,1939837,1843152,1719859,0,0,1444774,686026,0,4449892,2118382,1141639,282794,886979,0,0,219367,0,0,1,1,1,5,5% Discount,5,Q2,19,2016
13-05-2016,21573805,0,0,0,0,0,0,0,0,0,0,0,0,0,0,0,0,0,0,0,0,0,0,0,1,0,0,No Offer,5,Q2,19,2016
14-05-2016,23744576,0,0,0,0,0,0,0,0,0,0,0,0,0,0,0,0,0,0,0,0,0,0,1,1,1,10,10% Discount,5,Q2,19,2016
15-05-2016,22634311,0,0,0,0,0,0,0,0,0,0,0,0,0,0,0,0,0,0,0,0,0,0,1,0,0,0,No Offer,5,Q2,19,2016
16-05-2016,18476662,0,0,363901,0,1588592,1209471,1610159,0,0,1800821,891750,0,1856557,1100720,600369,207254,529028,0,0,200456,0,0,0,0,0,0,No Offer,5,Q2,20,2016
17-05-2016,21066766,0,0,314625,0,1326429,1411120,1363641,0,0,1228267,285747,0,2505558,1234999,633200,166358,487191,0,0,152334,0,0,0,1,1,10,10% Discount,5,Q2,20,2016
18-05-2016,22683030,0,0,412280,0,996288,912896,1203237,0,0,1149910,461482,0,3497409,1068841,645864,185591,379912,0,0,200999,0,0,0,1,0,0,No Offer,5,Q2,20,2016
19-05-2016,25709522,0,0,0,0,0,0,0,0,0,0,0,0,0,0,0,0,0,0,0,0,0,0,1,1,1,10,10% Discount,5,Q2,20,2016
20-05-2016,25297631,6361968,470630,205900,0,827298,624166,677633,0,0,0,261053,2340928,1295008,535867,267652,89806,277419,0,0,87817,0,246760,1,1,1,5,5% Discount,5,Q2,20,2016
21-05-2016,20696163,5787105,232684,138342,0,508138,369697,426661,0,0,0,147475,3097655,830769,556793,273690,74094,150105,0,0,61975,0,175387,0,0,0,0,No Offer,5,Q2,20,2016
22-05-2016,17756480,0,0,0,0,0,0,0,0,0,0,0,0,0,0,0,0,0,0,0,0,0,0,0,1,0,0,No Offer,5,Q2,20,2016
23-05-2016,21062230,0,0,0,0,0,0,0,0,0,0,0,0,0,0,0,0,0,0,0,0,0,0,0,0,1,5,5% Discount,5,Q2,21,2016
24-05-2016,19365264,0,0,0,0,0,0,0,0,0,0,0,0,0,0,0,0,0,0,0,0,0,0,0,0,1,5,5% Discount,5,Q2,21,2016
25-05-2016,23620993,0,0,0,0,0,0,0,0,0,0,0,0,0,0,0,0,0,0,0,0,0,0,1,1,1,5,5% Discount,5,Q2,21,2016
26-05-2016,28102164,6516050,184781,115823,0,437125,260000,317964,0,0,0,61413,1238131,557290,288636,131939,50821,134241,0,0,0,0,165284,1,1,1,20,20% Discount,5,Q2,21,2016
27-05-2016,22239523,4556564,308127,182560,0,638770,451783,395398,0,0,0,211662,2188603,899646,527269,267307,99122,219050,0,0,0,0,306436,1,0,1,5,5% Discount,5,Q2,21,2016
28-05-2016,24454157,0,0,0,0,0,0,0,0,0,0,0,0,0,0,0,0,0,0,0,0,0,0,1,1,0,0,No Offer,5,Q2,21,2016
29-05-2016,21811812,4545157,289092,187039,0,577604,319864,495756,0,0,0,125046,3758804,1139814,480070,203833,74821,159889,0,0,0,0,284680,1,0,0,0,No Offer,5,Q2,21,2016
30-05-2016,23855722,6317672,475775,192198,0,1085001,578459,435815,0,0,0,178017,1990822,1345968,850847,344443,131547,256582,0,0,0,0,368464,1,1,0,0,No Offer,5,Q2,22,2016
31-05-2016,22925354,0,0,0,0,0,0,0,0,0,0,0,0,0,0,0,0,0,0,0,0,0,0,0,1,1,15,15% Discount,5,Q2,22,2016
01-06-2016,24281414,0,0,0,0,0,0,0,0,0,0,0,0,0,0,0,0,0,0,0,0,0,0,1,1,1,15,15% Discount,6,Q2,22,2016
02-06-2016,19030105,0,0,0,0,0,0,0,0,0,0,0,0,0,0,0,0,0,0,0,0,0,0,0,0,1,5,5% Discount,6,Q2,22,2016
03-06-2016,21316752,5817293,279477,0,0,516464,426208,533740,0,0,0,249647,2240953,1161556,710561,256459,90252,320497,0,0,72086,0,256037,1,0,0,0,No Offer,6,Q2,22,2016
04-06-2016,25721564,0,0,0,0,0,0,0,0,0,0,0,0,0,0,0,0,0,0,0,0,0,0,1,1,0,0,No Offer,6,Q2,22,2016
05-06-2016,22514866,0,0,0,0,0,0,0,0,0,0,0,0,0,0,0,0,0,0,0,0,0,0,0,1,0,0,No Offer,6,Q2,22,2016
06-06-2016,19879217,0,0,0,0,0,0,0,0,0,0,0,0,0,0,0,0,0,0,0,0,0,0,0,1,0,0,No Offer,6,Q2,23,2016
07-06-2016,23259528,0,0,0,0,0,0,0,0,0,0,0,0,0,0,0,0,0,0,0,0,0,0,1,0,1,10,10% Discount,6,Q2,23,2016
08-06-2016,21934642,5471782,414257,0,0,748834,493021,761090,0,0,0,235358,2530894,1166856,557960,277387,110151,299585,0,0,118993,0,375625,1,0,1,5,5% Discount,6,Q2,23,2016
09-06-2016,22497016,0,0,0,0,0,0,0,0,0,0,0,0,0,0,0,0,0,0,0,0,0,0,1,0,1,5,5% Discount,6,Q2,23,2016
10-06-2016,21799944,6768745,258425,0,859470,513672,324356,497858,0,0,0,167889,2035475,1254458,386440,360814,77619,356492,0,0,0,0,298249,1,0,0,0,No Offer,6,Q2,23,2016
11-06-2016,19775413,3129317,357614,0,641695,608908,307632,403371,0,0,0,119163,1210842,864221,553645,302248,65036,139635,0,0,0,0,169348,0,0,0,0,No Offer,6,Q2,23,2016
12-06-2016,17100583,0,0,0,0,0,0,0,0,0,0,0,0,0,0,0,0,0,0,0,0,0,0,0,1,0,0,No Offer,6,Q2,23,2016
13-06-2016,21162338,2978773,283416,0,447117,362596,292152,275806,0,0,0,158485,2186108,825286,356204,191824,50460,136037,0,0,0,0,181283,0,1,0,0,No Offer,6,Q2,24,2016
14-06-2016,18716392,4897973,394320,0,985760,720907,664143,454629,0,0,0,148354,1903720,1606758,841901,273305,139421,225163,0,0,0,0,177304,0,0,0,0,No Offer,6,Q2,24,2016
15-06-2016,20629182,0,0,0,0,0,0,0,0,0,0,0,0,0,0,0,0,0,0,0,0,0,0,0,1,1,5,5% Discount,6,Q2,24,2016
16-06-2016,22505073,0,0,0,0,0,0,0,0,0,0,0,0,0,0,0,0,0,0,0,0,0,0,1,0,0,0,No Offer,6,Q2,24,2016
17-06-2016,22539828,0,0,0,0,0,0,0,0,0,0,0,0,0,0,0,0,0,0,0,0,0,0,0,1,0,0,No Offer,6,Q2,24,2016
18-06-2016,19977310,0,0,0,0,750692,813975,657276,0,1124599,627359,371514,1667328,2040518,725958,349174,118737,213796,0,244636,142315,0,0,0,0,0,0,No Offer,6,Q2,24,2016
19-06-2016,20076658,0,0,0,0,0,0,0,0,0,0,0,0,0,0,0,0,0,0,0,0,0,0,0,1,0,0,No Offer,6,Q2,24,2016
20-06-2016,21712125,0,0,0,0,0,0,0,0,0,0,0,0,0,0,0,0,0,0,0,0,0,0,1,0,1,10,10% Discount,6,Q2,25,2016
21-06-2016,19026202,0,0,0,0,724783,801359,1284285,0,2718523,557955,367030,4554265,1478722,1216055,406345,167072,364623,0,181024,182173,0,0,1,0,1,10,10% Discount,6,Q2,25,2016
22-06-2016,25347829,0,0,0,0,1150434,601942,867949,0,2356741,713820,422974,4321968,1305768,964445,539157,121555,477259,0,78285,183859,0,0,1,1,1,10,10% Discount,6,Q2,25,2016
23-06-2016,25947319,0,0,0,0,0,0,0,0,0,0,0,0,0,0,0,0,0,0,0,0,0,0,1,1,1,10,10% Discount,6,Q2,25,2016
24-06-2016,20606621,0,0,0,0,0,0,0,0,0,0,0,0,0,0,0,0,0,0,0,0,0,0,0,1,0,0,No Offer,6,Q2,25,2016
25-06-2016,23616804,0,0,0,0,0,0,0,0,0,0,0,0,0,0,0,0,0,0,0,0,0,0,1,0,1,5,5% Discount,6,Q2,25,2016
26-06-2016,19095432,0,0,0,0,0,0,0,0,0,0,0,0,0,0,0,0,0,0,0,0,0,0,0,0,1,10,10% Discount,6,Q2,25,2016
27-06-2016,21287704,0,0,0,0,0,0,0,0,0,0,0,0,0,0,0,0,0,0,0,0,0,0,1,0,0,0,No Offer,6,Q2,26,2016
28-06-2016,25629149,4601865,248578,0,0,519111,355576,384477,0,1570885,318482,86366,5139117,869661,468275,259649,77436,209101,0,75344,98195,0,269141,1,1,1,15,15% Discount,6,Q2,26,2016
29-06-2016,19844991,3050435,136357,0,0,336540,295447,268120,0,619652,206134,103041,1783076,642657,258044,134206,75730,174058,0,48555,47701,0,168335,0,0,1,5,5% Discount,6,Q2,26,2016
30-06-2016,23944862,6970700,359856,0,0,472583,475603,502614,0,1067243,478285,187277,1945753,1425474,419381,215820,89791,237326,0,0,64698,0,184448,1,0,1,5,5% Discount,6,Q2,26,2016
01-07-2016,21238162,0,0,0,0,0,0,0,0,0,0,0,0,0,0,0,0,0,0,0,0,0,0,0,1,0,0,No Offer,7,Q3,26,2016
02-07-2016,20997002,5094187,169122,0,0,469220,306206,316832,0,950972,358294,138178,2233865,940966,450862,182526,57908,233920,0,0,43988,0,155805,0,1,0,0,No Offer,7,Q3,26,2016
03-07-2016,20923352,0,0,0,0,0,0,0,0,0,0,0,0,0,0,0,0,0,0,0,0,0,0,1,0,0,0,No Offer,7,Q3,26,2016
04-07-2016,25854428,2670981,351079,0,0,709448,495551,579040,0,1198215,369681,224079,2255523,1198506,509666,244785,104547,261279,0,0,84974,0,202132,1,1,0,0,No Offer,7,Q3,27,2016
05-07-2016,23643234,5450721,377285,0,0,364908,501425,541715,0,904449,209116,112320,1988370,949686,323819,204551,84865,194688,0,0,60456,0,135956,1,1,1,10,10% Discount,7,Q3,27,2016
06-07-2016,21441146,7011455,281831,0,0,478895,270632,338347,0,1399832,280605,135902,2730067,422124,338696,196472,73239,167627,0,0,51941,0,219153,1,0,0,0,No Offer,7,Q3,27,2016
07-07-2016,22688509,0,0,0,0,0,0,0,0,0,0,0,0,0,0,0,0,0,0,0,0,0,0,0,0,1,5,5% Discount,7,Q3,27,2016
08-07-2016,22805291,0,0,0,0,0,0,0,0,0,0,0,0,0,0,0,0,0,0,0,0,0,0,1,0,0,0,No Offer,7,Q3,27,2016
09-07-2016,19783746,3837592,237513,0,1152747,416111,410580,425627,0,659297,323771,109927,2317345,763353,449843,189580,88165,161577,0,0,55613,0,0,0,0,0,0,No Offer,7,Q3,27,2016
10-07-2016,22216087,5056590,259296,0,690576,577504,601840,511147,0,876032,624520,184296,2168387,824666,469864,192479,86280,205436,0,0,81226,0,0,1,0,0,0,No Offer,7,Q3,27,2016
11-07-2016,20929774,0,0,0,0,0,0,0,0,0,0,0,0,0,0,0,0,0,0,0,0,0,0,1,0,0,0,No Offer,7,Q3,28,2016
12-07-2016,23016696,0,0,0,0,0,0,0,0,0,0,0,0,0,0,0,0,0,0,0,0,0,0,0,1,1,10,10% Discount,7,Q3,28,2016
13-07-2016,23467289,5193565,365880,0,1051854,476069,330616,678851,0,1373948,565381,175097,1867334,886847,572131,246469,65002,262514,0,0,92433,0,0,1,1,0,0,No Offer,7,Q3,28,2016
14-07-2016,20834061,0,0,0,0,0,0,0,0,0,0,0,0,0,0,0,0,0,0,0,0,0,0,0,0,1,5,5% Discount,7,Q3,28,2016
15-07-2016,18030078,0,574605,0,0,802840,661037,606127,0,1545855,761862,301302,2964646,1903979,594045,288921,132673,183562,0,0,80165,0,0,0,0,0,0,No Offer,7,Q3,28,2016
16-07-2016,23641862,0,988528,0,0,1120636,803102,811360,0,4603815,758029,287455,3157990,2044603,933342,327782,130690,380835,0,0,112427,0,0,1,0,1,5,5% Discount,7,Q3,28,2016
17-07-2016,23626894,0,412837,0,0,955298,547069,563469,0,1692331,648286,257568,3625174,1212166,694750,378274,149842,214482,0,0,101690,0,0,0,1,1,5,5% Discount,7,Q3,28,2016
18-07-2016,19585795,0,715620,0,0,770172,464380,784776,0,1011879,443662,183194,1533445,1606840,706451,293411,103169,228312,0,0,94102,0,0,0,0,0,0,No Offer,7,Q3,29,2016
19-07-2016,22248547,0,0,0,0,0,0,0,0,0,0,0,0,0,0,0,0,0,0,0,0,0,0,0,1,0,0,No Offer,7,Q3,29,2016
20-07-2016,22691059,0,0,0,0,0,0,0,0,0,0,0,0,0,0,0,0,0,0,0,0,0,0,0,1,1,5,5% Discount,7,Q3,29,2016
21-07-2016,21405282,0,0,0,0,0,0,0,0,0,0,0,0,0,0,0,0,0,0,0,0,0,0,1,0,0,0,No Offer,7,Q3,29,2016
22-07-2016,24269070,7994435,497342,285201,0,699564,835933,1140231,0,2689467,692826,192052,0,1601674,993865,476063,204675,466370,0,0,0,0,0,1,1,1,10,10% Discount,7,Q3,29,2016
23-07-2016,22675730,4427254,422311,166405,0,811612,482823,407666,0,730032,613723,157816,0,2096856,782057,337559,87747,303993,0,0,0,0,0,1,0,1,10,10% Discount,7,Q3,29,2016
24-07-2016,21805936,0,0,0,0,0,0,0,0,0,0,0,0,0,0,0,0,0,0,0,0,0,0,0,1,0,0,No Offer,7,Q3,29,2016
25-07-2016,22150713,6756605,632458,331525,0,516861,492364,570528,0,1365820,516676,200529,0,1704435,616823,182330,106434,264766,0,0,0,0,0,1,0,0,0,No Offer,7,Q3,30,2016
26-07-2016,23074123,0,0,0,0,0,0,0,0,0,0,0,0,0,0,0,0,0,0,0,0,0,0,0,1,0,0,No Offer,7,Q3,30,2016
27-07-2016,23285597,0,0,0,0,0,0,0,0,0,0,0,0,0,0,0,0,0,0,0,0,0,0,1,0,0,0,No Offer,7,Q3,30,2016
28-07-2016,26079754,2796262,227587,0,0,506568,202663,392368,0,873418,347376,126876,1563600,734257,394823,173561,72118,142286,0,0,0,0,0,1,0,1,15,15% Discount,7,Q3,30,2016
29-07-2016,21780135,5257609,667547,0,0,650872,508762,443675,0,1005172,501358,145788,1912355,578277,474264,382701,110540,180160,0,0,0,0,0,0,1,0,0,No Offer,7,Q3,30,2016
30-07-2016,18709385,2874289,334164,0,0,528839,425082,433977,0,536535,434083,153498,3436191,1402290,411640,221235,79482,174143,0,0,0,0,0,0,0,0,0,No Offer,7,Q3,30,2016
31-07-2016,25396095,0,0,0,0,0,0,0,0,0,0,0,0,0,0,0,0,0,0,0,0,0,0,1,0,1,15,15% Discount,7,Q3,30,2016
01-08-2016,22762279,0,0,0,0,0,0,0,0,0,0,0,0,0,0,0,0,0,0,0,0,0,0,1,0,0,0,No Offer,8,Q3,31,2016
02-08-2016,20374431,5957119,245303,0,0,731081,465321,541460,0,479648,413936,161228,1400978,539947,443410,234314,54817,193730,0,0,0,0,0,0,0,1,10,10% Discount,8,Q3,31,2016
03-08-2016,26273338,7206873,374710,0,0,605489,557330,446374,0,1544837,603366,170643,1401051,954652,368275,271419,87404,215163,0,0,0,0,0,1,1,0,0,No Offer,8,Q3,31,2016
04-08-2016,23319744,0,0,0,0,0,0,0,0,0,0,0,0,0,0,0,0,0,0,0,0,0,0,0,1,0,0,No Offer,8,Q3,31,2016
05-08-2016,20373890,0,0,0,0,0,0,0,0,0,0,0,0,0,0,0,0,0,0,0,0,0,0,0,1,0,0,No Offer,8,Q3,31,2016
06-08-2016,21820210,3824897,373599,0,0,569367,347236,420036,0,1537580,229944,201077,1387248,1273406,322656,229966,90900,349424,0,0,0,0,0,1,0,0,0,No Offer,8,Q3,31,2016
07-08-2016,19591353,4172606,332444,0,0,628341,529892,468523,0,1502028,492120,182240,2112201,1269483,496159,291203,82408,198421,0,0,0,0,0,0,0,0,0,No Offer,8,Q3,31,2016
08-08-2016,23524047,5145213,221282,0,0,730342,400351,336742,0,1456106,660866,186356,2205519,859628,409122,274417,89303,237002,0,0,0,0,0,1,0,0,0,No Offer,8,Q3,32,2016
09-08-2016,25239572,6935490,371854,0,0,750873,708620,490347,0,893033,407043,170914,1063465,953811,679453,323737,84214,270903,0,0,0,0,0,0,1,1,15,15% Discount,8,Q3,32,2016
10-08-2016,24580105,0,0,0,0,0,0,0,0,0,0,0,0,0,0,0,0,0,0,0,0,0,0,1,1,0,0,No Offer,8,Q3,32,2016
11-08-2016,23074503,4180569,420217,0,0,498350,381019,366333,0,1804033,280837,126976,2145309,0,385675,244172,65636,156215,0,0,0,0,0,1,0,0,0,No Offer,8,Q3,32,2016
12-08-2016,23531064,7991050,400637,0,0,696020,480882,491654,0,1834868,260414,138536,1580247,0,410710,254991,86082,215190,0,0,0,0,0,1,1,1,5,5% Discount,8,Q3,32,2016
13-08-2016,23226268,6489621,423178,0,0,437710,339928,368957,0,1133434,254141,193722,2093997,0,599054,297303,65105,207645,0,0,0,0,0,1,0,0,0,No Offer,8,Q3,32,2016
14-08-2016,22571846,3446387,199466,0,0,452237,270144,397920,0,673548,222358,138244,3196333,0,416861,170365,62039,118500,0,0,0,0,0,1,0,0,0,No Offer,8,Q3,32,2016
15-08-2016,23529500,0,0,0,0,0,0,0,0,0,0,0,0,0,0,0,0,0,0,0,0,0,0,1,1,0,0,No Offer,8,Q3,33,2016
16-08-2016,19889276,0,0,0,0,0,0,0,0,0,0,0,0,0,0,0,0,0,0,0,0,0,0,0,0,1,10,10% Discount,8,Q3,33,2016
17-08-2016,20315965,5627791,340000,0,0,530033,399067,557517,0,831183,351015,184985,1404451,0,526695,303147,72997,187653,0,0,0,0,0,0,0,0,0,No Offer,8,Q3,33,2016
18-08-2016,25062850,0,673882,0,0,842365,535443,703352,0,2630617,550505,498741,3903792,0,1089776,470342,134027,516172,0,167851,0,0,0,1,1,0,0,No Offer,8,Q3,33,2016
19-08-2016,23796059,0,533879,0,0,1146327,883360,961389,0,2276512,1086861,310991,4636709,0,565989,398114,165045,483840,0,148687,0,0,0,1,1,1,10,10% Discount,8,Q3,33,2016
20-08-2016,21125151,0,0,0,0,0,0,0,0,0,0,0,0,0,0,0,0,0,0,0,0,0,0,0,0,1,5,5% Discount,8,Q3,33,2016
21-08-2016,26703861,0,1069488,0,0,827966,707196,860067,0,3068617,520103,158642,6146555,0,919430,394325,137926,541213,0,134945,0,0,0,1,1,1,10,10% Discount,8,Q3,33,2016
22-08-2016,24681543,0,902912,0,0,1100664,628188,1101590,0,2484525,955011,209208,4350205,0,1106787,354744,104801,557717,0,151060,0,0,0,1,1,1,5,5% Discount,8,Q3,34,2016
23-08-2016,24214117,0,648542,0,0,1518739,894974,821585,0,1709282,1188731,345666,3661425,0,1119517,565183,221351,454140,0,222374,0,0,0,0,1,1,10,10% Discount,8,Q3,34,2016
24-08-2016,21748905,0,0,0,0,0,0,0,0,0,0,0,0,0,0,0,0,0,0,0,0,0,0,0,1,0,0,No Offer,8,Q3,34,2016
25-08-2016,27971178,6197264,0,0,0,1145129,594667,726986,0,2204611,550694,296617,0,0,1130946,414517,111559,375200,0,160645,0,0,0,1,1,1,15,15% Discount,8,Q3,34,2016
26-08-2016,26285896,0,0,0,0,0,0,0,0,0,0,0,0,0,0,0,0,0,0,0,0,0,0,1,0,1,15,15% Discount,8,Q3,34,2016
27-08-2016,23473006,0,0,0,0,0,0,0,0,0,0,0,0,0,0,0,0,0,0,0,0,0,0,1,0,0,0,No Offer,8,Q3,34,2016
28-08-2016,21547790,6741748,0,0,0,946946,603474,553602,0,965393,521870,175716,0,0,616961,264163,107825,242388,0,88492,0,0,0,0,0,0,0,No Offer,8,Q3,34,2016
29-08-2016,25067027,5876462,0,0,0,1037241,548829,577682,0,1562545,493483,351938,0,0,613401,316336,107545,324962,0,67789,0,0,0,1,0,1,10,10% Discount,8,Q3,35,2016
30-08-2016,21310566,4610091,0,0,0,820216,493218,610608,0,1759144,597744,193407,0,0,635213,364948,126614,280897,0,84974,0,0,0,0,1,0,0,No Offer,8,Q3,35,2016
31-08-2016,23618810,4786029,0,0,0,693062,403600,450321,0,1849163,337468,206512,0,0,511178,338592,106593,295850,0,127053,0,0,0,0,1,1,15,15% Discount,8,Q3,35,2016
01-09-2016,23666186,0,0,0,0,0,0,0,0,0,0,0,0,0,0,0,0,0,0,0,0,0,0,1,1,0,0,No Offer,9,Q3,35,2016
02-09-2016,22777829,0,0,0,0,0,0,0,0,0,0,0,0,0,0,0,0,0,0,0,0,0,0,0,1,0,0,No Offer,9,Q3,35,2016
03-09-2016,24365429,0,0,0,0,0,0,0,0,0,0,0,0,0,0,0,0,0,0,0,0,0,0,0,1,0,0,No Offer,9,Q3,35,2016
04-09-2016,22910899,0,0,0,0,0,0,0,0,0,0,0,0,0,0,0,0,0,0,0,0,0,0,1,0,0,0,No Offer,9,Q3,35,2016
05-09-2016,24048873,0,0,0,0,0,0,0,0,0,0,0,0,0,0,0,0,0,0,0,0,0,0,1,0,0,0,No Offer,9,Q3,36,2016
06-09-2016,21564077,3399184,0,0,1040051,1063000,621108,504158,0,1443613,693364,135616,2356792,0,552038,292073,104178,351723,0,131703,0,0,214301,0,0,1,10,10% Discount,9,Q3,36,2016
07-09-2016,24677999,0,0,0,0,0,0,0,0,0,0,0,0,0,0,0,0,0,0,0,0,0,0,0,1,1,10,10% Discount,9,Q3,36,2016
08-09-2016,27210855,5627490,576931,217154,907575,523370,388509,512476,0,1782450,0,210414,2946304,0,530296,227485,88895,278426,0,90295,64718,0,0,1,1,0,0,No Offer,9,Q3,36,2016
09-09-2016,22650207,0,0,0,0,0,0,0,0,0,0,0,0,0,0,0,0,0,0,0,0,0,0,0,0,1,5,5% Discount,9,Q3,36,2016
10-09-2016,24753657,4210276,620474,189704,1223474,772866,584845,514599,0,525065,0,239002,3238800,0,497475,241517,117643,200097,0,193448,117210,0,0,1,1,1,10,10% Discount,9,Q3,36,2016
11-09-2016,23370091,2222369,287685,116750,553317,583514,434942,290873,0,738307,0,190930,892004,0,383520,211244,64486,141763,0,63194,81796,0,0,0,1,0,0,No Offer,9,Q3,36,2016
12-09-2016,21698614,6467736,313538,126726,865962,558385,475472,444860,0,795497,0,149796,1706499,0,469442,249234,57298,184392,0,113906,27088,0,0,0,0,0,0,No Offer,9,Q3,37,2016
13-09-2016,27623382,7247168,472761,145061,1342248,746966,476103,581743,0,1926671,0,310915,3753044,0,638194,300250,111498,285776,0,176841,107977,0,0,1,1,1,10,10% Discount,9,Q3,37,2016
14-09-2016,28280983,0,0,0,0,0,0,0,0,0,0,0,0,0,0,0,0,0,0,0,0,0,0,1,0,1,20,20% Discount,9,Q3,37,2016
15-09-2016,23194227,4167668,441927,0,1391598,905183,483002,481174,0,1504327,0,131057,2692391,0,720156,374377,117762,265920,0,81131,120510,0,0,0,1,1,10,10% Discount,9,Q3,37,2016
16-09-2016,25418520,0,0,0,0,0,0,0,0,0,0,0,0,0,0,0,0,0,0,0,0,0,0,1,0,1,10,10% Discount,9,Q3,37,2016
17-09-2016,27012228,4877189,525824,0,1054806,1248473,632780,712561,0,2276713,0,400568,2627160,0,581386,223646,102504,444208,0,143343,127138,0,0,1,0,1,10,10% Discount,9,Q3,37,2016
18-09-2016,23998397,0,0,0,0,0,0,0,0,0,0,0,0,0,0,0,0,0,0,0,0,0,0,0,0,1,10,10% Discount,9,Q3,37,2016
19-09-2016,26164047,6405701,524153,0,980888,896021,424938,544994,0,1270157,0,189142,2469992,0,887626,301340,112200,347930,0,141109,77612,0,0,0,1,1,15,15% Discount,9,Q3,38,2016
20-09-2016,20627872,4347167,710643,0,1026363,752526,600406,1063658,0,1488832,0,203542,2835695,0,975935,357634,127279,245911,0,124339,97407,0,0,0,0,1,5,5% Discount,9,Q3,38,2016
21-09-2016,21209964,2460027,338889,0,1280828,549084,460603,506894,0,780262,0,114335,1895950,0,462471,148387,80953,179464,0,97593,173069,0,0,0,1,0,0,No Offer,9,Q3,38,2016
22-09-2016,22780299,0,0,0,0,0,0,0,0,0,0,0,0,0,0,0,0,0,0,0,0,0,0,0,0,1,10,10% Discount,9,Q3,38,2016
23-09-2016,22872821,0,0,0,0,0,0,0,0,0,0,0,0,0,0,0,0,0,0,0,0,0,0,0,1,0,0,No Offer,9,Q3,38,2016
24-09-2016,23326795,0,0,0,0,0,0,0,0,0,0,0,0,0,0,0,0,0,0,0,0,0,0,0,0,1,15,15% Discount,9,Q3,38,2016
25-09-2016,24124471,8498679,289914,185397,678083,900496,412429,518164,0,1093815,0,185830,0,0,499142,463056,111291,337699,0,77675,0,0,0,1,0,1,10,10% Discount,9,Q3,38,2016
26-09-2016,24088913,5772023,344781,198509,1218775,777077,550728,516975,0,1049567,0,206348,0,0,573978,247953,108751,327927,0,122044,0,0,0,1,0,0,0,No Offer,9,Q3,39,2016
27-09-2016,24576605,6913498,611675,193433,2160198,698849,538436,726569,0,1410409,0,160952,0,0,538209,278506,105696,252693,0,189303,0,0,0,1,0,1,5,5% Discount,9,Q3,39,2016
28-09-2016,23034030,2863312,221452,109692,749744,669958,411064,395526,0,1318542,0,245652,0,0,489930,200197,79940,235798,0,73459,0,0,0,0,1,0,0,No Offer,9,Q3,39,2016
29-09-2016,23449138,0,0,0,0,0,0,0,0,0,0,0,0,0,0,0,0,0,0,0,0,0,0,0,1,0,0,No Offer,9,Q3,39,2016
30-09-2016,24946526,0,0,0,0,0,0,0,0,0,0,0,0,0,0,0,0,0,0,0,0,0,0,1,0,1,10,10% Discount,9,Q3,39,2016
01-10-2016,27188893,8162546,879654,0,0,973093,759615,824900,0,1913111,0,376199,0,0,906209,442440,177418,404755,0,214309,0,0,0,1,0,1,15,15% Discount,10,Q4,39,2016
02-10-2016,25721560,0,0,0,0,0,0,0,0,0,0,0,0,0,0,0,0,0,0,0,0,0,0,0,1,0,0,No Offer,10,Q4,39,2016
03-10-2016,22172616,0,0,0,0,0,0,0,0,0,0,0,0,0,0,0,0,0,0,0,0,0,0,0,0,1,5,5% Discount,10,Q4,40,2016
04-10-2016,21708493,4065442,655768,0,0,942704,538138,660431,0,1408763,0,316059,0,0,616815,420521,134735,333426,0,97270,0,0,0,0,0,0,0,No Offer,10,Q4,40,2016
05-10-2016,23994223,4890546,233655,0,0,763532,477490,433976,0,982481,0,163775,0,0,590252,409808,118782,340913,0,107486,0,0,0,0,0,0,0,No Offer,10,Q4,40,2016
06-10-2016,24202179,0,0,0,0,0,0,0,0,0,0,0,0,0,0,0,0,0,0,0,0,0,0,1,0,0,0,No Offer,10,Q4,40,2016
07-10-2016,27863651,0,0,0,0,0,0,0,0,0,0,0,0,0,0,0,0,0,0,0,0,0,0,1,0,1,15,15% Discount,10,Q4,40,2016
08-10-2016,26363364,5722886,527196,0,0,994582,714189,795902,0,0,0,232230,0,1790842,1071602,554506,190153,329767,0,228001,0,0,0,0,1,1,15,15% Discount,10,Q4,40,2016
09-10-2016,19958744,5141733,678363,0,0,709840,696640,906624,0,0,0,317220,0,1099554,896419,414660,125471,449222,0,153319,0,0,0,0,0,0,0,No Offer,10,Q4,40,2016
10-10-2016,24849692,0,0,0,0,0,0,0,0,0,0,0,0,0,0,0,0,0,0,0,0,0,0,1,0,0,0,No Offer,10,Q4,41,2016
11-10-2016,22679561,0,0,0,0,0,0,0,0,0,0,0,0,0,0,0,0,0,0,0,0,0,0,0,0,1,10,10% Discount,10,Q4,41,2016
12-10-2016,32948358,5483399,487658,0,0,706322,457012,376554,0,0,0,129957,0,869370,553494,299528,97025,236383,0,69286,0,0,0,1,1,1,25,Buy3Get1,10,Q4,41,2016
13-10-2016,25751079,0,0,0,0,0,0,0,0,0,0,0,0,0,0,0,0,0,0,0,0,0,0,0,1,0,0,No Offer,10,Q4,41,2016
14-10-2016,26271206,0,0,0,0,0,0,0,0,0,0,0,0,0,0,0,0,0,0,0,0,0,0,1,1,1,15,15% Discount,10,Q4,41,2016
15-10-2016,26392626,0,0,0,0,0,0,0,0,0,0,0,0,0,0,0,0,0,0,0,0,0,0,0,1,1,15,15% Discount,10,Q4,41,2016
16-10-2016,25731947,0,0,0,0,0,0,0,0,0,0,0,0,0,0,0,0,0,0,0,0,0,0,1,0,0,0,No Offer,10,Q4,41,2016
17-10-2016,19439902,4354384,569174,0,0,1215719,838338,771838,0,0,0,211114,0,1465666,957314,311720,136339,289165,0,0,148852,0,0,0,0,0,0,No Offer,10,Q4,42,2016
18-10-2016,30314806,5993247,349988,0,0,676984,554568,459211,0,0,0,296596,0,1568268,661301,357898,123062,296927,0,0,146375,0,0,1,0,1,15,15% Discount,10,Q4,42,2016
19-10-2016,25631838,0,0,0,0,0,0,0,0,0,0,0,0,0,0,0,0,0,0,0,0,0,0,1,0,0,0,No Offer,10,Q4,42,2016
20-10-2016,27760116,7604366,256179,0,0,464744,289999,373033,0,0,0,122578,0,596499,327134,203203,76864,142657,0,0,60459,0,86589,1,0,1,5,5% Discount,10,Q4,42,2016
21-10-2016,24287360,6506659,461500,0,0,612990,501917,449381,0,0,0,132093,0,1038204,747469,345261,92446,301273,0,0,81991,0,410680,0,1,1,5,5% Discount,10,Q4,42,2016
22-10-2016,23530853,0,0,0,0,0,0,0,0,0,0,0,0,0,0,0,0,0,0,0,0,0,0,0,0,1,10,10% Discount,10,Q4,42,2016
23-10-2016,26816339,0,0,0,0,0,0,0,0,0,0,0,0,0,0,0,0,0,0,0,0,0,0,1,1,0,0,No Offer,10,Q4,42,2016
24-10-2016,26270979,0,0,0,0,0,0,0,0,0,0,0,0,0,0,0,0,0,0,0,0,0,0,0,0,1,5,5% Discount,10,Q4,43,2016
25-10-2016,28182165,8144423,425686,0,0,616110,500794,665496,0,0,0,272679,0,1123915,667175,377341,129226,249541,0,0,90265,0,401400,0,1,1,10,10% Discount,10,Q4,43,2016
26-10-2016,24376926,5095834,715587,0,0,1090756,793670,807737,0,0,0,429549,0,2220748,803391,443172,164470,350088,0,0,260120,0,477440,0,1,0,0,No Offer,10,Q4,43,2016
27-10-2016,25466346,0,0,0,0,0,0,0,0,0,0,0,0,0,0,0,0,0,0,0,0,0,0,1,0,0,0,No Offer,10,Q4,43,2016
28-10-2016,29167006,0,0,0,0,0,0,0,0,0,0,0,0,0,0,0,0,0,0,0,0,0,0,1,0,1,15,15% Discount,10,Q4,43,2016
29-10-2016,34702591,0,0,0,0,0,0,0,0,0,0,0,0,0,0,0,0,0,0,0,0,0,0,1,1,1,15,15% Discount,10,Q4,43,2016
30-10-2016,25668232,0,0,0,0,0,0,0,0,0,0,0,0,0,0,0,0,0,0,0,0,0,0,1,0,0,0,No Offer,10,Q4,43,2016
31-10-2016,24265378,0,0,0,0,0,0,0,0,0,0,0,0,0,0,0,0,0,0,0,0,0,0,0,0,1,10,10% Discount,10,Q4,44,2016
01-11-2016,22526152,3157473,191176,0,0,466045,315310,370391,0,0,0,132003,1335748,844037,469919,173964,85316,205239,0,78050,55616,0,255189,0,0,0,0,No Offer,11,Q4,44,2016
02-11-2016,29252637,0,0,0,0,0,0,0,0,0,0,0,0,0,0,0,0,0,0,0,0,0,0,1,0,1,15,15% Discount,11,Q4,44,2016
03-11-2016,24851094,0,0,0,0,0,0,0,0,0,0,0,0,0,0,0,0,0,0,0,0,0,0,0,0,1,15,15% Discount,11,Q4,44,2016
04-11-2016,30942336,0,0,0,0,0,0,0,0,0,0,0,0,0,0,0,0,0,0,0,0,0,0,1,1,1,10,10% Discount,11,Q4,44,2016
05-11-2016,23549616,5995949,462521,0,0,526633,343653,403289,0,1655292,0,0,2147965,0,569455,294509,83140,166924,0,71551,0,0,0,1,0,0,0,No Offer,11,Q4,44,2016
06-11-2016,27393539,4774621,980848,0,0,975030,534582,934930,0,1057351,0,0,2564465,0,464429,467360,142995,384434,0,149509,0,0,0,1,1,0,0,No Offer,11,Q4,44,2016
07-11-2016,24023172,2579338,236048,0,0,549671,338957,437296,0,1039051,0,0,3258604,0,381286,236528,82606,169765,0,68241,0,0,0,0,0,0,0,No Offer,11,Q4,45,2016
08-11-2016,24462097,0,0,0,0,0,0,0,0,0,0,0,0,0,0,0,0,0,0,0,0,0,0,0,0,1,5,5% Discount,11,Q4,45,2016
09-11-2016,24165431,0,0,0,0,0,0,0,0,0,0,0,0,0,0,0,0,0,0,0,0,0,0,0,1,0,0,No Offer,11,Q4,45,2016
10-11-2016,24512117,0,0,0,0,0,0,0,0,0,0,0,0,0,0,0,0,0,0,0,0,0,0,0,1,0,0,No Offer,11,Q4,45,2016
11-11-2016,24449420,0,791884,0,0,710262,628898,675463,0,1076693,0,0,2759166,0,470124,251605,101450,266835,0,0,125339,0,631215,0,0,0,0,No Offer,11,Q4,45,2016
12-11-2016,25825093,0,2120681,0,0,1691068,985317,1216155,0,2705712,0,0,5979468,0,1497965,861500,246485,969016,0,0,281599,0,723683,1,0,1,10,10% Discount,11,Q4,45,2016
13-11-2016,21360560,0,247229,0,0,812449,482565,805695,0,1351442,0,0,3233841,0,498150,263659,120497,259322,0,0,158134,0,217792,0,0,0,0,No Offer,11,Q4,45,2016
14-11-2016,29456214,0,711576,0,0,1389162,825168,720482,0,2257832,0,0,3569234,0,919903,550540,180250,337880,0,0,420522,0,345290,1,1,1,15,15% Discount,11,Q4,46,2016
15-11-2016,27839140,0,730817,0,0,1277316,877660,822542,0,1706847,0,0,4503218,0,1394910,632332,135673,533102,0,0,490851,0,517992,1,0,1,10,10% Discount,11,Q4,46,2016
16-11-2016,22850194,0,0,0,0,0,0,0,0,0,0,0,0,0,0,0,0,0,0,0,0,0,0,0,1,0,0,No Offer,11,Q4,46,2016
17-11-2016,27274579,5978062,0,320096,0,618063,407185,598447,0,2034101,0,0,0,0,849605,381337,124453,230551,0,129225,294740,0,309445,1,0,0,0,No Offer,11,Q4,46,2016
18-11-2016,23500961,6722541,0,189224,0,659549,303253,564323,0,1011807,0,0,0,0,272199,211018,80641,281785,0,98766,152678,0,246355,0,1,0,0,No Offer,11,Q4,46,2016
19-11-2016,30504397,0,0,0,0,0,0,0,0,0,0,0,0,0,0,0,0,0,0,0,0,0,0,1,1,1,10,10% Discount,11,Q4,46,2016
20-11-2016,24982648,0,0,0,0,0,0,0,0,0,0,0,0,0,0,0,0,0,0,0,0,0,0,0,1,1,5,5% Discount,11,Q4,46,2016
21-11-2016,22955053,4030840,0,163868,0,618020,554401,550140,0,634196,0,0,0,0,544488,178487,70715,227509,0,88188,107565,0,269461,0,0,0,0,No Offer,11,Q4,47,2016
22-11-2016,28220808,8283223,0,259705,0,743842,331028,531870,0,1122890,0,0,0,0,404063,246744,86299,205935,0,122657,119951,0,234910,1,1,1,15,15% Discount,11,Q4,47,2016
23-11-2016,29557451,0,0,0,0,0,0,0,0,0,0,0,0,0,0,0,0,0,0,0,0,0,0,1,1,0,0,No Offer,11,Q4,47,2016
24-11-2016,29429978,0,991011,0,0,1356635,1371977,1567916,0,2545381,0,0,0,0,1138482,752768,220891,654750,0,275671,166510,0,818662,1,1,1,15,15% Discount,11,Q4,47,2016
25-11-2016,23307608,0,549137,0,0,953757,1107410,1399409,0,1268159,0,0,0,0,1096262,461427,274089,317669,0,173666,269104,0,687844,0,1,0,0,No Offer,11,Q4,47,2016
26-11-2016,28458123,0,0,0,0,0,0,0,0,0,0,0,0,0,0,0,0,0,0,0,0,0,0,0,1,0,0,No Offer,11,Q4,47,2016
27-11-2016,25734567,0,1336095,0,0,1020642,847356,1270924,0,1944653,0,0,0,0,1698579,504789,276319,519074,0,177422,313009,0,745177,0,0,1,10,10% Discount,11,Q4,47,2016
28-11-2016,26347424,0,0,0,0,0,0,0,0,0,0,0,0,0,0,0,0,0,0,0,0,0,0,0,1,0,0,No Offer,11,Q4,48,2016
29-11-2016,29693434,0,1206060,0,0,2191159,1771376,1430596,0,2689829,0,0,0,0,1459689,933210,233040,636124,0,253334,527456,0,1372585,0,1,1,20,20% Discount,11,Q4,48,2016
30-11-2016,28152334,0,910487,0,0,1645556,1558305,1906749,0,6003932,0,0,0,0,1581052,989690,304557,681947,0,255208,340436,0,611677,1,0,1,15,15% Discount,11,Q4,48,2016
01-12-2016,25226938,0,0,0,0,0,0,0,0,0,0,0,0,0,0,0,0,0,0,0,0,0,0,1,0,0,0,No Offer,12,Q4,48,2016
02-12-2016,29036419,0,0,0,0,0,0,0,0,0,0,0,0,0,0,0,0,0,0,0,0,0,0,1,1,0,0,No Offer,12,Q4,48,2016
03-12-2016,26693075,0,0,0,0,0,0,0,0,0,0,0,0,0,0,0,0,0,0,0,0,0,0,0,0,1,20,20% Discount,12,Q4,48,2016
04-12-2016,27944132,3828768,359883,0,0,307486,326073,331455,0,787758,0,0,1923560,0,310727,218362,57634,235150,0,93018,101052,0,123826,1,1,0,0,No Offer,12,Q4,48,2016
05-12-2016,25669475,4894694,267534,0,0,1162383,756096,874806,0,1391137,0,0,1919540,0,833149,420159,124788,472594,0,183465,246538,0,331986,0,0,1,20,20% Discount,12,Q4,49,2016
06-12-2016,33357080,6805193,957633,0,0,886547,656785,667605,0,1864246,0,0,2602942,0,561019,316666,96494,315216,0,107086,226908,0,284223,1,1,1,15,15% Discount,12,Q4,49,2016
07-12-2016,32376091,0,0,0,0,0,0,0,0,0,0,0,0,0,0,0,0,0,0,0,0,0,0,1,1,0,0,No Offer,12,Q4,49,2016
08-12-2016,27301291,0,0,0,0,0,0,0,0,0,0,0,0,0,0,0,0,0,0,0,0,0,0,0,0,1,10,10% Discount,12,Q4,49,2016
09-12-2016,30578262,0,0,0,0,0,0,0,0,0,0,0,0,0,0,0,0,0,0,0,0,0,0,1,1,1,5,5% Discount,12,Q4,49,2016
10-12-2016,28466976,4984660,273895,0,0,613034,545856,470481,0,994780,0,0,2383072,0,493693,227763,100897,200347,0,101381,58683,0,128641,0,1,1,10,10% Discount,12,Q4,49,2016
11-12-2016,21593261,2592893,436431,0,0,647007,663370,438700,0,1457182,0,0,2548468,0,518819,330754,76597,301714,0,101049,134598,0,178696,0,0,1,10,10% Discount,12,Q4,49,2016
12-12-2016,26786798,0,0,0,0,0,0,0,0,0,0,0,0,0,0,0,0,0,0,0,0,0,0,0,1,1,5,5% Discount,12,Q4,50,2016
13-12-2016,25064203,0,0,0,0,0,0,0,0,0,0,0,0,0,0,0,0,0,0,0,0,0,0,1,0,0,0,No Offer,12,Q4,50,2016
14-12-2016,31039353,0,0,0,0,0,0,0,0,0,0,0,0,0,0,0,0,0,0,0,0,0,0,1,1,1,5,5% Discount,12,Q4,50,2016
15-12-2016,27953007,0,0,0,0,0,0,0,0,0,0,0,0,0,0,0,0,0,0,0,0,0,0,0,0,1,20,20% Discount,12,Q4,50,2016
16-12-2016,25989703,5669816,0,0,0,646080,828843,665055,0,2065223,0,0,0,0,550961,350830,68549,253891,0,0,177705,0,0,1,0,0,0,No Offer,12,Q4,50,2016
17-12-2016,33393541,0,0,0,0,0,0,0,0,0,0,0,0,0,0,0,0,0,0,0,0,0,0,1,1,1,15,15% Discount,12,Q4,50,2016
18-12-2016,29803722,6759156,0,0,0,600193,359954,401264,0,740323,0,0,0,0,432613,245489,95263,249656,0,0,115663,0,0,1,1,0,0,No Offer,12,Q4,50,2016
19-12-2016,26721847,5342087,0,0,0,573018,588128,564644,0,928425,0,0,0,0,601888,255918,110301,232144,0,0,157951,0,0,0,0,0,0,No Offer,12,Q4,51,2016
20-12-2016,28562096,0,0,0,0,0,0,0,0,0,0,0,0,0,0,0,0,0,0,0,0,0,0,0,0,1,15,15% Discount,12,Q4,51,2016
21-12-2016,24814790,6110978,0,0,0,857307,694053,672951,0,1502130,0,0,0,0,910909,409414,146026,242534,0,0,155608,0,0,0,0,0,0,No Offer,12,Q4,51,2016
22-12-2016,30184802,7484622,451564,0,1341186,839505,825053,1106078,0,1702941,0,0,0,0,867401,431157,199828,291056,0,96365,383377,0,0,1,1,1,10,10% Discount,12,Q4,51,2016
23-12-2016,27728132,0,0,0,0,0,0,0,0,0,0,0,0,0,0,0,0,0,0,0,0,0,0,1,1,0,0,No Offer,12,Q4,51,2016
24-12-2016,28512058,0,0,0,0,0,0,0,0,0,0,0,0,0,0,0,0,0,0,0,0,0,0,0,1,1,5,5% Discount,12,Q4,51,2016
25-12-2016,27195812,0,0,0,0,0,0,0,0,0,0,0,0,0,0,0,0,0,0,0,0,0,0,0,1,1,5,5% Discount,12,Q4,51,2016
26-12-2016,28976109,0,0,0,0,0,0,0,0,0,0,0,0,0,0,0,0,0,0,0,0,0,0,1,0,1,5,5% Discount,12,Q4,52,2016
27-12-2016,26988958,5267044,173328,0,570098,419116,278856,383736,0,708399,0,0,0,0,400945,176120,90590,128041,0,71951,72464,0,0,0,0,1,5,5% Discount,12,Q4,52,2016
28-12-2016,24964346,0,0,0,0,0,0,0,0,0,0,0,0,0,0,0,0,0,0,0,0,0,0,1,0,0,0,No Offer,12,Q4,52,2016
29-12-2016,32142975,6070960,554567,0,1768716,739704,427842,475363,0,1966232,0,0,0,0,697443,343328,135442,542431,0,122981,211606,0,0,1,1,0,0,No Offer,12,Q4,52,2016
30-12-2016,29060691,0,0,0,0,0,0,0,0,0,0,0,0,0,0,0,0,0,0,0,0,0,0,1,0,0,0,No Offer,12,Q4,52,2016
31-12-2016,26007218,0,0,0,0,0,0,0,0,0,0,0,0,0,0,0,0,0,0,0,0,0,0,1,1,0,0,No Offer,12,Q4,52,2016
01-01-2017,25914495,7211632,810028,0,1553061,1020774,663113,558550,0,1158596,0,0,0,0,671292,307533,109482,365663,0,121675,152230,0,0,1,1,1,5,5% Discount,1,Q1,52,2017
02-01-2017,22258548,6223903,261107,0,1247251,440548,445329,546863,0,1501975,0,0,0,0,422343,274760,85028,272788,0,73127,126075,0,0,1,1,0,0,No Offer,1,Q1,1,2017
03-01-2017,24606916,8733942,642027,0,1296639,586203,739393,471941,0,1110328,0,0,0,0,461332,293223,116539,208518,0,118477,192232,0,0,1,1,1,20,20% Discount,1,Q1,1,2017
04-01-2017,24324468,5171978,330147,0,735618,795933,299710,472259,0,734702,0,0,0,0,311633,138995,53768,284297,0,50886,77751,0,0,1,1,1,10,10% Discount,1,Q1,1,2017
05-01-2017,20563701,0,0,0,0,0,0,0,0,0,0,0,0,0,0,0,0,0,0,0,0,0,0,1,1,0,0,No Offer,1,Q1,1,2017
06-01-2017,20891874,0,0,0,0,0,0,0,0,0,0,0,0,0,0,0,0,0,0,0,0,0,0,1,0,0,0,No Offer,1,Q1,1,2017
07-01-2017,19268093,8315698,344405,162548,884113,516541,410307,397965,0,823507,0,0,0,0,465283,351093,78197,228238,0,93450,170115,0,0,1,0,0,0,No Offer,1,Q1,1,2017
08-01-2017,21065881,5016315,328473,254079,1221553,988576,911882,583265,0,1035913,0,0,0,0,592469,318875,118311,313938,0,129766,211096,0,0,0,0,1,5,5% Discount,1,Q1,1,2017
09-01-2017,22810891,0,0,0,0,0,0,0,0,0,0,0,0,0,0,0,0,0,0,0,0,0,0,1,1,1,5,5% Discount,1,Q1,2,2017
10-01-2017,22709408,6590654,454059,268728,800537,527100,574017,910986,0,975788,0,0,0,0,700136,271914,111270,341023,0,124419,133473,0,0,1,0,1,10,10% Discount,1,Q1,2,2017
11-01-2017,17908264,0,0,0,0,0,0,0,0,0,0,0,0,0,0,0,0,0,0,0,0,0,0,0,0,1,5,5% Discount,1,Q1,2,2017
12-01-2017,20476041,0,0,0,0,0,0,0,0,0,0,0,0,0,0,0,0,0,0,0,0,0,0,0,1,0,0,No Offer,1,Q1,2,2017
13-01-2017,20952221,0,0,0,0,0,0,0,0,0,0,0,0,0,0,0,0,0,0,0,0,0,0,0,0,1,20,20% Discount,1,Q1,2,2017
14-01-2017,16546541,4559403,291882,164237,740290,610540,557973,320056,0,1019458,0,0,0,0,468550,238240,74877,295074,0,61317,0,0,0,0,0,0,0,No Offer,1,Q1,2,2017
15-01-2017,21556250,0,0,0,0,0,0,0,0,0,0,0,0,0,0,0,0,0,0,0,0,0,0,1,1,0,0,No Offer,1,Q1,2,2017
16-01-2017,26358754,7507096,482343,206932,1068730,752647,474326,471034,0,1080426,0,0,0,0,623666,194959,94329,470623,0,128593,0,0,0,1,1,1,10,10% Discount,1,Q1,3,2017
17-01-2017,20537379,6421079,794676,138746,496363,752681,648249,580076,0,1349100,0,0,0,0,547614,364147,80229,224545,0,131157,0,0,0,0,0,1,10,10% Discount,1,Q1,3,2017
18-01-2017,18381847,0,0,0,0,0,0,0,0,0,0,0,0,0,0,0,0,0,0,0,0,0,0,0,0,1,5,5% Discount,1,Q1,3,2017
19-01-2017,17344325,3206430,0,0,0,807440,415798,361697,0,1236187,0,0,0,0,588772,344010,106720,211337,0,129283,0,0,619681,0,1,0,0,No Offer,1,Q1,3,2017
20-01-2017,20788899,7367408,0,0,0,908949,576467,585172,0,1346628,0,0,0,0,497911,276044,126450,279453,0,177643,0,0,312204,1,1,0,0,No Offer,1,Q1,3,2017
21-01-2017,20839072,9515802,0,0,0,954176,656374,639122,0,1476178,0,0,0,0,816910,510301,203341,499912,0,136234,0,0,569656,1,1,1,5,5% Discount,1,Q1,3,2017
22-01-2017,18022168,0,0,0,0,0,0,0,0,0,0,0,0,0,0,0,0,0,0,0,0,0,0,1,0,0,0,No Offer,1,Q1,3,2017
23-01-2017,22921053,7503879,0,0,0,619455,424600,448233,0,960312,0,0,0,0,482716,295889,77373,275345,0,94957,0,0,231146,1,1,0,0,No Offer,1,Q1,4,2017
24-01-2017,19619380,6712562,0,0,0,790697,404015,414085,0,855457,0,0,0,0,539334,336237,110401,218090,0,84701,0,0,234058,0,1,0,0,No Offer,1,Q1,4,2017
25-01-2017,26192568,7647090,0,0,0,971193,742975,711321,0,1608312,0,0,0,0,782548,403538,146902,469649,0,148185,0,0,475024,1,1,1,10,10% Discount,1,Q1,4,2017
26-01-2017,18380349,0,0,0,0,0,0,0,0,0,0,0,0,0,0,0,0,0,0,0,0,0,0,0,1,0,0,No Offer,1,Q1,4,2017
27-01-2017,21896166,0,0,0,0,0,0,0,0,0,0,0,0,0,0,0,0,0,0,0,0,0,0,1,1,0,0,No Offer,1,Q1,4,2017
28-01-2017,20812866,0,0,0,0,0,0,0,0,0,0,0,0,0,0,0,0,0,0,0,0,0,0,1,0,1,15,15% Discount,1,Q1,4,2017
29-01-2017,22812072,5225080,0,162052,867528,426479,483935,366915,0,1065996,0,0,0,559613,322553,192658,73065,233255,0,77960,102009,0,270757,1,1,1,10,10% Discount,1,Q1,4,2017
30-01-2017,20814085,0,0,0,0,0,0,0,0,0,0,0,0,0,0,0,0,0,0,0,0,0,0,1,0,1,5,5% Discount,1,Q1,5,2017
31-01-2017,17705469,4244504,0,103446,905441,613576,539878,574770,0,1012063,0,0,0,575751,558314,339848,85293,232618,0,138585,222559,0,179112,0,0,0,0,No Offer,1,Q1,5,2017
01-02-2017,22698692,0,0,0,0,0,0,0,0,0,0,0,0,0,0,0,0,0,0,0,0,0,0,1,0,1,10,10% Discount,2,Q1,5,2017
02-02-2017,23947723,0,0,0,0,0,0,0,0,0,0,0,0,0,0,0,0,0,0,0,0,0,0,1,0,1,10,10% Discount,2,Q1,5,2017
03-02-2017,19682195,3156142,0,183110,732505,471575,349414,363210,0,999962,0,0,0,929221,844244,220961,104315,226761,0,90137,171918,0,0,0,0,0,0,No Offer,2,Q1,5,2017
04-02-2017,19275787,0,0,0,0,0,0,0,0,0,0,0,0,0,0,0,0,0,0,0,0,0,0,0,1,0,0,No Offer,2,Q1,5,2017
05-02-2017,22594975,5811690,0,265765,1321790,644017,379133,528430,0,707491,0,0,0,961869,457052,277773,105227,182193,0,54448,158958,0,0,0,1,1,15,15% Discount,2,Q1,5,2017
06-02-2017,20391936,0,0,0,0,0,0,0,0,0,0,0,0,0,0,0,0,0,0,0,0,0,0,0,0,1,5,5% Discount,2,Q1,6,2017
07-02-2017,24048323,0,0,0,0,0,0,0,0,0,0,0,0,0,0,0,0,0,0,0,0,0,0,1,1,0,0,No Offer,2,Q1,6,2017
08-02-2017,20192323,5541598,0,117081,535021,534955,445427,456420,0,1469764,0,0,0,834395,495425,239041,98010,221338,0,103225,106992,0,0,0,1,1,5,5% Discount,2,Q1,6,2017
09-02-2017,25497328,0,0,0,0,0,0,0,0,0,0,0,0,0,0,0,0,0,0,0,0,0,0,1,1,1,10,10% Discount,2,Q1,6,2017
10-02-2017,20624062,5591267,0,571326,1188720,1040677,687313,1078035,0,1204648,0,0,0,1668107,1374114,307900,133667,515616,0,177899,151024,0,0,0,0,1,10,10% Discount,2,Q1,6,2017
11-02-2017,18930997,0,0,0,0,0,0,0,0,0,0,0,0,0,0,0,0,0,0,0,0,0,0,0,1,0,0,No Offer,2,Q1,6,2017
12-02-2017,23741648,8761242,0,130981,1726292,537774,472549,645684,0,1544347,0,0,0,708046,631726,284974,102434,287190,0,146707,176489,0,0,1,0,1,10,10% Discount,2,Q1,6,2017
13-02-2017,22862595,0,0,0,0,0,0,0,0,0,0,0,0,0,0,0,0,0,0,0,0,0,0,1,1,0,0,No Offer,2,Q1,7,2017
14-02-2017,19566931,3323149,0,154162,733995,802166,561211,485183,0,1044883,0,0,0,1552914,539566,256971,120972,234653,0,126728,124790,0,0,0,1,1,10,10% Discount,2,Q1,7,2017
15-02-2017,24043102,7925060,0,202221,852989,525276,543863,402862,0,1414697,0,0,0,811163,711525,192746,113048,337683,0,211545,242762,0,0,1,1,1,10,10% Discount,2,Q1,7,2017
16-02-2017,22718433,0,0,0,0,0,0,0,0,0,0,0,0,0,0,0,0,0,0,0,0,0,0,1,1,0,0,No Offer,2,Q1,7,2017
17-02-2017,20224867,3760761,0,0,0,712808,425073,415940,0,638057,0,0,0,851602,450934,249557,89800,245910,0,101941,240626,0,0,1,0,0,0,No Offer,2,Q1,7,2017
18-02-2017,21732068,0,0,0,0,0,0,0,0,0,0,0,0,0,0,0,0,0,0,0,0,0,0,0,1,0,0,No Offer,2,Q1,7,2017
19-02-2017,22585139,4708121,0,0,0,722393,396788,670059,0,1670483,0,0,0,894924,620801,270106,98264,337454,0,67328,145251,0,0,0,0,1,15,15% Discount,2,Q1,7,2017
20-02-2017,19780412,0,0,0,0,0,0,0,0,0,0,0,0,0,0,0,0,0,0,0,0,0,0,0,1,0,0,No Offer,2,Q1,8,2017
21-02-2017,19649325,0,0,0,0,0,0,0,0,0,0,0,0,0,0,0,0,0,0,0,0,0,0,0,1,0,0,No Offer,2,Q1,8,2017
22-02-2017,20090127,0,0,0,0,0,0,0,0,0,0,0,0,0,0,0,0,0,0,0,0,0,0,0,0,1,10,10% Discount,2,Q1,8,2017
23-02-2017,24069760,6850839,713482,0,0,649200,562764,760284,0,1713650,0,0,0,0,401948,287641,120418,423942,0,136889,284286,0,0,1,0,1,20,20% Discount,2,Q1,8,2017
24-02-2017,18087119,5738837,400999,0,0,729797,541098,746156,0,1463307,0,0,0,0,481902,343441,115301,213590,0,83598,292194,0,0,0,0,0,0,No Offer,2,Q1,8,2017
25-02-2017,15748788,0,0,0,0,0,0,0,0,0,0,0,0,0,0,0,0,0,0,0,0,0,0,0,0,1,10,10% Discount,2,Q1,8,2017
26-02-2017,29091278,4541867,324427,0,0,564447,328419,394077,0,955348,0,0,0,0,291680,205068,77046,277145,0,65227,110525,0,0,1,1,1,20,20% Discount,2,Q1,8,2017
27-02-2017,21011883,0,0,0,0,0,0,0,0,0,0,0,0,0,0,0,0,0,0,0,0,0,0,0,0,1,15,15% Discount,2,Q1,9,2017
28-02-2017,20046438,0,0,0,0,0,0,0,0,0,0,0,0,0,0,0,0,0,0,0,0,0,0,0,1,0,0,No Offer,2,Q1,9,2017
01-03-2017,25332419,8727161,748117,0,0,857268,546707,518293,0,734206,0,0,0,0,592858,281137,99173,356883,0,99950,181645,0,0,1,1,1,5,5% Discount,3,Q1,9,2017
02-03-2017,22018394,0,1278480,0,0,2430248,1371795,2102804,0,3783400,0,0,0,0,1461892,922774,300652,845764,0,0,0,0,0,1,0,0,0,No Offer,3,Q1,9,2017
03-03-2017,21555853,0,1276257,0,0,1918058,1294377,1161112,0,4702907,0,0,0,0,1170093,742953,186348,667434,0,0,0,0,0,1,0,0,0,No Offer,3,Q1,9,2017
04-03-2017,22457910,0,0,0,0,0,0,0,0,0,0,0,0,0,0,0,0,0,0,0,0,0,0,0,1,1,15,15% Discount,3,Q1,9,2017
05-03-2017,22116455,0,1343292,0,0,1971540,1296072,1441810,0,4979383,0,0,0,0,1453432,974569,225482,922899,0,0,0,0,0,1,1,1,5,5% Discount,3,Q1,9,2017
06-03-2017,21062167,0,659702,0,0,2012300,862288,1553645,0,2132015,0,0,0,0,1793512,649383,330873,681806,0,0,0,0,0,0,0,1,20,20% Discount,3,Q1,10,2017
07-03-2017,22306204,0,0,0,0,0,0,0,0,0,0,0,0,0,0,0,0,0,0,0,0,0,0,1,0,1,10,10% Discount,3,Q1,10,2017
08-03-2017,23924409,0,1363433,0,0,2040710,2012677,1356567,0,2488251,0,0,0,0,2034950,1111908,457929,1217658,0,0,0,0,0,1,0,1,5,5% Discount,3,Q1,10,2017
09-03-2017,20629227,0,1119457,936300,0,1950358,1299499,1138245,0,3655927,0,0,0,0,1504160,626033,321962,473495,0,0,0,0,0,0,0,0,0,No Offer,3,Q1,10,2017
10-03-2017,22650750,0,0,0,0,0,0,0,0,0,0,0,0,0,0,0,0,0,0,0,0,0,0,1,1,0,0,No Offer,3,Q1,10,2017
11-03-2017,16613841,0,1192192,222630,0,1121393,890566,743236,0,1808836,0,0,0,0,973614,660736,180617,379588,0,0,0,0,0,0,0,0,0,No Offer,3,Q1,10,2017
12-03-2017,21370141,0,0,0,0,0,0,0,0,0,0,0,0,0,0,0,0,0,0,0,0,0,0,0,0,1,10,10% Discount,3,Q1,10,2017
13-03-2017,27982856,0,1497795,592233,0,3273353,1339138,2017792,0,4130002,0,0,0,0,1349417,1057770,427544,932009,0,0,0,0,0,1,1,1,25,Buy3Get1,3,Q1,11,2017
14-03-2017,19251135,0,698775,273531,0,883437,591766,677971,0,1538139,0,0,0,0,1046768,453138,144310,280081,0,0,0,0,0,0,0,0,0,No Offer,3,Q1,11,2017
15-03-2017,23494734,0,856212,608743,0,2017989,1249500,1417244,0,3121611,0,0,0,0,1714399,1142137,282736,718786,0,0,0,0,0,0,1,1,5,5% Discount,3,Q1,11,2017
16-03-2017,22343789,0,0,0,0,0,0,0,0,0,0,0,0,0,0,0,0,0,0,0,0,0,0,1,0,0,0,No Offer,3,Q1,11,2017
17-03-2017,20118489,0,663642,371704,1724393,1687788,1183100,1010209,0,2866223,0,0,0,0,967717,918605,210415,445396,0,0,308429,0,0,0,0,1,10,10% Discount,3,Q1,11,2017
18-03-2017,18357181,0,427364,385874,662752,1218591,868181,1075487,0,2191129,0,0,0,0,907412,589442,228659,344619,0,0,488979,0,0,0,0,0,0,No Offer,3,Q1,11,2017
19-03-2017,21817616,0,970611,236683,2078678,1238738,772505,776038,0,1513057,0,0,0,0,1008198,352867,187248,534490,0,0,372942,0,0,1,0,0,0,No Offer,3,Q1,11,2017
20-03-2017,25357692,0,1316872,355293,1739910,1116064,983316,941460,0,2876630,0,0,0,0,1056177,779909,192443,532599,0,0,410394,0,0,1,1,1,15,15% Discount,3,Q1,12,2017
21-03-2017,26702584,0,752534,583943,3315163,1861193,1481210,1801451,0,2348967,0,0,0,0,1496556,878915,220009,918727,0,0,744032,0,0,1,1,1,15,15% Discount,3,Q1,12,2017
22-03-2017,27456573,0,756092,414852,3148612,1195647,1085796,983897,0,3909428,0,0,0,0,1268114,560031,210475,670729,0,0,604123,0,0,1,1,1,10,10% Discount,3,Q1,12,2017
23-03-2017,20340876,0,0,0,0,0,0,0,0,0,0,0,0,0,0,0,0,0,0,0,0,0,0,1,0,0,0,No Offer,3,Q1,12,2017
24-03-2017,20703545,4394895,333374,294285,0,720327,424796,716556,0,0,516840,216350,0,0,391374,308350,87803,203931,0,0,181046,0,218988,0,0,1,5,5% Discount,3,Q1,12,2017
25-03-2017,26282479,0,0,0,0,0,0,0,0,0,0,0,0,0,0,0,0,0,0,0,0,0,0,1,1,1,5,5% Discount,3,Q1,12,2017
26-03-2017,23835124,6874093,483748,169162,0,427614,413727,264039,0,0,381990,146970,0,0,268011,203625,83724,210757,0,0,101867,0,119142,1,0,1,10,10% Discount,3,Q1,12,2017
27-03-2017,23147336,0,0,0,0,0,0,0,0,0,0,0,0,0,0,0,0,0,0,0,0,0,0,1,0,0,0,No Offer,3,Q1,13,2017
28-03-2017,21806785,0,0,0,0,0,0,0,0,0,0,0,0,0,0,0,0,0,0,0,0,0,0,1,0,0,0,No Offer,3,Q1,13,2017
29-03-2017,22419189,0,0,0,0,0,0,0,0,0,0,0,0,0,0,0,0,0,0,0,0,0,0,1,0,0,0,No Offer,3,Q1,13,2017
30-03-2017,21967573,0,0,0,0,0,0,0,0,0,0,0,0,0,0,0,0,0,0,0,0,0,0,0,0,1,10,10% Discount,3,Q1,13,2017
31-03-2017,23976471,0,0,0,0,0,0,0,0,0,0,0,0,0,0,0,0,0,0,0,0,0,0,0,1,1,20,20% Discount,3,Q1,13,2017
01-04-2017,23483878,7343492,767123,252744,0,868248,919518,816490,0,0,440464,201155,0,0,1253435,449303,160779,407226,0,0,160326,0,0,0,1,0,0,No Offer,4,Q2,13,2017
02-04-2017,24312570,0,0,0,0,0,0,0,0,0,0,0,0,0,0,0,0,0,0,0,0,0,0,1,1,0,0,No Offer,4,Q2,13,2017
03-04-2017,26351676,0,0,0,0,0,0,0,0,0,0,0,0,0,0,0,0,0,0,0,0,0,0,1,1,1,5,5% Discount,4,Q2,14,2017
04-04-2017,22333812,5654818,571998,121053,0,931378,651617,590341,0,0,911349,217879,0,0,494011,273351,152002,253412,0,0,299097,0,0,0,0,1,10,10% Discount,4,Q2,14,2017
05-04-2017,23967728,9061153,900266,131829,0,1310746,829768,565337,0,0,616509,281075,0,0,918107,439780,134630,535422,0,0,286710,0,0,1,1,0,0,No Offer,4,Q2,14,2017
06-04-2017,21893178,6270740,531294,176216,0,980997,602657,458149,0,0,555693,277515,0,0,761535,326154,115395,427220,0,0,152619,0,0,0,0,1,5,5% Discount,4,Q2,14,2017
07-04-2017,22078156,0,0,0,0,0,0,0,0,0,0,0,0,0,0,0,0,0,0,0,0,0,0,0,1,1,5,5% Discount,4,Q2,14,2017
08-04-2017,24283173,0,0,0,0,0,0,0,0,0,0,0,0,0,0,0,0,0,0,0,0,0,0,1,1,1,10,10% Discount,4,Q2,14,2017
09-04-2017,25420559,7917418,1430337,258135,0,1309674,990386,1037178,0,0,1046600,444563,0,0,1037698,556788,182674,553047,0,0,267599,0,0,1,1,1,10,10% Discount,4,Q2,14,2017
10-04-2017,22099415,6572614,538154,202805,0,714882,405331,445311,0,0,354002,155641,0,0,473195,281492,96091,257632,0,0,222091,0,0,1,0,1,10,10% Discount,4,Q2,15,2017
11-04-2017,23844655,6277550,571446,186108,0,803416,635845,744656,0,0,593689,374174,0,0,662207,477051,171572,185321,0,0,202316,0,0,1,1,1,20,20% Discount,4,Q2,15,2017
12-04-2017,22321192,0,0,0,0,0,0,0,0,0,0,0,0,0,0,0,0,0,0,0,0,0,0,1,1,0,0,No Offer,4,Q2,15,2017
13-04-2017,23630042,7470218,1032835,303980,0,1485549,759429,1294666,0,0,1480835,504595,0,0,1434290,679040,155971,504173,0,0,294386,0,0,1,0,1,10,10% Discount,4,Q2,15,2017
14-04-2017,24002679,0,0,0,0,0,0,0,0,0,0,0,0,0,0,0,0,0,0,0,0,0,0,0,0,1,20,20% Discount,4,Q2,15,2017
15-04-2017,19932564,0,0,0,0,0,0,0,0,0,0,0,0,0,0,0,0,0,0,0,0,0,0,0,1,0,0,No Offer,4,Q2,15,2017
16-04-2017,22287053,0,0,0,0,0,0,0,0,0,0,0,0,0,0,0,0,0,0,0,0,0,0,0,1,0,0,No Offer,4,Q2,15,2017
17-04-2017,22636315,6654683,376133,132040,0,667774,392272,533618,0,0,279193,163910,0,0,599886,392519,118318,288200,0,0,266060,0,0,1,0,1,15,15% Discount,4,Q2,16,2017
18-04-2017,24020878,5411602,700609,353013,0,833621,765652,675104,0,0,735506,268802,0,0,1399255,359767,144805,453901,0,0,199708,0,0,1,1,1,10,10% Discount,4,Q2,16,2017
19-04-2017,23694423,0,0,0,0,0,0,0,0,0,0,0,0,0,0,0,0,0,0,0,0,0,0,1,0,0,0,No Offer,4,Q2,16,2017
20-04-2017,21082891,0,0,0,0,0,0,0,0,0,0,0,0,0,0,0,0,0,0,0,0,0,0,0,1,0,0,No Offer,4,Q2,16,2017
21-04-2017,20806144,0,0,0,0,0,0,0,0,0,0,0,0,0,0,0,0,0,0,0,0,0,0,0,1,0,0,No Offer,4,Q2,16,2017
22-04-2017,22114150,0,0,0,0,0,0,0,0,0,0,0,0,0,0,0,0,0,0,0,0,0,0,1,0,0,0,No Offer,4,Q2,16,2017
23-04-2017,24470377,6098785,719988,130051,0,892324,747490,568696,0,0,596571,218681,0,0,750146,313474,181769,464428,0,0,444387,0,0,1,1,1,15,15% Discount,4,Q2,16,2017
24-04-2017,20614704,0,0,0,0,0,0,0,0,0,0,0,0,0,0,0,0,0,0,0,0,0,0,0,0,1,10,10% Discount,4,Q2,17,2017
25-04-2017,20258735,0,0,0,0,0,0,0,0,0,0,0,0,0,0,0,0,0,0,0,0,0,0,0,0,1,5,5% Discount,4,Q2,17,2017
26-04-2017,25302114,0,0,0,0,0,0,0,0,0,0,0,0,0,0,0,0,0,0,0,0,0,0,0,1,1,15,15% Discount,4,Q2,17,2017
27-04-2017,19631727,0,0,0,0,0,0,0,0,0,0,0,0,0,0,0,0,0,0,0,0,0,0,1,0,0,0,No Offer,4,Q2,17,2017
28-04-2017,26059453,0,0,0,0,0,0,0,0,0,0,0,0,0,0,0,0,0,0,0,0,0,0,1,1,0,0,No Offer,4,Q2,17,2017
29-04-2017,20112986,6265675,0,366757,0,1157646,494151,638306,0,0,490115,322012,0,0,721689,405762,169370,337284,0,0,0,0,0,0,0,1,5,5% Discount,4,Q2,17,2017
30-04-2017,22001178,7412027,0,256214,0,815200,632846,527872,0,0,521831,220778,0,0,576568,298674,119718,421717,0,0,0,0,0,1,1,0,0,No Offer,4,Q2,17,2017
01-05-2017,22635155,8277351,0,289606,0,1219165,805018,701634,0,0,671108,254095,0,0,1063564,461917,139871,428909,0,0,0,0,0,1,1,0,0,No Offer,5,Q2,18,2017
02-05-2017,26936944,0,0,0,0,0,0,0,0,0,0,0,0,0,0,0,0,0,0,0,0,0,0,1,1,1,10,10% Discount,5,Q2,18,2017
03-05-2017,22558368,7462970,0,367268,0,727445,495568,695823,0,0,565114,130373,0,0,527831,234742,114028,305703,0,0,0,0,0,1,0,1,10,10% Discount,5,Q2,18,2017
04-05-2017,22025733,0,551091,298195,0,1143527,949749,1329730,0,0,884161,339809,0,0,900862,464927,232601,402107,0,0,0,0,0,0,1,1,5,5% Discount,5,Q2,18,2017
05-05-2017,20789317,0,0,0,0,0,0,0,0,0,0,0,0,0,0,0,0,0,0,0,0,0,0,0,0,1,5,5% Discount,5,Q2,18,2017
06-05-2017,21689025,0,1286790,463182,0,1629299,1181984,1269457,0,0,879292,538917,0,0,1374885,796371,278436,476273,0,0,0,0,0,0,0,0,0,No Offer,5,Q2,18,2017
07-05-2017,30222051,0,1353533,385972,0,1882850,1348107,1424016,0,0,1579369,562586,0,0,1055246,653034,248571,1080000,0,0,0,0,0,1,1,1,20,20% Discount,5,Q2,18,2017
08-05-2017,21079020,0,0,0,0,0,0,0,0,0,0,0,0,0,0,0,0,0,0,0,0,0,0,0,0,1,10,10% Discount,5,Q2,19,2017
09-05-2017,21647500,0,0,0,0,0,0,0,0,0,0,0,0,0,0,0,0,0,0,0,0,0,0,0,1,0,0,No Offer,5,Q2,19,2017
10-05-2017,20623796,0,1473403,755461,0,2660063,1473711,1740188,0,0,1523012,392880,0,0,1496827,1050288,380413,1038145,0,0,0,0,0,0,1,1,5,5% Discount,5,Q2,19,2017
11-05-2017,19248889,0,740313,455944,0,1639677,1296975,1347588,0,0,1529838,664236,2694166,0,1140328,680548,246713,513988,0,0,0,0,0,0,1,0,0,No Offer,5,Q2,19,2017
12-05-2017,18812142,0,634772,450382,0,726825,648834,915552,0,0,533325,398630,2590317,0,689654,443130,159675,370235,0,0,0,0,0,0,0,0,0,No Offer,5,Q2,19,2017
13-05-2017,25288562,0,820548,388344,0,1498604,1027966,1043711,0,0,749735,501097,4048576,0,1111691,514189,272410,596951,0,0,0,0,0,0,1,1,10,10% Discount,5,Q2,19,2017
14-05-2017,23817013,0,0,0,0,0,0,0,0,0,0,0,0,0,0,0,0,0,0,0,0,0,0,1,0,0,0,No Offer,5,Q2,19,2017
15-05-2017,23278135,0,0,0,0,0,0,0,0,0,0,0,0,0,0,0,0,0,0,0,0,0,0,1,0,0,0,No Offer,5,Q2,20,2017
16-05-2017,20766886,0,0,0,0,0,0,0,0,0,0,0,0,0,0,0,0,0,0,0,0,0,0,1,0,0,0,No Offer,5,Q2,20,2017
17-05-2017,21009736,0,0,0,0,0,0,0,0,0,0,0,0,0,0,0,0,0,0,0,0,0,0,0,1,0,0,No Offer,5,Q2,20,2017
18-05-2017,25183372,0,0,0,0,0,0,0,0,0,0,0,0,0,0,0,0,0,0,0,0,0,0,1,1,1,10,10% Discount,5,Q2,20,2017
19-05-2017,26288366,4800598,725492,349306,0,1180977,680591,719494,0,2435238,0,368075,0,1270521,874066,445250,117589,532166,0,0,0,0,0,1,1,1,10,10% Discount,5,Q2,20,2017
20-05-2017,25982959,7114719,609736,269950,0,559182,664584,609583,0,1125330,0,236604,0,837176,689785,240119,161783,237665,0,0,0,0,0,0,1,1,25,Buy3Get1,5,Q2,20,2017
21-05-2017,24962097,6282558,529316,281656,0,853657,670268,547578,0,1267697,0,372234,0,1220273,714800,356771,124588,397704,0,0,0,0,0,1,1,1,10,10% Discount,5,Q2,20,2017
22-05-2017,25109483,7814989,684241,194343,0,783397,478593,562755,0,1797474,0,223965,0,1475039,623686,327458,70531,357069,0,0,0,0,0,1,1,0,0,No Offer,5,Q2,21,2017
23-05-2017,23087759,9157674,501407,145408,0,668979,330341,439252,0,840282,0,315227,0,1169512,405394,360781,88288,313168,0,0,0,0,0,1,0,0,0,No Offer,5,Q2,21,2017
24-05-2017,21003488,0,0,0,0,0,0,0,0,0,0,0,0,0,0,0,0,0,0,0,0,0,0,0,1,0,0,No Offer,5,Q2,21,2017
25-05-2017,25051528,0,0,0,0,0,0,0,0,0,0,0,0,0,0,0,0,0,0,0,0,0,0,1,1,0,0,No Offer,5,Q2,21,2017
26-05-2017,25292122,6365157,443590,118375,0,591307,493615,443089,0,819760,0,138494,1309867,895443,384419,270253,67090,200674,0,89325,0,0,0,1,0,1,5,5% Discount,5,Q2,21,2017
27-05-2017,27705826,7136981,582082,182896,0,498323,380395,437436,0,1310098,0,219120,2064668,918338,548311,253785,118523,277057,0,113949,0,0,0,1,0,1,15,15% Discount,5,Q2,21,2017
28-05-2017,25335107,4582104,553070,214333,0,833184,678962,531052,0,1330876,0,130915,1486290,1138269,447395,484865,117882,262688,0,199158,0,0,0,0,1,1,15,15% Discount,5,Q2,21,2017
29-05-2017,20911470,4622456,328550,167592,0,623269,617589,440863,0,810899,0,325516,1774928,637277,577532,294974,92186,290106,0,126674,0,0,0,0,0,0,0,No Offer,5,Q2,22,2017
30-05-2017,25231829,0,0,0,0,0,0,0,0,0,0,0,0,0,0,0,0,0,0,0,0,0,0,1,1,1,5,5% Discount,5,Q2,22,2017
31-05-2017,21610287,3771234,203722,141705,0,520409,437512,499190,0,786848,0,159338,2089988,700226,469280,289997,78567,186699,0,93577,0,0,0,0,0,0,0,No Offer,5,Q2,22,2017
01-06-2017,21751919,0,0,0,0,0,0,0,0,0,0,0,0,0,0,0,0,0,0,0,0,0,0,1,0,1,5,5% Discount,6,Q2,22,2017
02-06-2017,22736723,0,0,0,0,0,0,0,0,0,0,0,0,0,0,0,0,0,0,0,0,0,0,0,1,0,0,No Offer,6,Q2,22,2017
03-06-2017,23727475,4264205,0,0,0,582437,427195,394124,0,1576272,0,176402,3567564,629096,424061,306944,85180,228076,0,93298,142061,0,0,1,1,0,0,No Offer,6,Q2,22,2017
04-06-2017,24358219,5340311,0,0,0,705933,474933,455076,0,2513087,0,201445,2051871,851457,542204,272070,100236,335671,0,116366,183155,0,0,1,0,0,0,No Offer,6,Q2,22,2017
05-06-2017,23149787,5134932,0,0,0,832377,586729,619425,0,939701,0,115801,2515250,1560491,722541,289794,109253,245226,0,139929,334180,0,0,1,0,0,0,No Offer,6,Q2,23,2017
06-06-2017,21476619,0,0,0,0,0,0,0,0,0,0,0,0,0,0,0,0,0,0,0,0,0,0,0,1,0,0,No Offer,6,Q2,23,2017
07-06-2017,24764587,4352486,0,0,0,883760,649494,923394,0,1699096,0,279558,2784163,925558,681731,347833,115374,329125,0,141074,347636,0,0,1,1,1,5,5% Discount,6,Q2,23,2017
08-06-2017,26912926,0,906142,0,0,1401337,839568,919519,0,3644234,0,365478,0,2036871,1183205,622200,198866,636028,0,254832,0,0,0,1,1,1,10,10% Discount,6,Q2,23,2017
09-06-2017,22189154,0,240980,0,0,649152,498783,418389,0,1243762,0,374413,0,907069,818825,226554,123324,252222,0,123786,0,0,0,0,1,0,0,No Offer,6,Q2,23,2017
10-06-2017,21058378,0,1087966,0,0,1828675,949677,855257,0,2449223,0,434520,0,2096008,921206,575781,193495,475244,0,241647,0,0,0,0,1,0,0,No Offer,6,Q2,23,2017
11-06-2017,21695293,0,529057,0,0,1403749,924673,1168925,0,2142190,0,338124,0,3164674,1044794,761807,203505,514920,0,162479,0,0,0,0,0,1,10,10% Discount,6,Q2,23,2017
12-06-2017,27505555,0,1099608,0,0,1619899,1151722,1796208,0,3623380,0,471710,0,2627394,1475789,677242,295469,562597,0,236124,0,0,0,1,1,1,10,10% Discount,6,Q2,24,2017
13-06-2017,25744717,0,0,0,0,0,0,0,0,0,0,0,0,0,0,0,0,0,0,0,0,0,0,1,1,1,20,20% Discount,6,Q2,24,2017
14-06-2017,25226446,0,514785,0,0,1095214,907054,817717,0,2023133,0,280525,0,1216133,610286,356172,152898,343574,0,111645,0,0,0,1,1,0,0,No Offer,6,Q2,24,2017
15-06-2017,24932365,5649698,309775,0,1100714,464621,445992,643825,0,0,0,0,2373604,1116168,307470,270666,91586,220618,0,119018,0,0,298565,1,1,0,0,No Offer,6,Q2,24,2017
16-06-2017,29008561,7163927,567135,0,717036,565195,330456,484635,0,0,0,0,2284299,827503,502164,171464,100607,242840,0,118344,0,0,129319,1,1,1,15,15% Discount,6,Q2,24,2017
17-06-2017,19898362,0,0,0,0,0,0,0,0,0,0,0,0,0,0,0,0,0,0,0,0,0,0,0,0,1,5,5% Discount,6,Q2,24,2017
18-06-2017,23296620,0,0,0,0,0,0,0,0,0,0,0,0,0,0,0,0,0,0,0,0,0,0,1,0,1,5,5% Discount,6,Q2,24,2017
19-06-2017,21861279,0,0,0,0,0,0,0,0,0,0,0,0,0,0,0,0,0,0,0,0,0,0,0,0,1,10,10% Discount,6,Q2,25,2017
20-06-2017,23457564,0,0,0,0,0,0,0,0,0,0,0,0,0,0,0,0,0,0,0,0,0,0,0,1,1,5,5% Discount,6,Q2,25,2017
21-06-2017,22156500,3881393,279567,0,1012144,450422,428883,517533,0,0,0,0,1637765,1373477,420401,272367,67317,148967,0,136824,0,0,211920,0,1,0,0,No Offer,6,Q2,25,2017
22-06-2017,24187261,5196296,533569,75900,0,466700,307303,334920,0,0,0,0,2086556,997444,380202,227739,72085,215688,0,0,0,0,194359,1,1,1,10,10% Discount,6,Q2,25,2017
23-06-2017,24620319,0,0,0,0,0,0,0,0,0,0,0,0,0,0,0,0,0,0,0,0,0,0,1,1,0,0,No Offer,6,Q2,25,2017
24-06-2017,24205927,0,0,0,0,0,0,0,0,0,0,0,0,0,0,0,0,0,0,0,0,0,0,0,1,0,0,No Offer,6,Q2,25,2017
25-06-2017,23232883,5202923,482796,186466,0,474735,518773,480815,0,0,0,0,1137366,1165871,432808,251101,133560,278169,0,0,0,0,153285,1,0,0,0,No Offer,6,Q2,25,2017
26-06-2017,29775004,6186843,474597,302164,0,673771,502738,601494,0,0,0,0,2737586,492212,591837,278178,113634,399974,0,0,0,0,316388,1,1,1,15,15% Discount,6,Q2,26,2017
27-06-2017,26752491,5328903,761609,172558,0,582213,340433,408891,0,0,0,0,2145446,1179053,633755,374679,77174,205120,0,0,0,0,173518,1,1,1,5,5% Discount,6,Q2,26,2017
28-06-2017,26190296,0,0,0,0,0,0,0,0,0,0,0,0,0,0,0,0,0,0,0,0,0,0,1,1,0,0,No Offer,6,Q2,26,2017
29-06-2017,26637325,10006304,997268,469652,0,1161366,667238,927096,0,0,0,0,0,1230172,1049323,369450,142261,460862,0,0,523596,0,0,1,1,1,10,10% Discount,6,Q2,26,2017
30-06-2017,23124793,0,0,0,0,0,0,0,0,0,0,0,0,0,0,0,0,0,0,0,0,0,0,0,0,1,15,15% Discount,6,Q2,26,2017
01-07-2017,27354504,9884161,722452,297799,0,1305678,1080361,1118580,0,0,0,0,0,1582744,909208,458427,161091,596143,0,0,279248,0,0,1,1,1,10,10% Discount,7,Q3,26,2017
02-07-2017,21456070,8595487,442980,398887,0,812640,621046,440127,0,0,0,0,0,800343,652593,370449,156962,277672,0,0,208799,0,0,0,0,1,5,5% Discount,7,Q3,26,2017
03-07-2017,26062450,0,0,0,0,0,0,0,0,0,0,0,0,0,0,0,0,0,0,0,0,0,0,1,1,0,0,No Offer,7,Q3,27,2017
04-07-2017,19985136,3868850,555868,373006,0,886380,834042,813262,0,0,0,0,0,1457976,1026123,495637,186482,254509,0,0,441108,0,0,0,0,0,0,No Offer,7,Q3,27,2017
05-07-2017,24803610,6072379,340252,203739,0,659701,364478,492529,0,0,0,0,0,865710,463593,250981,122660,267366,0,0,182373,0,0,0,1,0,0,No Offer,7,Q3,27,2017
06-07-2017,21823929,6666771,261211,153081,0,549107,389822,424766,0,0,0,0,1263084,1008841,272422,184563,73088,207343,0,0,0,0,0,1,0,0,0,No Offer,7,Q3,27,2017
07-07-2017,26177627,0,0,0,0,0,0,0,0,0,0,0,0,0,0,0,0,0,0,0,0,0,0,1,0,1,10,10% Discount,7,Q3,27,2017
08-07-2017,26029142,0,0,0,0,0,0,0,0,0,0,0,0,0,0,0,0,0,0,0,0,0,0,1,0,1,5,5% Discount,7,Q3,27,2017
09-07-2017,26533185,7168746,882450,159403,0,806312,542254,701759,0,0,0,0,2708370,1227125,668790,244719,124518,288879,0,0,0,0,0,1,0,1,20,20% Discount,7,Q3,27,2017
10-07-2017,20806391,0,0,0,0,0,0,0,0,0,0,0,0,0,0,0,0,0,0,0,0,0,0,0,1,0,0,No Offer,7,Q3,28,2017
11-07-2017,24797389,0,0,0,0,0,0,0,0,0,0,0,0,0,0,0,0,0,0,0,0,0,0,0,1,1,5,5% Discount,7,Q3,28,2017
12-07-2017,23408328,0,0,0,0,0,0,0,0,0,0,0,0,0,0,0,0,0,0,0,0,0,0,1,0,0,0,No Offer,7,Q3,28,2017
13-07-2017,28293734,0,0,0,0,0,0,0,0,0,0,0,0,0,0,0,0,0,0,0,0,0,0,1,1,1,10,10% Discount,7,Q3,28,2017
14-07-2017,22158621,0,0,0,0,0,0,0,0,0,0,0,0,0,0,0,0,0,0,0,0,0,0,0,1,0,0,No Offer,7,Q3,28,2017
15-07-2017,24625674,0,0,0,0,0,0,0,0,0,0,0,0,0,0,0,0,0,0,0,0,0,0,0,1,0,0,No Offer,7,Q3,28,2017
16-07-2017,20197548,0,0,0,0,0,0,0,0,0,0,0,0,0,0,0,0,0,0,0,0,0,0,1,0,0,0,No Offer,7,Q3,28,2017
17-07-2017,27598371,0,0,0,0,0,0,0,0,0,0,0,0,0,0,0,0,0,0,0,0,0,0,1,1,1,10,10% Discount,7,Q3,29,2017
18-07-2017,25004455,0,0,0,0,0,0,0,0,0,0,0,0,0,0,0,0,0,0,0,0,0,0,1,0,0,0,No Offer,7,Q3,29,2017
19-07-2017,24953881,0,0,0,0,0,0,0,0,0,0,0,0,0,0,0,0,0,0,0,0,0,0,0,0,1,25,Buy3Get1,7,Q3,29,2017
20-07-2017,22724823,0,0,0,0,0,0,0,0,0,0,0,0,0,0,0,0,0,0,0,0,0,0,0,1,0,0,No Offer,7,Q3,29,2017
21-07-2017,25324013,0,962957,253153,0,1031577,955319,711049,0,0,0,0,5586817,0,850235,350680,157341,336811,0,205727,0,0,414652,1,1,1,5,5% Discount,7,Q3,29,2017
22-07-2017,26036253,0,0,0,0,0,0,0,0,0,0,0,0,0,0,0,0,0,0,0,0,0,0,1,1,1,5,5% Discount,7,Q3,29,2017
23-07-2017,19343638,0,927813,1083937,0,2143924,1493045,1859022,0,0,0,0,3636717,0,1357127,753243,283299,769745,0,406420,0,0,547115,0,0,1,5,5% Discount,7,Q3,29,2017
24-07-2017,22221919,0,0,0,0,0,0,0,0,0,0,0,0,0,0,0,0,0,0,0,0,0,0,0,1,1,5,5% Discount,7,Q3,30,2017
25-07-2017,22129162,0,0,0,0,0,0,0,0,0,0,0,0,0,0,0,0,0,0,0,0,0,0,0,1,1,5,5% Discount,7,Q3,30,2017
26-07-2017,28100688,0,679684,241211,0,1560335,858794,832671,0,0,0,0,4133722,0,1151356,528393,172544,561268,0,116218,0,0,593424,1,1,1,10,10% Discount,7,Q3,30,2017
27-07-2017,24159976,0,0,0,0,0,0,0,0,0,0,0,0,0,0,0,0,0,0,0,0,0,0,1,1,0,0,No Offer,7,Q3,30,2017
28-07-2017,21612519,0,1048320,399456,0,1556251,1351827,2024668,0,0,0,0,3442964,0,1633078,767734,166793,750353,0,262468,0,0,0,0,1,0,0,No Offer,7,Q3,30,2017
29-07-2017,21835492,0,0,0,0,0,0,0,0,0,0,0,0,0,0,0,0,0,0,0,0,0,0,0,1,0,0,No Offer,7,Q3,30,2017
30-07-2017,21340887,0,0,0,0,0,0,0,0,0,0,0,0,0,0,0,0,0,0,0,0,0,0,0,1,0,0,No Offer,7,Q3,30,2017
31-07-2017,22707754,0,0,0,0,0,0,0,0,0,0,0,0,0,0,0,0,0,0,0,0,0,0,0,1,0,0,No Offer,7,Q3,31,2017
01-08-2017,26095671,0,0,0,0,0,0,0,0,0,0,0,0,0,0,0,0,0,0,0,0,0,0,1,1,0,0,No Offer,8,Q3,31,2017
02-08-2017,23028226,0,0,0,0,0,0,0,0,0,0,0,0,0,0,0,0,0,0,0,0,0,0,0,0,1,5,5% Discount,8,Q3,31,2017
03-08-2017,23681022,0,0,0,0,0,0,0,0,0,0,0,0,0,0,0,0,0,0,0,0,0,0,0,1,0,0,No Offer,8,Q3,31,2017
04-08-2017,25395768,0,0,0,0,0,0,0,0,0,0,0,0,0,0,0,0,0,0,0,0,0,0,1,0,1,5,5% Discount,8,Q3,31,2017
05-08-2017,23171181,7274126,890323,0,1150812,661627,378456,564686,0,0,0,0,0,0,472892,273092,124252,309126,0,86485,0,0,0,1,0,0,0,No Offer,8,Q3,31,2017
06-08-2017,23082766,0,0,0,0,0,0,0,0,0,0,0,0,0,0,0,0,0,0,0,0,0,0,1,0,0,0,No Offer,8,Q3,31,2017
07-08-2017,27103604,6764601,1051830,0,1355221,855314,1006653,744342,0,0,0,0,0,0,751808,472558,96027,518886,0,153517,0,0,0,1,1,1,15,15% Discount,8,Q3,32,2017
08-08-2017,22447923,0,0,0,0,0,0,0,0,0,0,0,0,0,0,0,0,0,0,0,0,0,0,0,1,1,5,5% Discount,8,Q3,32,2017
09-08-2017,25837717,0,0,0,0,0,0,0,0,0,0,0,0,0,0,0,0,0,0,0,0,0,0,1,1,0,0,No Offer,8,Q3,32,2017
10-08-2017,22629899,0,0,0,0,0,0,0,0,0,0,0,0,0,0,0,0,0,0,0,0,0,0,1,0,0,0,No Offer,8,Q3,32,2017
11-08-2017,27796223,11872525,1098619,0,0,915374,439585,693558,0,0,467145,0,0,0,736314,388245,120802,383501,0,236964,0,0,0,1,1,0,0,No Offer,8,Q3,32,2017
12-08-2017,24546884,5461070,1616183,0,0,1820164,787911,1365738,0,0,1241636,0,0,0,907383,589798,148642,349899,0,181745,0,0,0,1,0,1,5,5% Discount,8,Q3,32,2017
13-08-2017,24868790,7009575,459414,0,0,1073707,570886,464303,0,0,479035,0,0,0,702623,304144,117207,376505,0,127200,0,0,0,0,1,0,0,No Offer,8,Q3,32,2017
14-08-2017,25451856,6015935,924580,0,0,953914,549452,553852,0,0,310008,0,0,0,939836,324057,129120,295622,0,92293,0,0,0,1,0,1,5,5% Discount,8,Q3,33,2017
15-08-2017,24365104,8349825,510642,0,0,1222770,576586,724396,0,0,625339,0,0,0,815413,445136,128055,360960,0,109221,0,0,0,1,1,0,0,No Offer,8,Q3,33,2017
16-08-2017,23578328,0,0,0,0,0,0,0,0,0,0,0,0,0,0,0,0,0,0,0,0,0,0,1,0,0,0,No Offer,8,Q3,33,2017
17-08-2017,25551000,0,1259780,377261,0,1986516,1132455,1267313,0,0,1371478,0,0,0,1623863,616594,225085,839655,0,370452,0,0,0,1,0,1,25,Buy3Get1,8,Q3,33,2017
18-08-2017,21376883,0,804089,436808,0,2044792,1107311,1127780,0,0,1153787,0,0,0,1403202,580982,230235,833159,0,308077,0,0,0,0,0,0,0,No Offer,8,Q3,33,2017
19-08-2017,21889433,0,1571795,623944,0,1914009,1107016,1203868,0,0,1390026,0,0,0,1498172,778774,299003,766601,0,233086,0,0,0,0,1,0,0,No Offer,8,Q3,33,2017
20-08-2017,21305963,0,0,0,0,0,0,0,0,0,0,0,0,0,0,0,0,0,0,0,0,0,0,0,1,0,0,No Offer,8,Q3,33,2017
21-08-2017,23996227,0,1357753,579376,0,2879503,1610522,1196767,0,0,986022,0,0,0,1312752,937394,306926,758231,0,422044,0,0,0,0,0,1,5,5% Discount,8,Q3,34,2017
22-08-2017,30417168,0,2667186,678852,0,2788882,1130663,1839617,0,0,1148852,0,0,0,2319644,938834,374022,778770,0,487875,0,0,0,1,1,1,15,15% Discount,8,Q3,34,2017
23-08-2017,24213299,0,0,0,0,0,0,0,0,0,0,0,0,0,0,0,0,0,0,0,0,0,0,0,1,0,0,No Offer,8,Q3,34,2017
24-08-2017,26782771,0,0,0,0,0,0,0,0,0,0,0,0,0,0,0,0,0,0,0,0,0,0,1,1,0,0,No Offer,8,Q3,34,2017
25-08-2017,26532141,0,0,0,0,0,0,0,0,0,0,0,0,0,0,0,0,0,0,0,0,0,0,1,1,1,15,15% Discount,8,Q3,34,2017
26-08-2017,22297381,3953799,462061,196399,0,472149,365915,401021,0,0,301975,0,1687989,0,433114,227369,89530,169434,0,90226,0,0,0,0,1,0,0,No Offer,8,Q3,34,2017
27-08-2017,26072219,6478192,617782,202441,0,858549,594733,857716,0,0,369113,0,2628627,0,813317,438376,131260,324537,0,323349,0,0,0,1,1,1,5,5% Discount,8,Q3,34,2017
28-08-2017,20507190,3424207,502587,296505,0,641511,597627,723659,0,0,522353,0,2506569,0,459112,256944,110722,259848,0,95284,0,0,0,0,1,0,0,No Offer,8,Q3,35,2017
29-08-2017,27489923,5493714,872361,268726,0,1014074,531900,827753,0,0,527131,0,3983553,0,832314,477158,140448,406030,0,174355,0,0,0,1,0,1,25,Buy3Get1,8,Q3,35,2017
30-08-2017,21288704,5031441,539630,146045,0,794836,629894,826347,0,0,646983,0,2449557,0,649883,522562,111824,357175,0,165657,0,0,0,0,0,1,5,5% Discount,8,Q3,35,2017
31-08-2017,23884765,0,1106531,0,0,1492805,1235356,1277100,0,0,638631,0,0,0,1286878,832319,297669,994736,0,269851,514442,0,485970,1,0,0,0,No Offer,8,Q3,35,2017
01-09-2017,26084271,0,1029084,0,0,1714372,1137102,1336358,0,0,929744,0,0,0,1302311,736414,228816,721027,0,116603,514257,0,477650,0,0,1,5,5% Discount,9,Q3,35,2017
02-09-2017,26306252,0,851953,0,0,1485978,944259,1391105,0,0,924484,0,0,0,1630969,582823,253016,550861,0,182424,640828,0,565467,0,1,1,15,15% Discount,9,Q3,35,2017
03-09-2017,24576049,0,0,0,0,0,0,0,0,0,0,0,0,0,0,0,0,0,0,0,0,0,0,1,0,0,0,No Offer,9,Q3,35,2017
04-09-2017,25949562,0,816252,0,0,1489860,1136345,998245,0,0,785521,0,0,0,977334,526989,215260,688440,0,152893,987634,0,494058,1,1,0,0,No Offer,9,Q3,36,2017
05-09-2017,29715337,0,569960,0,0,1156859,805427,1115544,0,0,1440270,0,0,0,914193,686543,277588,568798,0,242483,443032,0,477686,1,1,1,10,10% Discount,9,Q3,36,2017
06-09-2017,22011558,0,0,0,0,0,0,0,0,0,0,0,0,0,0,0,0,0,0,0,0,0,0,0,0,1,10,10% Discount,9,Q3,36,2017
07-09-2017,28264720,7312697,0,0,0,1393995,1117185,799271,0,0,900021,189788,0,0,624823,614634,181773,498101,0,0,455405,0,0,1,0,1,5,5% Discount,9,Q3,36,2017
08-09-2017,23357422,0,0,0,0,0,0,0,0,0,0,0,0,0,0,0,0,0,0,0,0,0,0,0,0,1,10,10% Discount,9,Q3,36,2017
09-09-2017,23828272,0,0,0,0,0,0,0,0,0,0,0,0,0,0,0,0,0,0,0,0,0,0,0,0,1,15,15% Discount,9,Q3,36,2017
10-09-2017,23985349,4888153,0,0,0,1009378,615192,1111064,0,0,913384,272835,0,0,822674,506515,165306,430612,0,0,270992,0,0,0,0,1,5,5% Discount,9,Q3,36,2017
11-09-2017,23173410,0,0,0,0,0,0,0,0,0,0,0,0,0,0,0,0,0,0,0,0,0,0,0,1,1,5,5% Discount,9,Q3,37,2017
12-09-2017,25468676,0,0,0,0,0,0,0,0,0,0,0,0,0,0,0,0,0,0,0,0,0,0,1,0,0,0,No Offer,9,Q3,37,2017
13-09-2017,25530804,6219272,0,0,0,754610,471612,539626,0,0,454236,254037,0,0,497702,288426,125759,369214,0,0,242550,0,0,0,1,0,0,No Offer,9,Q3,37,2017
14-09-2017,25992130,0,0,0,0,0,0,0,0,0,0,0,0,0,0,0,0,0,0,0,0,0,0,1,1,0,0,No Offer,9,Q3,37,2017
15-09-2017,27431295,5546045,332067,121158,0,589225,418011,371131,0,0,228104,147070,2212724,0,437306,182936,67280,297456,0,0,131866,0,141126,1,0,0,0,No Offer,9,Q3,37,2017
16-09-2017,27399613,0,0,0,0,0,0,0,0,0,0,0,0,0,0,0,0,0,0,0,0,0,0,1,1,0,0,No Offer,9,Q3,37,2017
17-09-2017,28519146,6100928,603617,200053,0,637308,420392,371690,0,0,388429,185892,3736313,0,502662,276543,105215,265842,0,0,227202,0,145352,1,1,1,5,5% Discount,9,Q3,37,2017
18-09-2017,27490650,5936634,740851,184686,0,1241501,577186,663982,0,0,829891,148009,3286158,0,711259,334209,160593,566346,0,0,336629,0,602045,1,0,1,5,5% Discount,9,Q3,38,2017
19-09-2017,30043469,8177911,806351,132297,0,937904,500701,500251,0,0,441721,114296,2116353,0,602288,439007,106864,362231,0,0,188441,0,343544,1,0,1,15,15% Discount,9,Q3,38,2017
20-09-2017,24820409,5358853,451568,202084,0,647172,441187,548045,0,0,485103,165375,1914156,0,455329,298454,146505,317120,0,0,220091,0,175121,1,0,0,0,No Offer,9,Q3,38,2017
21-09-2017,24693167,0,0,0,0,0,0,0,0,0,0,0,0,0,0,0,0,0,0,0,0,0,0,0,0,1,10,10% Discount,9,Q3,38,2017
22-09-2017,30652274,6229991,409073,119333,0,762496,570324,559406,0,0,469824,183323,1273386,0,723986,304255,137023,234305,0,0,637747,0,392468,0,1,1,25,Buy3Get1,9,Q3,38,2017
23-09-2017,24559798,6000295,637662,215169,0,725125,471823,592642,0,0,533498,125999,2349575,0,594107,275316,105696,253138,0,0,292283,0,287195,1,1,0,0,No Offer,9,Q3,38,2017
24-09-2017,21127828,0,0,0,0,0,0,0,0,0,0,0,0,0,0,0,0,0,0,0,0,0,0,0,1,0,0,No Offer,9,Q3,38,2017
25-09-2017,22625092,0,0,0,0,0,0,0,0,0,0,0,0,0,0,0,0,0,0,0,0,0,0,0,0,1,5,5% Discount,9,Q3,39,2017
26-09-2017,25520777,6744476,519762,324401,0,927214,698488,562523,0,0,674754,151679,2446857,0,571523,431196,126131,336109,0,0,334378,0,302507,1,1,1,10,10% Discount,9,Q3,39,2017
27-09-2017,23137602,1904761,278612,170890,0,500041,355071,362477,0,0,224971,88441,1162805,0,409831,262695,68813,200273,0,0,89015,0,190421,0,1,0,0,No Offer,9,Q3,39,2017
28-09-2017,27989357,5033874,0,136563,0,927290,613869,747994,0,0,669708,226707,5165373,0,1055227,421720,144575,546281,0,0,371911,0,0,1,1,1,5,5% Discount,9,Q3,39,2017
29-09-2017,25980596,0,0,0,0,0,0,0,0,0,0,0,0,0,0,0,0,0,0,0,0,0,0,1,1,0,0,No Offer,9,Q3,39,2017
30-09-2017,21656694,3558657,0,177512,0,790546,563741,568755,0,0,388606,252462,1471296,0,579437,359435,122834,324237,0,0,142523,0,0,0,0,0,0,No Offer,9,Q3,39,2017
01-10-2017,23611557,6722528,0,229387,0,748892,712214,534680,0,0,590372,267697,1729937,0,608186,343785,112116,190152,0,0,176036,0,0,0,1,0,0,No Offer,10,Q4,39,2017
02-10-2017,25337663,0,0,0,0,0,0,0,0,0,0,0,0,0,0,0,0,0,0,0,0,0,0,0,0,1,5,5% Discount,10,Q4,40,2017
03-10-2017,27400253,5870314,0,91282,0,689103,389502,593544,0,0,522266,150328,3616857,0,407648,196430,132465,285076,0,0,392521,0,0,1,1,1,5,5% Discount,10,Q4,40,2017
04-10-2017,22772199,5757239,0,359001,0,850934,752660,807128,0,0,479787,182200,1867488,0,562019,515231,141630,355181,0,0,284116,0,0,1,0,0,0,No Offer,10,Q4,40,2017
05-10-2017,27798078,0,0,906080,0,2038777,1008239,832082,0,0,1323892,354718,0,0,1324336,850686,251119,985701,0,333973,0,0,0,1,1,0,0,No Offer,10,Q4,40,2017
06-10-2017,26515070,0,0,531445,0,2570711,1548728,1544346,0,0,1026066,814922,0,0,1788750,723365,248000,843528,0,302903,0,0,0,0,1,0,0,No Offer,10,Q4,40,2017
07-10-2017,24322791,0,0,0,0,0,0,0,0,0,0,0,0,0,0,0,0,0,0,0,0,0,0,0,0,1,5,5% Discount,10,Q4,40,2017
08-10-2017,23383606,0,0,0,0,0,0,0,0,0,0,0,0,0,0,0,0,0,0,0,0,0,0,0,1,0,0,No Offer,10,Q4,40,2017
09-10-2017,28332851,0,0,935414,0,2003418,1406533,1116030,0,0,1439637,514281,0,0,1126223,666058,350957,1016966,0,425418,0,0,0,1,0,1,10,10% Discount,10,Q4,41,2017
10-10-2017,30968925,0,0,0,0,0,0,0,0,0,0,0,0,0,0,0,0,0,0,0,0,0,0,0,1,1,25,Buy3Get1,10,Q4,41,2017
11-10-2017,25285175,0,0,392000,0,2176692,1258814,1466888,0,0,1475359,574077,0,0,1627140,1231133,218508,664089,0,463459,0,0,0,0,1,0,0,No Offer,10,Q4,41,2017
12-10-2017,27722648,0,0,414754,0,1995354,1433685,1300410,0,0,1330541,429332,0,0,1131702,634051,235674,963046,0,171433,0,0,0,1,1,0,0,No Offer,10,Q4,41,2017
13-10-2017,27959000,0,0,778282,0,1920135,1575292,1485010,0,0,685768,293482,0,0,2040597,776407,345483,842376,0,430623,0,0,0,0,1,1,10,10% Discount,10,Q4,41,2017
14-10-2017,20864003,0,0,472671,0,1356149,1022582,721468,0,0,865159,356008,0,0,1140725,651296,214040,550581,0,252028,0,0,0,0,0,0,0,No Offer,10,Q4,41,2017
15-10-2017,24692267,0,0,0,0,0,0,0,0,0,0,0,0,0,0,0,0,0,0,0,0,0,0,1,0,0,0,No Offer,10,Q4,41,2017
16-10-2017,25013125,0,0,0,0,0,0,0,0,0,0,0,0,0,0,0,0,0,0,0,0,0,0,1,0,1,5,5% Discount,10,Q4,42,2017
17-10-2017,25186465,0,0,384622,0,1968760,1208227,865654,0,0,1617915,469292,0,0,1590112,571068,253093,474083,0,195468,0,0,0,0,0,0,0,No Offer,10,Q4,42,2017
18-10-2017,27293142,0,0,743003,0,2090791,888767,1255576,0,0,1208799,297459,0,0,1707481,762550,327442,510034,0,501170,0,0,0,0,1,1,5,5% Discount,10,Q4,42,2017
19-10-2017,23565291,2817991,365099,0,0,674634,519682,436536,0,0,449005,180449,2073384,0,689546,274928,104070,289111,0,0,297915,0,0,0,0,0,0,No Offer,10,Q4,42,2017
20-10-2017,23833842,0,0,0,0,0,0,0,0,0,0,0,0,0,0,0,0,0,0,0,0,0,0,1,0,0,0,No Offer,10,Q4,42,2017
21-10-2017,24352348,5279497,214823,0,0,843532,505341,629715,0,0,318658,197300,2416294,0,640204,267874,100054,202001,0,0,329853,0,0,0,0,0,0,No Offer,10,Q4,42,2017
22-10-2017,28284053,0,0,0,0,0,0,0,0,0,0,0,0,0,0,0,0,0,0,0,0,0,0,1,0,0,0,No Offer,10,Q4,42,2017
23-10-2017,28090475,0,0,0,0,0,0,0,0,0,0,0,0,0,0,0,0,0,0,0,0,0,0,1,0,1,5,5% Discount,10,Q4,43,2017
24-10-2017,30399115,6246572,288557,0,0,855166,484739,609931,0,0,424176,269161,5403534,0,702131,350057,110399,365257,0,0,253017,0,0,1,1,1,10,10% Discount,10,Q4,43,2017
25-10-2017,29279192,6890840,572288,0,0,787133,597167,840691,0,0,633454,208764,1243648,0,561425,434716,121522,292967,0,0,354528,0,0,0,1,1,15,15% Discount,10,Q4,43,2017
26-10-2017,23706201,2605915,228428,72057,0,511908,399347,434804,0,0,423926,84582,948787,0,399236,211479,75015,135998,0,0,0,0,0,0,0,0,0,No Offer,10,Q4,43,2017
27-10-2017,31990152,0,0,0,0,0,0,0,0,0,0,0,0,0,0,0,0,0,0,0,0,0,0,1,0,1,20,20% Discount,10,Q4,43,2017
28-10-2017,30939252,0,0,0,0,0,0,0,0,0,0,0,0,0,0,0,0,0,0,0,0,0,0,1,1,1,5,5% Discount,10,Q4,43,2017
29-10-2017,30075785,5771533,462271,323850,0,457124,553847,406104,0,0,373127,156072,2549211,0,663436,211723,111562,279764,0,0,0,0,0,1,1,1,10,10% Discount,10,Q4,43,2017
30-10-2017,24202287,0,0,0,0,0,0,0,0,0,0,0,0,0,0,0,0,0,0,0,0,0,0,0,0,1,10,10% Discount,10,Q4,44,2017
31-10-2017,22777178,5181893,374184,289163,0,990203,582925,712883,0,0,789403,118211,1829292,0,815146,391601,149636,291119,0,0,0,0,0,0,0,0,0,No Offer,10,Q4,44,2017
01-11-2017,32291318,0,0,0,0,0,0,0,0,0,0,0,0,0,0,0,0,0,0,0,0,0,0,1,1,1,10,10% Discount,11,Q4,44,2017
02-11-2017,25340308,0,0,0,0,0,0,0,0,0,0,0,0,0,0,0,0,0,0,0,0,0,0,0,0,1,10,10% Discount,11,Q4,44,2017
03-11-2017,24704984,0,0,0,0,0,0,0,0,0,0,0,0,0,0,0,0,0,0,0,0,0,0,0,1,0,0,No Offer,11,Q4,44,2017
04-11-2017,31293924,8164151,466449,220053,0,902040,553296,523907,0,782672,483492,0,0,0,746627,457540,152118,530134,0,0,0,0,556200,1,1,1,10,10% Discount,11,Q4,44,2017
05-11-2017,27594973,3042352,301352,173185,0,414823,403729,341027,0,583833,162806,0,0,0,487862,210097,113361,154110,0,0,0,0,290648,0,0,1,10,10% Discount,11,Q4,44,2017
06-11-2017,25121985,5264710,351937,185922,0,722661,445964,507749,0,1354410,432684,0,0,0,465165,241090,117123,258004,0,0,0,0,132824,0,0,1,5,5% Discount,11,Q4,45,2017
07-11-2017,23566969,3298020,425489,130239,0,385876,514829,332162,0,977195,482345,0,0,0,353813,207130,92710,114415,0,0,0,0,185432,0,0,0,0,No Offer,11,Q4,45,2017
08-11-2017,24427527,3721999,722988,196974,0,689033,657112,652951,0,785686,387866,0,0,0,756189,344331,93634,308083,0,0,0,0,243679,0,0,0,0,No Offer,11,Q4,45,2017
09-11-2017,26981051,6984066,436085,281713,0,583359,524359,449247,0,1004954,326914,0,0,0,564556,285231,106105,282113,0,125213,179901,0,261663,0,0,1,15,15% Discount,11,Q4,45,2017
10-11-2017,23733687,0,0,0,0,0,0,0,0,0,0,0,0,0,0,0,0,0,0,0,0,0,0,1,0,0,0,No Offer,11,Q4,45,2017
11-11-2017,29093054,4913233,465371,250623,0,955416,526188,712007,0,740101,468723,0,0,0,638515,503076,108832,513675,0,229486,373229,0,298569,1,0,1,5,5% Discount,11,Q4,45,2017
12-11-2017,28650744,0,0,0,0,0,0,0,0,0,0,0,0,0,0,0,0,0,0,0,0,0,0,0,1,1,10,10% Discount,11,Q4,45,2017
13-11-2017,24003097,4096422,746176,156126,0,669121,542541,610550,0,1309485,400672,0,0,0,999405,261991,101234,294109,0,176849,277928,0,358356,0,0,0,0,No Offer,11,Q4,46,2017
14-11-2017,27552010,0,0,0,0,0,0,0,0,0,0,0,0,0,0,0,0,0,0,0,0,0,0,0,0,1,10,10% Discount,11,Q4,46,2017
15-11-2017,31123848,0,0,0,0,0,0,0,0,0,0,0,0,0,0,0,0,0,0,0,0,0,0,1,0,1,10,10% Discount,11,Q4,46,2017
16-11-2017,28153794,4902791,516022,0,0,940065,485538,626178,0,1361833,547917,0,0,0,694568,243189,114687,487744,0,80942,0,0,235042,1,0,0,0,No Offer,11,Q4,46,2017
17-11-2017,22766358,3650213,763418,0,0,1019906,728257,600942,0,1854064,551228,0,0,0,951251,451906,181197,299160,0,217884,0,0,306305,0,0,0,0,No Offer,11,Q4,46,2017
18-11-2017,25556873,0,0,0,0,0,0,0,0,0,0,0,0,0,0,0,0,0,0,0,0,0,0,1,0,0,0,No Offer,11,Q4,46,2017
19-11-2017,27652529,0,0,0,0,0,0,0,0,0,0,0,0,0,0,0,0,0,0,0,0,0,0,0,1,0,0,No Offer,11,Q4,46,2017
20-11-2017,23850572,5961222,1096200,0,0,1379525,767486,794314,0,1523787,570506,0,0,0,599968,521903,177431,652832,0,145071,0,0,295293,1,0,0,0,No Offer,11,Q4,47,2017
21-11-2017,33375577,8896211,421705,0,0,551995,289101,312759,0,996858,201753,0,0,0,338230,216979,70719,152634,0,39669,0,0,210402,1,1,1,20,20% Discount,11,Q4,47,2017
22-11-2017,33376780,8038647,571255,0,0,828884,663895,734436,0,2513198,530955,0,0,0,757489,502418,151465,545787,0,136315,0,0,418239,1,1,1,15,15% Discount,11,Q4,47,2017
23-11-2017,21484781,3641697,305752,0,682677,369582,531217,459995,0,609411,349339,0,1499157,0,437396,199843,122783,173051,0,72894,211014,0,282852,0,0,0,0,No Offer,11,Q4,47,2017
24-11-2017,26293885,3433177,477152,0,622765,653913,403148,534681,0,507756,616371,0,2282920,0,447896,191550,76392,192800,0,95468,158317,0,215359,0,1,0,0,No Offer,11,Q4,47,2017
25-11-2017,30707211,2395645,330457,0,770163,838022,622728,777137,0,1704619,415658,0,1775958,0,607394,442184,188101,344025,0,79395,482023,0,250576,0,1,1,15,15% Discount,11,Q4,47,2017
26-11-2017,26458045,3643638,741956,0,826685,675921,489900,541892,0,1165230,515675,0,3204746,0,695088,414925,197115,389883,0,192863,427170,0,376489,1,0,1,10,10% Discount,11,Q4,47,2017
27-11-2017,26405868,3426295,485289,0,969030,975459,464149,478292,0,934465,533265,0,1310859,0,841893,540109,135257,248683,0,161498,210104,0,252226,0,0,0,0,No Offer,11,Q4,48,2017
28-11-2017,27293137,4533551,471080,0,914040,512703,426614,326745,0,627346,424215,0,2306058,0,445652,199284,81382,243718,0,82565,378705,0,260580,1,1,0,0,No Offer,11,Q4,48,2017
29-11-2017,31171924,0,0,0,0,0,0,0,0,0,0,0,0,0,0,0,0,0,0,0,0,0,0,1,0,1,15,15% Discount,11,Q4,48,2017
30-11-2017,26772272,0,0,0,0,0,0,0,0,0,0,0,0,0,0,0,0,0,0,0,0,0,0,1,0,0,0,No Offer,11,Q4,48,2017
01-12-2017,30915463,5183295,0,0,879925,927621,502457,557800,0,0,0,283344,4317964,0,500031,305100,106704,282050,0,193323,0,0,185617,1,1,0,0,No Offer,12,Q4,48,2017
02-12-2017,28419245,4349830,0,0,860531,694054,325626,421786,0,0,0,152036,1643596,0,408245,246024,93740,312100,0,91780,0,0,286621,1,1,0,0,No Offer,12,Q4,48,2017
03-12-2017,29573786,0,0,0,0,0,0,0,0,0,0,0,0,0,0,0,0,0,0,0,0,0,0,0,1,0,0,No Offer,12,Q4,48,2017
04-12-2017,33911231,6214829,0,0,983162,524910,598420,629879,0,0,0,336948,1865743,0,585546,188770,130346,291910,0,67671,0,0,350376,1,1,1,10,10% Discount,12,Q4,49,2017
05-12-2017,35047520,6380214,0,0,891672,787627,901665,611672,0,0,0,145098,1823775,0,603803,379459,109903,332485,0,103079,0,0,380722,1,0,1,15,15% Discount,12,Q4,49,2017
06-12-2017,25428413,0,0,0,0,0,0,0,0,0,0,0,0,0,0,0,0,0,0,0,0,0,0,0,1,0,0,No Offer,12,Q4,49,2017
07-12-2017,25191940,2957677,0,0,1390006,974430,643208,626388,0,0,0,282628,0,0,723537,319014,129331,426853,0,119221,336028,0,0,0,0,0,0,No Offer,12,Q4,49,2017
08-12-2017,27855238,0,0,0,0,0,0,0,0,0,0,0,0,0,0,0,0,0,0,0,0,0,0,0,0,1,10,10% Discount,12,Q4,49,2017
09-12-2017,37110618,9646474,0,0,1395296,595682,375151,357694,0,0,0,163404,0,0,449766,275903,106659,288381,0,169883,242677,0,0,1,1,1,25,Buy3Get1,12,Q4,49,2017
10-12-2017,26496477,4896289,0,0,992808,944843,512707,631368,0,0,0,157760,0,0,676916,285327,132623,260609,0,195884,394194,0,0,0,0,0,0,No Offer,12,Q4,49,2017
11-12-2017,35335899,9765998,0,0,1490071,1118664,894399,883974,0,0,0,294440,0,0,732973,466149,149762,356945,0,217492,441470,0,0,1,1,1,20,20% Discount,12,Q4,50,2017
12-12-2017,34748488,4413860,0,0,761351,550088,570214,404173,0,0,0,190082,0,0,515988,366736,115196,271153,0,98984,261848,0,0,0,1,1,15,15% Discount,12,Q4,50,2017
13-12-2017,29756502,6198383,0,0,1975526,1266022,590704,603238,0,0,0,233139,0,0,855148,354138,116527,545025,0,181621,418660,0,0,1,0,1,5,5% Discount,12,Q4,50,2017
14-12-2017,22763770,0,0,0,0,0,0,0,0,0,0,0,0,0,0,0,0,0,0,0,0,0,0,0,1,0,0,No Offer,12,Q4,50,2017
15-12-2017,29842001,0,0,0,0,0,0,0,0,0,0,0,0,0,0,0,0,0,0,0,0,0,0,1,0,1,5,5% Discount,12,Q4,50,2017
16-12-2017,29617287,0,0,0,0,0,0,0,0,0,0,0,0,0,0,0,0,0,0,0,0,0,0,0,1,0,0,No Offer,12,Q4,50,2017
17-12-2017,30211147,8780122,923292,0,0,969127,759232,588643,0,0,0,267712,0,0,938507,562239,155513,618951,0,137077,391801,0,798074,1,0,1,15,15% Discount,12,Q4,50,2017
18-12-2017,26945214,3753100,624990,0,0,1263101,591925,703777,0,0,0,248553,0,0,785036,438127,225803,451704,0,126521,436823,0,531910,0,1,1,5,5% Discount,12,Q4,51,2017
19-12-2017,27122201,8551624,610718,0,0,639027,736956,653050,0,0,0,215040,0,0,887015,408073,210302,516985,0,123178,711680,0,442281,1,0,0,0,No Offer,12,Q4,51,2017
20-12-2017,23857600,4048418,668482,0,0,588730,484422,460129,0,0,0,123647,0,0,632169,331328,98909,252878,0,83981,273223,0,242436,0,0,0,0,No Offer,12,Q4,51,2017
21-12-2017,27746873,4592990,496344,387733,0,570034,623534,688810,0,0,0,261924,2556087,0,511490,357420,135106,318676,0,97068,260093,0,338551,0,0,1,15,15% Discount,12,Q4,51,2017
22-12-2017,32540984,0,0,0,0,0,0,0,0,0,0,0,0,0,0,0,0,0,0,0,0,0,0,1,1,0,0,No Offer,12,Q4,51,2017
23-12-2017,31191716,6103071,856585,243822,0,1126657,745119,718791,0,0,0,307429,2021534,0,969475,319109,216673,449065,0,133757,365166,0,264675,1,0,0,0,No Offer,12,Q4,51,2017
24-12-2017,24421134,0,0,0,0,0,0,0,0,0,0,0,0,0,0,0,0,0,0,0,0,0,0,1,0,0,0,No Offer,12,Q4,51,2017
25-12-2017,26934472,0,0,0,0,0,0,0,0,0,0,0,0,0,0,0,0,0,0,0,0,0,0,0,1,0,0,No Offer,12,Q4,52,2017
26-12-2017,28063886,0,0,0,0,0,0,0,0,0,0,0,0,0,0,0,0,0,0,0,0,0,0,0,0,1,10,10% Discount,12,Q4,52,2017
27-12-2017,27901505,0,0,0,0,0,0,0,0,0,0,0,0,0,0,0,0,0,0,0,0,0,0,0,1,0,0,No Offer,12,Q4,52,2017
28-12-2017,34397519,8381251,1285857,0,0,853282,722766,733491,0,0,0,463951,0,0,961156,464315,140896,646934,0,184354,0,0,0,1,1,0,0,No Offer,12,Q4,52,2017
29-12-2017,24245904,0,0,0,0,0,0,0,0,0,0,0,0,0,0,0,0,0,0,0,0,0,0,0,0,1,10,10% Discount,12,Q4,52,2017
30-12-2017,21566309,5834997,479245,0,0,1218094,859181,1023803,0,0,0,247912,0,0,863025,591644,177549,396653,0,268030,0,0,0,0,0,0,0,No Offer,12,Q4,52,2017
31-12-2017,30990588,0,0,0,0,0,0,0,0,0,0,0,0,0,0,0,0,0,0,0,0,0,0,0,1,0,0,No Offer,12,Q4,52,2017
01-01-2018,22003304,0,0,0,0,0,0,0,0,0,0,0,0,0,0,0,0,0,0,0,0,0,0,1,0,0,0,No Offer,1,Q1,1,2018
02-01-2018,19606003,0,0,0,0,0,0,0,0,0,0,0,0,0,0,0,0,0,0,0,0,0,0,0,1,0,0,No Offer,1,Q1,1,2018
03-01-2018,21273007,7880011,1110670,0,0,1276743,738144,1113737,0,0,0,149369,0,0,1189880,460582,181049,536999,0,156158,0,0,0,1,0,0,0,No Offer,1,Q1,1,2018
04-01-2018,20602742,0,0,0,0,0,0,0,0,0,0,0,0,0,0,0,0,0,0,0,0,0,0,0,1,0,0,No Offer,1,Q1,1,2018
05-01-2018,21033550,0,0,0,0,0,0,0,0,0,0,0,0,0,0,0,0,0,0,0,0,0,0,0,0,1,20,20% Discount,1,Q1,1,2018
06-01-2018,22941626,0,0,0,0,0,0,0,0,0,0,0,0,0,0,0,0,0,0,0,0,0,0,1,0,1,10,10% Discount,1,Q1,1,2018
07-01-2018,20745460,0,0,0,0,0,0,0,0,0,0,0,0,0,0,0,0,0,0,0,0,0,0,0,0,1,10,10% Discount,1,Q1,1,2018
08-01-2018,22771980,0,0,0,0,0,0,0,0,0,0,0,0,0,0,0,0,0,0,0,0,0,0,0,0,1,10,10% Discount,1,Q1,2,2018
09-01-2018,22287915,0,0,0,0,0,0,0,0,0,0,0,0,0,0,0,0,0,0,0,0,0,0,1,0,0,0,No Offer,1,Q1,2,2018
10-01-2018,22440174,0,0,0,0,0,0,0,0,0,0,0,0,0,0,0,0,0,0,0,0,0,0,0,1,0,0,No Offer,1,Q1,2,2018
11-01-2018,17299633,3842313,350117,225744,0,741405,490820,353722,0,0,0,239299,0,0,555305,257921,112854,201478,0,0,199002,0,0,0,0,0,0,No Offer,1,Q1,2,2018
12-01-2018,22288728,0,0,0,0,0,0,0,0,0,0,0,0,0,0,0,0,0,0,0,0,0,0,1,1,0,0,No Offer,1,Q1,2,2018
13-01-2018,21385445,0,0,0,0,0,0,0,0,0,0,0,0,0,0,0,0,0,0,0,0,0,0,1,0,0,0,No Offer,1,Q1,2,2018
14-01-2018,18651386,6259691,608776,177181,0,692843,428587,413394,0,0,0,186064,0,0,462872,234822,78665,255365,0,0,235090,0,0,1,0,0,0,No Offer,1,Q1,2,2018
15-01-2018,20159560,6503570,844393,166927,0,1108846,771989,504856,0,0,0,239530,0,0,1032471,441677,180600,370291,0,0,245664,0,0,0,0,0,0,No Offer,1,Q1,3,2018
16-01-2018,23650288,0,0,0,0,0,0,0,0,0,0,0,0,0,0,0,0,0,0,0,0,0,0,1,1,0,0,No Offer,1,Q1,3,2018
17-01-2018,19150524,4365870,731522,247971,0,1403384,635864,960517,0,0,0,162814,0,0,817591,309027,129759,378482,0,0,206755,0,0,0,0,1,5,5% Discount,1,Q1,3,2018
18-01-2018,18623654,0,930040,330930,0,1725102,1233032,1762853,889970,0,0,607370,0,0,1148709,742910,158803,644532,0,360107,0,0,0,0,0,0,0,No Offer,1,Q1,3,2018
19-01-2018,27433276,0,2678612,934051,0,2789226,1967471,1827420,1615991,0,0,932830,0,0,2039863,909155,400943,1063790,0,553716,0,0,0,1,1,1,15,15% Discount,1,Q1,3,2018
20-01-2018,20891802,0,1713754,447816,0,1347020,1455094,2021161,1977048,0,0,439585,0,0,1386426,652669,274848,829452,0,479665,0,0,0,1,0,1,5,5% Discount,1,Q1,3,2018
21-01-2018,20299623,0,1244111,615443,0,1462997,1105497,1191899,1431276,0,0,298975,0,0,1623772,939423,455545,488660,0,389434,0,0,0,0,0,0,0,No Offer,1,Q1,3,2018
22-01-2018,20780554,0,0,0,0,0,0,0,0,0,0,0,0,0,0,0,0,0,0,0,0,0,0,1,0,0,0,No Offer,1,Q1,4,2018
23-01-2018,24674671,0,0,0,0,0,0,0,0,0,0,0,0,0,0,0,0,0,0,0,0,0,0,0,1,1,20,20% Discount,1,Q1,4,2018
24-01-2018,22911191,0,1369053,842146,0,2941227,1429879,1459166,1186280,0,0,279496,0,0,1742801,979134,464164,1019448,0,355674,0,0,0,1,1,0,0,No Offer,1,Q1,4,2018
25-01-2018,25849344,0,0,0,0,0,0,0,0,0,0,0,0,0,0,0,0,0,0,0,0,0,0,0,1,1,15,15% Discount,1,Q1,4,2018
26-01-2018,18557374,0,591326,110818,0,833275,814445,606886,0,712048,781309,208828,1990343,670580,773921,444925,120555,333927,0,192741,0,0,0,0,0,1,5,5% Discount,1,Q1,4,2018
27-01-2018,22015691,0,699742,235898,0,629002,412758,477899,0,1985708,297078,182566,3870315,1378832,819338,344416,84953,281883,0,120331,0,0,0,1,1,0,0,No Offer,1,Q1,4,2018
28-01-2018,22401155,0,1527628,186787,0,839151,691853,692460,0,1532691,425777,204237,3081563,1217696,833652,478311,140967,600667,0,89467,0,0,0,1,1,1,10,10% Discount,1,Q1,4,2018
29-01-2018,19021599,0,0,0,0,0,0,0,0,0,0,0,0,0,0,0,0,0,0,0,0,0,0,0,0,1,10,10% Discount,1,Q1,5,2018
30-01-2018,20448533,0,0,0,0,0,0,0,0,0,0,0,0,0,0,0,0,0,0,0,0,0,0,0,0,1,5,5% Discount,1,Q1,5,2018
31-01-2018,27777530,0,938381,129795,0,1041583,548229,887824,0,1453444,699938,365781,1977772,2131441,721486,534607,176312,330835,0,187865,0,0,0,1,0,1,25,Buy3Get1,1,Q1,5,2018
01-02-2018,21257649,0,0,0,0,0,0,0,0,0,0,0,0,0,0,0,0,0,0,0,0,0,0,0,0,1,5,5% Discount,2,Q1,5,2018
02-02-2018,19470143,3033506,0,213404,0,538587,383179,268416,0,761403,441262,84711,1276065,705190,324014,211333,78718,244763,0,0,0,0,0,0,0,0,0,No Offer,2,Q1,5,2018
03-02-2018,21472123,4776772,0,198084,0,568744,437111,420849,0,772962,231533,235747,2551049,791246,412062,166481,83045,207355,0,0,0,0,0,1,0,1,5,5% Discount,2,Q1,5,2018
04-02-2018,20530764,2199586,0,178455,0,973970,361647,436706,0,1155312,277990,123623,1311711,689943,380677,289918,100550,268044,0,0,0,0,0,0,0,0,0,No Offer,2,Q1,5,2018
05-02-2018,19843791,4145757,0,194797,0,903587,643551,638321,0,1097168,624098,230557,1581748,856829,920985,404971,198534,383221,0,0,0,0,0,0,0,1,10,10% Discount,2,Q1,6,2018
06-02-2018,19340447,0,0,0,0,0,0,0,0,0,0,0,0,0,0,0,0,0,0,0,0,0,0,0,1,0,0,No Offer,2,Q1,6,2018
07-02-2018,20656414,0,0,0,0,0,0,0,0,0,0,0,0,0,0,0,0,0,0,0,0,0,0,0,0,1,10,10% Discount,2,Q1,6,2018
08-02-2018,18479562,0,0,0,0,0,0,0,0,0,0,0,0,0,0,0,0,0,0,0,0,0,0,0,1,0,0,No Offer,2,Q1,6,2018
09-02-2018,19305757,0,0,0,0,0,0,0,0,0,0,0,0,0,0,0,0,0,0,0,0,0,0,0,1,0,0,No Offer,2,Q1,6,2018
10-02-2018,26247289,0,0,0,0,0,0,0,0,0,0,0,0,0,0,0,0,0,0,0,0,0,0,1,1,0,0,No Offer,2,Q1,6,2018
11-02-2018,19075684,4576588,561079,172460,0,664996,349347,744016,0,959899,562074,337587,2597957,1193970,922762,422465,120410,451878,0,148002,0,0,294946,0,0,1,10,10% Discount,2,Q1,6,2018
12-02-2018,20280462,0,0,0,0,0,0,0,0,0,0,0,0,0,0,0,0,0,0,0,0,0,0,1,0,0,0,No Offer,2,Q1,7,2018
13-02-2018,24565744,4754883,400387,336936,0,648641,553999,517676,0,1177618,744065,332890,1889209,1421556,570105,537932,161191,529395,0,107621,0,0,177387,1,0,1,15,15% Discount,2,Q1,7,2018
14-02-2018,25665827,0,0,0,0,0,0,0,0,0,0,0,0,0,0,0,0,0,0,0,0,0,0,1,1,1,10,10% Discount,2,Q1,7,2018
15-02-2018,23259722,4997965,752494,97811,0,505248,386575,494018,0,783911,190328,82671,1887069,851867,357680,316302,79541,243107,0,60839,0,0,0,1,1,0,0,No Offer,2,Q1,7,2018
16-02-2018,18534179,3209294,330420,293580,0,768519,490403,543228,0,1011712,212773,145835,3076971,933506,622099,267489,104674,245050,0,94243,0,0,0,0,1,0,0,No Offer,2,Q1,7,2018
17-02-2018,22141282,0,0,0,0,0,0,0,0,0,0,0,0,0,0,0,0,0,0,0,0,0,0,0,0,1,10,10% Discount,2,Q1,7,2018
18-02-2018,22121310,0,0,0,0,0,0,0,0,0,0,0,0,0,0,0,0,0,0,0,0,0,0,1,0,1,5,5% Discount,2,Q1,7,2018
19-02-2018,26343547,0,0,0,0,0,0,0,0,0,0,0,0,0,0,0,0,0,0,0,0,0,0,1,1,1,5,5% Discount,2,Q1,8,2018
20-02-2018,21010498,0,0,0,0,0,0,0,0,0,0,0,0,0,0,0,0,0,0,0,0,0,0,1,0,0,0,No Offer,2,Q1,8,2018
21-02-2018,23213131,3201908,435279,249903,0,776045,477611,483783,0,464726,351346,137209,2397126,1105821,648255,360046,120278,247993,0,153777,0,0,0,0,1,1,5,5% Discount,2,Q1,8,2018
22-02-2018,24503247,5431163,0,0,0,787412,458557,464362,0,1654167,630892,216814,3448610,875797,559860,274872,118923,342539,0,309488,0,0,0,1,0,1,5,5% Discount,2,Q1,8,2018
23-02-2018,18973784,4676225,0,0,0,846357,438711,429929,0,875251,596727,130283,1597747,690937,437180,303619,134858,309692,0,131148,0,0,0,0,0,0,0,No Offer,2,Q1,8,2018
24-02-2018,24862268,4194131,0,0,0,485168,298335,297292,0,959709,307714,107856,1631245,1162116,399569,207893,76782,162583,0,123762,0,0,0,1,0,1,10,10% Discount,2,Q1,8,2018
25-02-2018,19405999,0,0,0,0,0,0,0,0,0,0,0,0,0,0,0,0,0,0,0,0,0,0,0,1,0,0,No Offer,2,Q1,8,2018
26-02-2018,22216264,0,0,0,0,0,0,0,0,0,0,0,0,0,0,0,0,0,0,0,0,0,0,1,0,0,0,No Offer,2,Q1,9,2018
27-02-2018,21799704,0,0,0,0,0,0,0,0,0,0,0,0,0,0,0,0,0,0,0,0,0,0,0,0,1,5,5% Discount,2,Q1,9,2018
28-02-2018,22619931,5361483,0,0,0,709869,573968,374488,0,825658,347744,170669,1832847,819576,502115,223874,86818,236748,0,115672,0,0,0,0,1,1,5,5% Discount,2,Q1,9,2018
01-03-2018,29600258,0,0,0,0,0,0,0,0,0,0,0,0,0,0,0,0,0,0,0,0,0,0,1,1,1,5,5% Discount,3,Q1,9,2018
02-03-2018,25730934,4856625,413567,0,876329,555730,520019,527261,0,895840,465394,175815,1890994,855512,540323,217284,108237,330871,0,140173,0,0,0,1,1,0,0,No Offer,3,Q1,9,2018
03-03-2018,20115105,2409012,200663,0,337598,562392,346289,386039,0,600883,347247,91540,932986,344060,265393,218636,55650,221743,0,79773,0,0,0,0,0,0,0,No Offer,3,Q1,9,2018
04-03-2018,31276861,3157350,278370,0,1405431,475205,315909,285224,0,1350152,219079,119382,886058,642518,545888,247043,97034,206675,0,81653,0,0,0,1,0,1,20,20% Discount,3,Q1,9,2018
05-03-2018,22586607,5054924,544058,0,664487,664302,602044,596254,0,1338580,350373,135691,1314349,1363775,503905,288189,95968,361675,0,189412,0,0,0,0,0,0,0,No Offer,3,Q1,10,2018
06-03-2018,24157243,0,0,0,0,0,0,0,0,0,0,0,0,0,0,0,0,0,0,0,0,0,0,1,0,1,20,20% Discount,3,Q1,10,2018
07-03-2018,19606666,4690844,372396,0,547147,690014,597011,500376,0,1107445,406389,261561,1815416,559629,840232,228843,131690,272774,0,105023,0,0,0,0,0,0,0,No Offer,3,Q1,10,2018
08-03-2018,25206624,4838637,479115,157727,908389,725763,375360,339515,456498,832427,220340,135023,2149330,1239657,364222,241045,101909,359289,0,0,0,0,0,1,1,1,10,10% Discount,3,Q1,10,2018
09-03-2018,23941487,0,0,0,0,0,0,0,0,0,0,0,0,0,0,0,0,0,0,0,0,0,0,1,0,0,0,No Offer,3,Q1,10,2018
10-03-2018,29868090,3349355,325713,124284,447735,375362,235637,302658,530308,608090,262280,208658,1866390,1083850,391942,200691,59771,180854,0,0,0,0,0,1,1,1,20,20% Discount,3,Q1,10,2018
11-03-2018,23832977,3975644,388733,169424,778888,449805,454569,654953,495528,1098316,374955,98858,2089519,611976,620358,197998,77607,246048,0,0,0,0,0,0,0,1,15,15% Discount,3,Q1,10,2018
12-03-2018,22465432,5029126,510273,113107,480237,380857,368544,358131,263298,653705,140921,81104,936830,339452,291057,179349,49597,235282,0,0,0,0,0,1,0,1,10,10% Discount,3,Q1,11,2018
13-03-2018,23949821,2225995,308136,109520,779834,362346,242621,296842,202670,536239,256740,189670,2386938,585423,349020,198744,62757,170646,0,0,0,0,0,1,1,0,0,No Offer,3,Q1,11,2018
14-03-2018,25670166,0,0,0,0,0,0,0,0,0,0,0,0,0,0,0,0,0,0,0,0,0,0,1,1,1,5,5% Discount,3,Q1,11,2018
15-03-2018,23007422,0,0,0,0,0,0,0,0,0,0,0,0,0,0,0,0,0,0,0,0,0,0,1,0,1,15,15% Discount,3,Q1,11,2018
16-03-2018,21859445,0,0,0,0,0,0,0,0,0,0,0,0,0,0,0,0,0,0,0,0,0,0,1,0,0,0,No Offer,3,Q1,11,2018
17-03-2018,24055031,0,0,0,0,0,0,0,0,0,0,0,0,0,0,0,0,0,0,0,0,0,0,0,1,0,0,No Offer,3,Q1,11,2018
18-03-2018,24400789,0,0,0,0,0,0,0,0,0,0,0,0,0,0,0,0,0,0,0,0,0,0,1,1,1,10,10% Discount,3,Q1,11,2018
19-03-2018,22400131,2870788,249333,0,433801,640310,393244,551495,0,1368752,310177,156495,1197956,1020843,592839,383502,94409,233676,0,96711,0,0,292030,0,0,0,0,No Offer,3,Q1,12,2018
20-03-2018,21952423,3717364,396343,0,456687,663901,375592,355140,0,788488,449504,93077,1209563,1117347,588312,198620,89261,159158,0,95620,0,0,237336,0,0,0,0,No Offer,3,Q1,12,2018
21-03-2018,20246298,2473456,441413,0,1240521,814161,375668,426004,0,967361,583412,124553,1813012,991372,777526,359657,124693,229037,0,95468,0,0,325608,0,0,0,0,No Offer,3,Q1,12,2018
22-03-2018,25873467,7473710,0,0,0,1416560,857088,1040446,0,2515024,844713,323196,0,0,1135945,619161,154133,613250,0,449751,0,0,446470,1,1,1,10,10% Discount,3,Q1,12,2018
23-03-2018,23369939,6161375,0,0,0,632672,378389,461624,0,851081,522483,131754,0,0,577376,306050,93724,183444,0,95483,0,0,178007,0,1,0,0,No Offer,3,Q1,12,2018
24-03-2018,19638169,4269055,0,0,0,822035,410363,617884,0,681982,453411,213018,0,0,462622,286697,164787,230297,0,69068,0,0,261380,0,0,0,0,No Offer,3,Q1,12,2018
25-03-2018,22066024,0,0,0,0,0,0,0,0,0,0,0,0,0,0,0,0,0,0,0,0,0,0,0,0,1,15,15% Discount,3,Q1,12,2018
26-03-2018,20587312,3938233,0,0,0,640506,371819,474189,0,1098620,258574,204501,0,0,451979,247657,72761,257986,0,71847,0,0,135385,0,0,0,0,No Offer,3,Q1,13,2018
27-03-2018,19422343,0,0,0,0,0,0,0,0,0,0,0,0,0,0,0,0,0,0,0,0,0,0,0,0,1,10,10% Discount,3,Q1,13,2018
28-03-2018,20333433,4902935,0,0,0,928524,606696,580126,0,1212504,407378,205565,0,0,723460,294880,115590,285522,0,172545,0,0,428727,0,0,1,10,10% Discount,3,Q1,13,2018
29-03-2018,20232889,5775431,535119,0,0,602197,536977,649978,546482,526243,399456,196623,0,0,492533,362475,109496,287118,0,199981,256957,0,307397,0,0,0,0,No Offer,3,Q1,13,2018
30-03-2018,26577403,6392548,387786,0,0,562478,517717,550643,293136,1510165,440556,229512,0,0,451450,301768,105690,221144,0,65182,310845,0,275438,0,1,1,20,20% Discount,3,Q1,13,2018
31-03-2018,21992138,0,0,0,0,0,0,0,0,0,0,0,0,0,0,0,0,0,0,0,0,0,0,1,0,0,0,No Offer,3,Q1,13,2018
01-04-2018,22375168,0,0,0,0,0,0,0,0,0,0,0,0,0,0,0,0,0,0,0,0,0,0,1,0,0,0,No Offer,4,Q2,13,2018
02-04-2018,18262293,3820737,500607,0,0,870431,814047,500354,558676,1246304,495368,181163,0,0,758134,316027,127082,269203,0,205117,163787,0,332897,0,0,0,0,No Offer,4,Q2,14,2018
03-04-2018,21353282,4120354,326373,0,0,604981,277112,596745,375578,1203014,394830,136223,0,0,530935,375765,103672,324244,0,168299,354561,0,190995,0,0,0,0,No Offer,4,Q2,14,2018
04-04-2018,25777499,6311393,683196,0,0,709590,572191,634265,337937,866349,546275,136891,0,0,622993,295402,137235,391574,0,95013,239626,0,429607,1,1,1,5,5% Discount,4,Q2,14,2018
05-04-2018,22248732,0,0,0,0,0,0,0,0,0,0,0,0,0,0,0,0,0,0,0,0,0,0,0,0,1,10,10% Discount,4,Q2,14,2018
06-04-2018,25185081,0,680824,0,0,686803,693646,783363,620610,854911,707575,297001,0,0,755821,451585,155206,520384,0,144991,611558,0,319817,1,1,0,0,No Offer,4,Q2,14,2018
07-04-2018,20325415,0,1081637,0,0,969044,852682,1084068,650275,1788325,788161,246817,0,0,1036926,729848,211783,437622,0,178151,631211,0,422364,0,0,0,0,No Offer,4,Q2,14,2018
08-04-2018,22002927,0,1731995,0,0,1003265,998482,922577,1148477,1864900,1038215,397970,0,0,1615189,501392,249159,588771,0,275511,724048,0,563273,1,0,0,0,No Offer,4,Q2,14,2018
09-04-2018,23334951,0,626906,0,0,1523584,908647,1420148,498524,2463241,739317,254284,0,0,1036845,536152,190393,607559,0,190604,451456,0,490361,0,0,1,10,10% Discount,4,Q2,15,2018
10-04-2018,22061797,0,0,0,0,0,0,0,0,0,0,0,0,0,0,0,0,0,0,0,0,0,0,0,0,1,10,10% Discount,4,Q2,15,2018
11-04-2018,22442595,0,0,0,0,0,0,0,0,0,0,0,0,0,0,0,0,0,0,0,0,0,0,0,0,1,15,15% Discount,4,Q2,15,2018
12-04-2018,24471341,0,835221,0,0,1156726,1080642,1049902,698605,2260931,1564829,271765,0,0,829967,576838,211608,950211,0,170926,1027263,0,527476,1,1,0,0,No Offer,4,Q2,15,2018
13-04-2018,21823802,0,996357,0,0,1806567,1358008,1036824,1158204,1941310,1185994,551199,0,0,1262690,610865,223646,515666,0,279039,672615,0,469006,0,1,0,0,No Offer,4,Q2,15,2018
14-04-2018,20833574,0,1087292,0,0,1841758,1056266,1043568,616881,1813380,903207,341190,0,0,1360776,584357,275300,776899,0,333340,617984,0,714568,0,0,1,5,5% Discount,4,Q2,15,2018
15-04-2018,27159302,0,626910,0,0,1012877,816273,960579,518214,3440562,952954,466785,0,0,793395,597435,224764,611372,0,205217,330700,0,497954,1,1,1,10,10% Discount,4,Q2,15,2018
16-04-2018,23119160,0,0,0,0,0,0,0,0,0,0,0,0,0,0,0,0,0,0,0,0,0,0,1,1,0,0,No Offer,4,Q2,16,2018
17-04-2018,21569824,0,0,0,0,0,0,0,0,0,0,0,0,0,0,0,0,0,0,0,0,0,0,0,1,1,5,5% Discount,4,Q2,16,2018
18-04-2018,25321939,0,0,0,0,0,0,0,0,0,0,0,0,0,0,0,0,0,0,0,0,0,0,1,1,0,0,No Offer,4,Q2,16,2018
19-04-2018,20080137,4460843,0,365175,0,920014,621975,603225,358748,1593866,361184,0,2442418,0,559970,413522,145549,296030,0,144810,124216,0,0,0,0,0,0,No Offer,4,Q2,16,2018
20-04-2018,28007996,0,0,0,0,0,0,0,0,0,0,0,0,0,0,0,0,0,0,0,0,0,0,1,1,1,10,10% Discount,4,Q2,16,2018
21-04-2018,22418710,0,0,0,0,0,0,0,0,0,0,0,0,0,0,0,0,0,0,0,0,0,0,0,0,1,10,10% Discount,4,Q2,16,2018
22-04-2018,26541353,4647878,0,269116,0,625059,508459,564869,398329,1028590,691350,0,2538136,0,643687,372777,86556,433354,0,142260,438540,0,0,1,1,1,15,15% Discount,4,Q2,16,2018
23-04-2018,22641795,3606985,0,355200,0,839482,537749,410141,557313,2157329,499476,0,1002734,0,619712,349589,115145,316034,0,110668,298280,0,0,0,1,0,0,No Offer,4,Q2,17,2018
24-04-2018,26276592,3975398,0,86299,0,318976,206932,239532,196264,519415,126922,0,1304145,0,350195,130028,47777,224827,0,128600,84826,0,0,1,1,0,0,No Offer,4,Q2,17,2018
25-04-2018,20813309,2898363,0,360959,0,1137333,584604,726266,506487,984612,570210,0,2306085,0,874271,585637,176804,376948,0,119959,232799,0,0,0,0,0,0,No Offer,4,Q2,17,2018
26-04-2018,22767947,0,0,0,0,0,0,0,0,0,0,0,0,0,0,0,0,0,0,0,0,0,0,0,1,0,0,No Offer,4,Q2,17,2018
27-04-2018,24270742,4375479,486959,0,0,847218,580173,547420,395128,1011240,402666,0,2901408,0,385448,429164,129469,432465,0,186623,284341,0,258852,1,1,0,0,No Offer,4,Q2,17,2018
28-04-2018,27026938,5879077,780694,0,0,861463,498238,643080,341112,812382,416554,0,2294127,0,607175,300771,125468,322503,0,105670,186939,0,323288,1,1,1,5,5% Discount,4,Q2,17,2018
29-04-2018,25568059,0,0,0,0,0,0,0,0,0,0,0,0,0,0,0,0,0,0,0,0,0,0,1,1,1,10,10% Discount,4,Q2,17,2018
30-04-2018,24102644,6320252,652892,0,0,749892,592100,723001,555629,1052863,679903,0,2376097,0,612776,425290,144334,435440,0,103189,481597,0,751243,1,0,1,5,5% Discount,4,Q2,18,2018
01-05-2018,33008854,3262600,523604,0,0,676504,524751,821395,221774,873295,341858,0,1820014,0,524516,323589,136146,471337,0,76473,348703,0,285280,1,1,1,15,15% Discount,5,Q2,18,2018
02-05-2018,30582063,0,0,0,0,0,0,0,0,0,0,0,0,0,0,0,0,0,0,0,0,0,0,1,1,1,20,20% Discount,5,Q2,18,2018
03-05-2018,27662381,0,744455,0,0,1291973,1098869,1082737,588060,1525341,562272,0,3770727,0,1176921,653562,196463,746527,0,0,481885,0,0,1,0,1,25,Buy3Get1,5,Q2,18,2018
04-05-2018,25816886,0,1405143,0,0,1213696,1074823,1334375,912201,1960111,613959,0,3026494,0,1526937,490682,265171,879776,0,0,570468,0,0,1,0,1,15,15% Discount,5,Q2,18,2018
05-05-2018,21029252,0,532807,0,0,658963,457717,447349,357451,1230957,390904,0,2854886,0,635501,297522,134715,274027,0,0,287995,0,0,0,0,0,0,No Offer,5,Q2,18,2018
06-05-2018,24864799,0,0,0,0,0,0,0,0,0,0,0,0,0,0,0,0,0,0,0,0,0,0,1,0,0,0,No Offer,5,Q2,18,2018
07-05-2018,28868336,0,835439,0,0,1149251,667572,741638,879251,1206422,548324,0,3596896,0,923653,406951,160248,423283,0,0,236324,0,0,1,1,1,15,15% Discount,5,Q2,19,2018
08-05-2018,21116551,0,523648,0,0,1506506,1694948,831768,470997,1779057,494700,0,2332112,0,1299460,570402,246082,354740,0,0,478663,0,0,0,0,1,5,5% Discount,5,Q2,19,2018
09-05-2018,25542494,0,0,0,0,0,0,0,0,0,0,0,0,0,0,0,0,0,0,0,0,0,0,1,1,1,5,5% Discount,5,Q2,19,2018
10-05-2018,23882591,0,0,0,0,0,0,0,0,0,0,0,0,0,0,0,0,0,0,0,0,0,0,1,0,0,0,No Offer,5,Q2,19,2018
11-05-2018,22881942,0,0,0,0,0,0,0,0,0,0,0,0,0,0,0,0,0,0,0,0,0,0,0,1,0,0,No Offer,5,Q2,19,2018
12-05-2018,26263389,5109522,963922,340446,0,914818,940331,751708,0,1319221,430912,0,0,0,620988,354970,147862,325871,0,0,0,0,0,1,1,0,0,No Offer,5,Q2,19,2018
13-05-2018,29133798,7631036,729989,339059,0,1236134,781538,567497,0,1829079,538897,0,0,0,928124,391864,151009,522294,0,0,0,0,0,1,1,1,10,10% Discount,5,Q2,19,2018
14-05-2018,26567350,4937303,712046,209084,0,796623,791449,755834,0,1468776,487262,0,0,0,903517,605572,136902,575802,0,0,0,0,0,0,1,0,0,No Offer,5,Q2,20,2018
15-05-2018,20830643,3230773,393139,210395,0,793221,460665,491325,0,1200492,215660,0,0,0,462811,235154,113487,344871,0,0,0,0,0,0,1,0,0,No Offer,5,Q2,20,2018
16-05-2018,29826139,8522617,749457,210779,0,915897,584658,872088,0,2590884,1045027,0,0,0,1030876,419098,197825,674224,0,0,0,0,0,1,1,1,15,15% Discount,5,Q2,20,2018
17-05-2018,24674978,0,0,0,0,0,0,0,0,0,0,0,0,0,0,0,0,0,0,0,0,0,0,0,0,1,20,20% Discount,5,Q2,20,2018
18-05-2018,21065406,0,0,0,0,0,0,0,0,0,0,0,0,0,0,0,0,0,0,0,0,0,0,1,0,0,0,No Offer,5,Q2,20,2018
19-05-2018,24556043,0,0,0,0,0,0,0,0,0,0,0,0,0,0,0,0,0,0,0,0,0,0,0,1,0,0,No Offer,5,Q2,20,2018
20-05-2018,24290722,0,0,0,0,0,0,0,0,0,0,0,0,0,0,0,0,0,0,0,0,0,0,1,0,0,0,No Offer,5,Q2,20,2018
21-05-2018,23057925,0,0,0,0,0,0,0,0,0,0,0,0,0,0,0,0,0,0,0,0,0,0,0,0,1,5,5% Discount,5,Q2,21,2018
22-05-2018,21280806,0,0,0,0,0,0,0,0,0,0,0,0,0,0,0,0,0,0,0,0,0,0,1,0,0,0,No Offer,5,Q2,21,2018
23-05-2018,25257083,6155169,0,0,0,682442,481088,571815,0,616037,351149,92707,0,853125,524330,305051,89423,397210,0,152667,0,0,254334,1,1,0,0,No Offer,5,Q2,21,2018
24-05-2018,21375699,5312600,552250,0,0,878906,618718,502329,514714,785023,543227,147326,0,1139577,597313,300884,144086,294312,0,106660,163531,0,0,0,1,0,0,No Offer,5,Q2,21,2018
25-05-2018,33551512,0,0,0,0,0,0,0,0,0,0,0,0,0,0,0,0,0,0,0,0,0,0,1,1,1,20,20% Discount,5,Q2,21,2018
26-05-2018,24430432,0,0,0,0,0,0,0,0,0,0,0,0,0,0,0,0,0,0,0,0,0,0,0,0,1,10,10% Discount,5,Q2,21,2018
27-05-2018,22741015,0,0,0,0,0,0,0,0,0,0,0,0,0,0,0,0,0,0,0,0,0,0,1,0,0,0,No Offer,5,Q2,21,2018
28-05-2018,23248134,6268459,812381,0,0,732903,468387,498781,263947,1168096,442876,165306,0,845295,565777,375768,95569,324375,0,132832,610112,0,0,1,0,1,10,10% Discount,5,Q2,22,2018
29-05-2018,22277297,0,0,0,0,0,0,0,0,0,0,0,0,0,0,0,0,0,0,0,0,0,0,0,0,1,5,5% Discount,5,Q2,22,2018
30-05-2018,25271911,5081726,1151312,0,0,805961,921554,766371,453573,1249829,381979,242256,0,1152600,536801,572792,177055,360748,0,230099,332588,0,0,1,0,0,0,No Offer,5,Q2,22,2018
31-05-2018,22100590,0,0,0,0,0,0,0,0,0,0,0,0,0,0,0,0,0,0,0,0,0,0,1,0,1,5,5% Discount,5,Q2,22,2018
01-06-2018,21957039,7085009,1063397,0,0,751244,503586,753455,0,1344806,531289,175252,0,1068244,553611,473249,124498,430527,0,0,290973,0,0,1,0,0,0,No Offer,6,Q2,22,2018
02-06-2018,22616514,0,0,0,0,0,0,0,0,0,0,0,0,0,0,0,0,0,0,0,0,0,0,0,1,1,10,10% Discount,6,Q2,22,2018
03-06-2018,23598256,0,0,0,0,0,0,0,0,0,0,0,0,0,0,0,0,0,0,0,0,0,0,0,0,1,10,10% Discount,6,Q2,22,2018
04-06-2018,25551098,0,0,0,0,0,0,0,0,0,0,0,0,0,0,0,0,0,0,0,0,0,0,1,1,1,5,5% Discount,6,Q2,23,2018
05-06-2018,21994775,0,0,0,0,0,0,0,0,0,0,0,0,0,0,0,0,0,0,0,0,0,0,0,1,0,0,No Offer,6,Q2,23,2018
06-06-2018,27426193,0,0,0,0,0,0,0,0,0,0,0,0,0,0,0,0,0,0,0,0,0,0,1,1,1,10,10% Discount,6,Q2,23,2018
07-06-2018,19683753,3628524,709023,0,0,666817,660717,589002,389805,1380911,467538,177697,1609800,637714,498812,308415,142417,269609,0,131270,236267,0,0,0,0,0,0,No Offer,6,Q2,23,2018
08-06-2018,23809608,0,0,0,0,0,0,0,0,0,0,0,0,0,0,0,0,0,0,0,0,0,0,1,0,1,15,15% Discount,6,Q2,23,2018
09-06-2018,25190083,0,0,0,0,0,0,0,0,0,0,0,0,0,0,0,0,0,0,0,0,0,0,1,0,0,0,No Offer,6,Q2,23,2018
10-06-2018,30629966,0,0,0,0,0,0,0,0,0,0,0,0,0,0,0,0,0,0,0,0,0,0,1,1,1,15,15% Discount,6,Q2,23,2018
11-06-2018,21011583,2708997,258626,0,0,875073,296666,279500,398482,1059155,505925,171497,1352392,701141,415945,258955,88338,222367,0,73092,200437,0,0,0,0,0,0,No Offer,6,Q2,24,2018
12-06-2018,21104351,2473262,434743,0,0,683453,555350,554549,413828,1439728,419216,109610,2317356,1003249,432829,367191,88688,236542,0,86686,196960,0,0,0,0,0,0,No Offer,6,Q2,24,2018
13-06-2018,25048997,3859853,294592,0,0,523591,262723,367990,211421,1855822,203135,205362,1576592,417867,280496,227550,72205,215668,0,66259,242178,0,0,1,0,0,0,No Offer,6,Q2,24,2018
14-06-2018,29451404,3956427,360793,209250,0,739750,562315,634698,521391,979903,316331,0,2356568,0,470246,318444,66636,345784,0,110403,235301,0,0,1,1,1,20,20% Discount,6,Q2,24,2018
15-06-2018,22706373,0,0,0,0,0,0,0,0,0,0,0,0,0,0,0,0,0,0,0,0,0,0,1,0,0,0,No Offer,6,Q2,24,2018
16-06-2018,26226171,0,0,0,0,0,0,0,0,0,0,0,0,0,0,0,0,0,0,0,0,0,0,1,1,1,5,5% Discount,6,Q2,24,2018
17-06-2018,22539653,3873019,374392,317427,0,488770,507672,543848,283684,863197,233390,0,1164307,0,405170,246489,93165,231722,0,78109,242386,0,0,0,0,0,0,No Offer,6,Q2,24,2018
18-06-2018,23374038,0,0,0,0,0,0,0,0,0,0,0,0,0,0,0,0,0,0,0,0,0,0,1,0,0,0,No Offer,6,Q2,25,2018
19-06-2018,22366103,2809758,315962,133781,0,491423,370168,323978,280576,1170400,229128,0,2132201,0,343365,155218,59137,207943,0,100481,276629,0,0,1,0,0,0,No Offer,6,Q2,25,2018
20-06-2018,22670368,3236822,428534,159665,0,726469,762176,446591,468385,878301,489978,0,1825617,0,454002,370461,81025,204935,0,115458,373262,0,0,0,1,0,0,No Offer,6,Q2,25,2018
21-06-2018,24293834,5703892,632472,303594,0,934532,822957,589420,566651,1322051,660507,0,0,0,738056,392827,140279,356264,0,0,0,0,0,0,1,1,5,5% Discount,6,Q2,25,2018
22-06-2018,21481622,6850990,542947,441693,0,964981,589937,772042,493135,830133,363060,0,0,0,628552,313618,145288,341820,0,0,0,0,0,0,0,0,0,No Offer,6,Q2,25,2018
23-06-2018,23224973,4241753,885165,240189,0,838954,812791,648403,270148,2226137,638988,0,0,0,908665,555526,136139,362845,0,0,0,0,0,0,1,0,0,No Offer,6,Q2,25,2018
24-06-2018,26802303,10703659,770791,203228,0,1066515,562846,895816,471973,1114557,667982,0,0,0,1033312,410433,191131,446366,0,0,0,0,0,1,1,1,15,15% Discount,6,Q2,25,2018
25-06-2018,23523043,0,0,0,0,0,0,0,0,0,0,0,0,0,0,0,0,0,0,0,0,0,0,0,0,1,10,10% Discount,6,Q2,26,2018
26-06-2018,23359194,0,0,0,0,0,0,0,0,0,0,0,0,0,0,0,0,0,0,0,0,0,0,1,0,0,0,No Offer,6,Q2,26,2018
27-06-2018,21528481,3418917,521379,144816,0,619727,791871,745810,298772,729829,253944,0,0,0,846873,376402,152881,306099,0,0,0,0,0,0,1,0,0,No Offer,6,Q2,26,2018
28-06-2018,22648725,3725018,560018,174047,0,768838,410302,524664,193432,719541,365831,0,1288223,0,447921,262917,73473,201039,0,0,0,0,0,0,0,1,5,5% Discount,6,Q2,26,2018
29-06-2018,22756734,3677855,1218813,242608,0,756570,629233,705606,389106,2005706,474155,0,2407381,0,841110,484113,181823,395667,0,0,0,0,0,0,1,1,5,5% Discount,6,Q2,26,2018
30-06-2018,22815719,0,0,0,0,0,0,0,0,0,0,0,0,0,0,0,0,0,0,0,0,0,0,1,0,1,10,10% Discount,6,Q2,26,2018
01-07-2018,22653505,0,0,0,0,0,0,0,0,0,0,0,0,0,0,0,0,0,0,0,0,0,0,0,1,1,5,5% Discount,7,Q3,26,2018
02-07-2018,26701121,6093289,1239078,187282,0,1029704,824297,905391,742540,1118040,516356,0,2985424,0,884608,406397,159897,409994,0,0,0,0,0,1,1,1,5,5% Discount,7,Q3,27,2018
03-07-2018,26860560,0,0,0,0,0,0,0,0,0,0,0,0,0,0,0,0,0,0,0,0,0,0,1,1,0,0,No Offer,7,Q3,27,2018
04-07-2018,23704834,0,0,0,0,0,0,0,0,0,0,0,0,0,0,0,0,0,0,0,0,0,0,1,0,1,5,5% Discount,7,Q3,27,2018
05-07-2018,21156082,4522104,451244,0,0,673472,459690,430792,306618,1060571,422720,0,0,0,606275,281371,95263,224487,0,0,307221,0,0,0,0,0,0,No Offer,7,Q3,27,2018
06-07-2018,22353049,5115515,996407,0,0,1330497,1093961,864218,688293,1190767,730421,0,0,0,597650,444729,159677,340490,0,0,566822,0,0,0,1,1,5,5% Discount,7,Q3,27,2018
07-07-2018,24554562,0,0,0,0,0,0,0,0,0,0,0,0,0,0,0,0,0,0,0,0,0,0,0,0,1,10,10% Discount,7,Q3,27,2018
08-07-2018,25580300,0,0,0,0,0,0,0,0,0,0,0,0,0,0,0,0,0,0,0,0,0,0,0,1,0,0,No Offer,7,Q3,27,2018
09-07-2018,25432662,4269868,432389,0,0,1386262,777324,645736,706019,1716022,497879,0,0,0,957226,513746,128930,310410,0,0,606204,0,0,0,0,1,10,10% Discount,7,Q3,28,2018
10-07-2018,24538665,0,0,0,0,0,0,0,0,0,0,0,0,0,0,0,0,0,0,0,0,0,0,0,0,1,10,10% Discount,7,Q3,28,2018
11-07-2018,27326486,0,0,0,0,0,0,0,0,0,0,0,0,0,0,0,0,0,0,0,0,0,0,1,1,0,0,No Offer,7,Q3,28,2018
12-07-2018,18811544,2231410,285088,0,0,442161,196197,376692,0,1404154,149821,139170,588181,0,291250,132605,72542,139436,0,0,214560,0,0,0,0,0,0,No Offer,7,Q3,28,2018
13-07-2018,21712706,5644739,351632,0,0,779769,392864,585484,0,756845,259925,295858,1240170,0,442979,269983,78140,253960,0,0,265065,0,0,0,0,0,0,No Offer,7,Q3,28,2018
14-07-2018,21680925,4391339,487674,0,0,710733,544439,423976,0,644088,391361,115196,1310309,0,506955,273579,87359,172854,0,0,230367,0,0,0,0,1,5,5% Discount,7,Q3,28,2018
15-07-2018,25411392,4492121,605848,0,0,691534,620974,398773,0,1040272,511215,212987,2453310,0,641057,386302,93975,264994,0,0,325486,0,0,0,1,1,5,5% Discount,7,Q3,28,2018
16-07-2018,18219015,4213329,401523,0,0,718883,672309,444871,0,423686,317213,92285,1282299,0,580295,303488,113356,374363,0,0,187454,0,0,0,0,0,0,No Offer,7,Q3,29,2018
17-07-2018,24351386,0,0,0,0,0,0,0,0,0,0,0,0,0,0,0,0,0,0,0,0,0,0,1,0,0,0,No Offer,7,Q3,29,2018
18-07-2018,23765462,6382283,541664,0,0,616562,291082,484247,0,1367837,193826,181853,1600849,0,362850,271821,109195,288323,0,0,362490,0,0,1,0,0,0,No Offer,7,Q3,29,2018
19-07-2018,29968953,0,853657,0,0,1591630,1236830,1060540,719366,1769275,1124191,446600,0,0,1354166,835925,252838,890182,0,467187,0,0,0,1,1,1,10,10% Discount,7,Q3,29,2018
20-07-2018,28422262,0,981400,0,0,1142075,772197,1293316,518030,1599441,856511,324354,0,0,1129472,618883,246022,495371,0,168655,0,0,0,1,1,0,0,No Offer,7,Q3,29,2018
21-07-2018,21928576,0,1794640,0,0,1208624,1055200,934444,903882,2386263,1009376,579106,0,0,1179786,579283,239169,716185,0,371579,0,0,0,0,0,1,10,10% Discount,7,Q3,29,2018
22-07-2018,22808388,0,0,0,0,0,0,0,0,0,0,0,0,0,0,0,0,0,0,0,0,0,0,1,0,0,0,No Offer,7,Q3,29,2018
23-07-2018,24421153,0,0,0,0,0,0,0,0,0,0,0,0,0,0,0,0,0,0,0,0,0,0,1,0,0,0,No Offer,7,Q3,30,2018
24-07-2018,28724349,0,1667434,0,0,1920411,1414789,1637910,669886,1955616,970970,570135,0,0,1680955,890608,265858,1229619,0,263007,0,0,0,1,0,1,10,10% Discount,7,Q3,30,2018
25-07-2018,26114488,0,0,0,0,0,0,0,0,0,0,0,0,0,0,0,0,0,0,0,0,0,0,1,1,0,0,No Offer,7,Q3,30,2018
26-07-2018,20657333,0,0,0,0,0,0,0,0,0,0,0,0,0,0,0,0,0,0,0,0,0,0,0,0,1,5,5% Discount,7,Q3,30,2018
27-07-2018,25080010,0,0,0,0,0,0,0,0,0,0,0,0,0,0,0,0,0,0,0,0,0,0,1,1,0,0,No Offer,7,Q3,30,2018
28-07-2018,26345384,0,0,0,0,0,0,0,0,0,0,0,0,0,0,0,0,0,0,0,0,0,0,1,1,0,0,No Offer,7,Q3,30,2018
29-07-2018,28362872,0,0,0,0,0,0,0,0,0,0,0,0,0,0,0,0,0,0,0,0,0,0,1,0,1,20,20% Discount,7,Q3,30,2018
30-07-2018,23153532,0,764980,0,0,2078316,680442,1492086,0,1578157,910117,285088,0,0,1589608,728217,231390,647713,0,311105,0,0,0,0,1,1,5,5% Discount,7,Q3,31,2018
31-07-2018,22374587,0,1109006,0,0,1150627,691999,1118545,0,2534162,1146574,365119,0,0,1238124,620610,186540,460765,0,263766,0,0,0,0,1,0,0,No Offer,7,Q3,31,2018
01-08-2018,24982182,0,0,0,0,0,0,0,0,0,0,0,0,0,0,0,0,0,0,0,0,0,0,1,1,0,0,No Offer,8,Q3,31,2018
02-08-2018,23450851,0,1245264,608115,0,1810582,1274365,1215856,0,2070037,704382,560686,0,0,1576289,681126,255582,512324,0,232758,0,0,705332,0,0,0,0,No Offer,8,Q3,31,2018
03-08-2018,22519049,0,645047,227280,0,708553,814350,794867,0,1448255,352063,163775,0,0,687080,286337,113734,350600,0,117122,0,0,215744,0,1,0,0,No Offer,8,Q3,31,2018
04-08-2018,25813480,0,0,0,0,0,0,0,0,0,0,0,0,0,0,0,0,0,0,0,0,0,0,1,1,0,0,No Offer,8,Q3,31,2018
05-08-2018,25770871,0,1026401,307260,0,880174,921884,882437,0,2286597,529171,197245,0,0,846443,410549,156329,461228,0,267612,0,0,669501,1,1,0,0,No Offer,8,Q3,31,2018
06-08-2018,22222614,0,0,0,0,0,0,0,0,0,0,0,0,0,0,0,0,0,0,0,0,0,0,1,0,0,0,No Offer,8,Q3,32,2018
07-08-2018,24286878,0,0,0,0,0,0,0,0,0,0,0,0,0,0,0,0,0,0,0,0,0,0,0,1,1,10,10% Discount,8,Q3,32,2018
08-08-2018,30804650,0,1189483,454407,0,2002009,846495,1225131,0,1346576,726932,586507,0,0,1329142,724132,262849,1113168,0,310801,0,0,1151389,1,1,1,10,10% Discount,8,Q3,32,2018
09-08-2018,22000342,0,604989,0,0,1183120,772833,984303,0,1351965,793921,253989,0,0,1053499,660563,246250,329145,0,139314,0,0,405710,0,1,0,0,No Offer,8,Q3,32,2018
10-08-2018,22352337,0,1313410,0,0,1374844,1163073,776317,0,2028724,871546,360983,0,0,1251784,833960,211190,560531,0,215848,0,0,371117,0,1,0,0,No Offer,8,Q3,32,2018
11-08-2018,23575901,0,0,0,0,0,0,0,0,0,0,0,0,0,0,0,0,0,0,0,0,0,0,0,1,1,10,10% Discount,8,Q3,32,2018
12-08-2018,24544049,0,0,0,0,0,0,0,0,0,0,0,0,0,0,0,0,0,0,0,0,0,0,0,1,1,5,5% Discount,8,Q3,32,2018
13-08-2018,27394670,0,0,0,0,0,0,0,0,0,0,0,0,0,0,0,0,0,0,0,0,0,0,1,0,0,0,No Offer,8,Q3,33,2018
14-08-2018,21801039,0,1049168,0,0,1194564,1254367,730218,0,2243969,834091,211113,0,0,899111,496996,204528,406432,0,243371,0,0,284088,0,0,0,0,No Offer,8,Q3,33,2018
15-08-2018,24714336,0,0,0,0,0,0,0,0,0,0,0,0,0,0,0,0,0,0,0,0,0,0,1,0,0,0,No Offer,8,Q3,33,2018
16-08-2018,27344364,0,1032865,391252,0,1499587,1005943,910335,0,1590704,535586,683437,0,0,1308717,516783,274862,824399,0,0,0,0,775560,1,1,1,10,10% Discount,8,Q3,33,2018
17-08-2018,29671395,0,0,0,0,0,0,0,0,0,0,0,0,0,0,0,0,0,0,0,0,0,0,1,1,1,15,15% Discount,8,Q3,33,2018
18-08-2018,24550845,0,1115612,581980,0,1568484,1243553,1027476,0,1885081,819250,362261,0,0,1004598,717478,235280,552358,0,0,0,0,978362,0,0,1,5,5% Discount,8,Q3,33,2018
19-08-2018,23063229,0,0,0,0,0,0,0,0,0,0,0,0,0,0,0,0,0,0,0,0,0,0,0,0,1,5,5% Discount,8,Q3,33,2018
20-08-2018,26786840,0,428745,478498,0,1025676,788966,874451,0,1646976,355091,201397,0,0,1273677,478698,136841,383735,0,0,0,0,405968,0,1,0,0,No Offer,8,Q3,34,2018
21-08-2018,26492744,0,614006,208061,0,909441,594695,846641,0,1381382,465306,203648,0,0,605329,391013,177041,526743,0,0,0,0,368492,1,0,0,0,No Offer,8,Q3,34,2018
22-08-2018,25486666,0,0,0,0,0,0,0,0,0,0,0,0,0,0,0,0,0,0,0,0,0,0,1,0,1,5,5% Discount,8,Q3,34,2018
23-08-2018,21857340,3425181,284202,175310,449115,448152,391257,362278,272447,1059002,256824,82829,0,0,544147,218015,81241,201014,0,69329,160944,0,330876,0,0,0,0,No Offer,8,Q3,34,2018
24-08-2018,30296317,0,0,0,0,0,0,0,0,0,0,0,0,0,0,0,0,0,0,0,0,0,0,1,0,1,15,15% Discount,8,Q3,34,2018
25-08-2018,24915835,0,0,0,0,0,0,0,0,0,0,0,0,0,0,0,0,0,0,0,0,0,0,0,1,1,5,5% Discount,8,Q3,34,2018
26-08-2018,28865963,0,0,0,0,0,0,0,0,0,0,0,0,0,0,0,0,0,0,0,0,0,0,1,1,0,0,No Offer,8,Q3,34,2018
27-08-2018,35781226,5057941,782595,254637,1088068,661699,662143,656064,368785,2661985,409642,274638,0,0,703146,294093,168445,406783,0,108303,356507,0,384876,1,1,1,25,Buy3Get1,8,Q3,35,2018
28-08-2018,26295408,0,0,0,0,0,0,0,0,0,0,0,0,0,0,0,0,0,0,0,0,0,0,1,0,1,10,10% Discount,8,Q3,35,2018
29-08-2018,24273804,0,0,0,0,0,0,0,0,0,0,0,0,0,0,0,0,0,0,0,0,0,0,0,1,0,0,No Offer,8,Q3,35,2018
30-08-2018,25172258,0,0,0,0,0,0,0,0,0,0,0,0,0,0,0,0,0,0,0,0,0,0,0,1,0,0,No Offer,8,Q3,35,2018
31-08-2018,33427645,5398721,959358,197413,1151146,638037,445058,587987,265170,1055503,342446,195819,2744279,0,387080,368707,103985,294930,0,87513,365617,0,275049,1,1,1,25,Buy3Get1,8,Q3,35,2018
01-09-2018,27469231,0,0,0,0,0,0,0,0,0,0,0,0,0,0,0,0,0,0,0,0,0,0,0,0,1,20,20% Discount,9,Q3,35,2018
02-09-2018,23337724,0,0,0,0,0,0,0,0,0,0,0,0,0,0,0,0,0,0,0,0,0,0,1,0,0,0,No Offer,9,Q3,35,2018
03-09-2018,23218598,2788857,536573,192224,869829,1117165,473131,657384,330987,1581536,621058,127647,1173817,0,701806,336678,139307,236470,0,128231,252820,0,373970,0,0,1,10,10% Discount,9,Q3,36,2018
04-09-2018,24689053,0,0,0,0,0,0,0,0,0,0,0,0,0,0,0,0,0,0,0,0,0,0,0,1,1,5,5% Discount,9,Q3,36,2018
05-09-2018,27224354,4824078,410964,98797,679601,320663,282976,337850,247681,414500,246643,75923,1578485,0,280889,127725,69479,205148,0,108828,223172,0,267707,1,0,0,0,No Offer,9,Q3,36,2018
06-09-2018,20979437,0,1583026,0,1329826,1169139,746296,642461,577003,2434965,0,202903,0,0,892481,827458,168238,553525,0,218172,490562,0,0,0,0,0,0,No Offer,9,Q3,36,2018
07-09-2018,31113059,0,1154789,0,1415820,1350703,935255,1003519,1093814,1959652,0,598004,0,0,946090,507411,232699,814541,0,285501,1040370,0,0,1,1,1,5,5% Discount,9,Q3,36,2018
08-09-2018,27633954,0,1821993,0,1375675,1108605,966741,894810,721146,1946377,0,212028,0,0,916685,311967,170381,615477,0,172092,499860,0,0,1,0,1,5,5% Discount,9,Q3,36,2018
09-09-2018,28268730,0,0,0,0,0,0,0,0,0,0,0,0,0,0,0,0,0,0,0,0,0,0,0,1,1,10,10% Discount,9,Q3,36,2018
10-09-2018,25890625,0,1136746,0,1304432,941874,745553,900362,1110039,2241152,0,401163,0,0,1179911,657785,176437,760884,0,122218,1269605,0,0,1,1,0,0,No Offer,9,Q3,37,2018
11-09-2018,25501618,0,1047678,0,1275253,2075103,1235511,1157331,970223,2098141,0,179408,0,0,1021187,615935,272780,516008,0,403651,693015,0,0,1,0,0,0,No Offer,9,Q3,37,2018
12-09-2018,25849633,0,0,0,0,0,0,0,0,0,0,0,0,0,0,0,0,0,0,0,0,0,0,1,0,0,0,No Offer,9,Q3,37,2018
13-09-2018,23022636,0,797716,0,1181877,1410128,1092251,1329116,787673,1112796,0,332388,0,0,936797,572415,276260,541359,0,339680,296664,0,0,0,0,0,0,No Offer,9,Q3,37,2018
14-09-2018,24003652,0,0,0,0,0,0,0,0,0,0,0,0,0,0,0,0,0,0,0,0,0,0,0,0,1,5,5% Discount,9,Q3,37,2018
15-09-2018,28058360,0,0,0,0,0,0,0,0,0,0,0,0,0,0,0,0,0,0,0,0,0,0,1,1,1,5,5% Discount,9,Q3,37,2018
16-09-2018,24696296,0,815051,0,1072573,1139464,921849,709212,656848,1162536,0,155403,0,0,763678,450255,143439,317945,0,131135,388619,0,0,0,1,0,0,No Offer,9,Q3,37,2018
17-09-2018,26019496,0,955960,0,1224440,1492357,1507807,1023790,756706,1247797,0,365695,0,0,1237126,660637,301916,634450,0,616175,590676,0,0,0,0,1,10,10% Discount,9,Q3,38,2018
18-09-2018,23631762,0,0,0,0,0,0,0,0,0,0,0,0,0,0,0,0,0,0,0,0,0,0,1,0,0,0,No Offer,9,Q3,38,2018
19-09-2018,28763681,0,0,0,0,0,0,0,0,0,0,0,0,0,0,0,0,0,0,0,0,0,0,0,0,1,20,20% Discount,9,Q3,38,2018
20-09-2018,27989460,0,0,0,0,0,0,0,0,0,0,0,0,0,0,0,0,0,0,0,0,0,0,1,0,1,5,5% Discount,9,Q3,38,2018
21-09-2018,23091040,0,0,0,1110371,1155776,1005664,1043132,594242,1914598,0,370680,0,0,853815,494656,191231,498253,0,320851,602217,0,468838,0,1,0,0,No Offer,9,Q3,38,2018
22-09-2018,25077622,0,0,0,0,0,0,0,0,0,0,0,0,0,0,0,0,0,0,0,0,0,0,0,1,0,0,No Offer,9,Q3,38,2018
23-09-2018,23927518,0,0,0,1174797,1210681,871092,733661,541195,2167348,0,232902,0,0,1401611,483524,163968,275184,0,213843,600768,0,331194,0,0,0,0,No Offer,9,Q3,38,2018
24-09-2018,21019464,0,0,0,1350137,1406324,979720,1229811,1409769,2309944,0,410366,0,0,1092836,642376,328146,733833,0,303547,599849,0,532023,0,0,0,0,No Offer,9,Q3,39,2018
25-09-2018,25565906,0,0,0,1264070,1920071,1239003,1348585,459336,2043485,0,266106,0,0,1494522,639105,219588,703526,0,194451,526039,0,511693,0,1,1,5,5% Discount,9,Q3,39,2018
26-09-2018,24407900,0,0,0,1127735,1956234,1476068,1312339,829758,1703142,0,315699,0,0,1714346,595035,283574,1024547,0,230585,458052,0,326124,0,1,0,0,No Offer,9,Q3,39,2018
27-09-2018,26405124,4725009,0,0,304582,301340,239361,322640,229369,1152861,0,123307,0,0,479023,193841,50392,261380,0,90842,173664,0,187113,1,1,0,0,No Offer,9,Q3,39,2018
28-09-2018,25578026,0,0,0,0,0,0,0,0,0,0,0,0,0,0,0,0,0,0,0,0,0,0,1,0,0,0,No Offer,9,Q3,39,2018
29-09-2018,24523482,5611362,0,0,1095043,908087,530724,644437,265042,1404872,0,77889,0,0,721304,279164,116676,317309,0,133258,446778,0,468451,1,0,0,0,No Offer,9,Q3,39,2018
30-09-2018,26556791,0,0,0,0,0,0,0,0,0,0,0,0,0,0,0,0,0,0,0,0,0,0,0,1,0,0,No Offer,9,Q3,39,2018
01-10-2018,26150127,3722985,0,0,395301,772862,631702,574144,627617,1055292,0,173815,0,0,537550,367815,112674,295386,0,158063,545739,0,317985,0,1,1,5,5% Discount,10,Q4,40,2018
02-10-2018,35560499,3932247,0,0,390918,471934,307572,335735,206789,1025333,0,148777,0,0,353859,196587,63962,210267,0,86563,224142,0,134285,1,1,1,20,20% Discount,10,Q4,40,2018
03-10-2018,28469941,0,0,0,0,0,0,0,0,0,0,0,0,0,0,0,0,0,0,0,0,0,0,1,1,1,10,10% Discount,10,Q4,40,2018
04-10-2018,26916459,0,0,0,0,0,0,0,0,0,0,0,0,0,0,0,0,0,0,0,0,0,0,0,1,1,5,5% Discount,10,Q4,40,2018
05-10-2018,26157006,0,0,0,0,0,0,0,0,0,0,0,0,0,0,0,0,0,0,0,0,0,0,0,1,0,0,No Offer,10,Q4,40,2018
06-10-2018,30093449,0,1262033,488719,1489145,1170654,990811,1182464,0,2070826,0,863345,0,0,784128,529347,182056,465099,0,136362,0,0,725521,1,1,1,5,5% Discount,10,Q4,40,2018
07-10-2018,25521546,0,0,0,0,0,0,0,0,0,0,0,0,0,0,0,0,0,0,0,0,0,0,0,1,0,0,No Offer,10,Q4,40,2018
08-10-2018,24169207,0,0,0,0,0,0,0,0,0,0,0,0,0,0,0,0,0,0,0,0,0,0,0,0,1,5,5% Discount,10,Q4,41,2018
09-10-2018,25307900,0,618092,375087,1079076,1017849,863079,856784,0,1995308,0,174348,0,0,681987,432951,185212,396611,0,140389,0,0,365465,0,0,0,0,No Offer,10,Q4,41,2018
10-10-2018,27719708,0,0,0,0,0,0,0,0,0,0,0,0,0,0,0,0,0,0,0,0,0,0,0,1,0,0,No Offer,10,Q4,41,2018
11-10-2018,29148329,0,0,0,0,0,0,0,0,0,0,0,0,0,0,0,0,0,0,0,0,0,0,1,1,0,0,No Offer,10,Q4,41,2018
12-10-2018,23530862,5522477,739543,202050,0,925782,498683,648697,604508,722557,0,296525,0,0,963531,485493,206317,378616,0,0,0,0,425617,0,0,1,5,5% Discount,10,Q4,41,2018
13-10-2018,28975488,3992270,529045,199673,0,916560,686441,799036,564544,1240821,0,324900,0,0,781525,487213,144831,575082,0,0,0,0,476837,0,1,0,0,No Offer,10,Q4,41,2018
14-10-2018,26617088,0,0,0,0,0,0,0,0,0,0,0,0,0,0,0,0,0,0,0,0,0,0,0,0,1,20,20% Discount,10,Q4,41,2018
15-10-2018,26738963,0,0,0,0,0,0,0,0,0,0,0,0,0,0,0,0,0,0,0,0,0,0,1,1,0,0,No Offer,10,Q4,42,2018
16-10-2018,28861260,0,0,0,0,0,0,0,0,0,0,0,0,0,0,0,0,0,0,0,0,0,0,1,1,1,15,15% Discount,10,Q4,42,2018
17-10-2018,26326915,0,0,0,0,0,0,0,0,0,0,0,0,0,0,0,0,0,0,0,0,0,0,0,0,1,10,10% Discount,10,Q4,42,2018
18-10-2018,28931921,0,0,0,0,0,0,0,0,0,0,0,0,0,0,0,0,0,0,0,0,0,0,1,1,0,0,No Offer,10,Q4,42,2018
19-10-2018,31130909,0,0,0,0,0,0,0,0,0,0,0,0,0,0,0,0,0,0,0,0,0,0,1,1,0,0,No Offer,10,Q4,42,2018
20-10-2018,34042998,0,0,0,0,0,0,0,0,0,0,0,0,0,0,0,0,0,0,0,0,0,0,1,1,1,15,15% Discount,10,Q4,42,2018
21-10-2018,25651067,3161240,1022472,425250,0,1266604,806220,723493,662824,1085358,0,246648,0,0,771439,487581,157955,399175,0,0,0,0,687992,0,0,1,5,5% Discount,10,Q4,42,2018
22-10-2018,28849167,4340121,736632,294812,0,962788,642705,482930,766900,1375859,0,193040,0,0,560060,364347,127060,546225,0,0,0,0,476101,1,1,0,0,No Offer,10,Q4,43,2018
23-10-2018,33785717,6312006,349999,200929,0,447892,529307,440890,232090,1026068,0,73491,0,0,369834,238215,61984,389194,0,0,0,0,212343,1,1,1,10,10% Discount,10,Q4,43,2018
24-10-2018,36533711,8089703,830541,268486,0,882862,801831,935231,508640,1952948,0,237036,0,0,1191723,487678,175882,577593,0,0,0,0,280610,1,1,1,15,15% Discount,10,Q4,43,2018
25-10-2018,28807296,0,0,0,0,0,0,0,0,0,0,0,0,0,0,0,0,0,0,0,0,0,0,1,0,0,0,No Offer,10,Q4,43,2018
26-10-2018,28523031,0,0,0,0,0,0,0,0,0,0,0,0,0,0,0,0,0,0,0,0,0,0,1,1,0,0,No Offer,10,Q4,43,2018
27-10-2018,28442644,0,0,0,0,0,0,0,0,0,0,0,0,0,0,0,0,0,0,0,0,0,0,1,0,0,0,No Offer,10,Q4,43,2018
28-10-2018,29782699,0,0,0,0,0,0,0,0,0,0,0,0,0,0,0,0,0,0,0,0,0,0,1,1,1,5,5% Discount,10,Q4,43,2018
29-10-2018,25372547,0,0,0,0,0,0,0,0,0,0,0,0,0,0,0,0,0,0,0,0,0,0,1,0,0,0,No Offer,10,Q4,44,2018
30-10-2018,22956402,3012940,794394,0,0,1318718,818536,788397,0,1065718,0,247783,0,0,564412,485683,157434,344032,0,0,0,0,394355,0,0,0,0,No Offer,10,Q4,44,2018
31-10-2018,26595909,0,0,0,0,0,0,0,0,0,0,0,0,0,0,0,0,0,0,0,0,0,0,0,0,1,15,15% Discount,10,Q4,44,2018
01-11-2018,27063624,0,0,0,0,0,0,0,0,0,0,0,0,0,0,0,0,0,0,0,0,0,0,0,1,0,0,No Offer,11,Q4,44,2018
02-11-2018,33851216,0,0,0,0,0,0,0,0,0,0,0,0,0,0,0,0,0,0,0,0,0,0,1,1,0,0,No Offer,11,Q4,44,2018
03-11-2018,26422028,0,0,0,0,0,0,0,0,0,0,0,0,0,0,0,0,0,0,0,0,0,0,1,0,0,0,No Offer,11,Q4,44,2018
04-11-2018,27965207,0,0,0,0,0,0,0,0,0,0,0,0,0,0,0,0,0,0,0,0,0,0,0,0,1,5,5% Discount,11,Q4,44,2018
05-11-2018,26394970,0,0,0,0,0,0,0,0,0,0,0,0,0,0,0,0,0,0,0,0,0,0,0,1,0,0,No Offer,11,Q4,45,2018
06-11-2018,23654336,0,0,0,0,0,0,0,0,0,0,0,0,0,0,0,0,0,0,0,0,0,0,0,1,0,0,No Offer,11,Q4,45,2018
07-11-2018,24163134,5337536,554173,439187,0,1147809,670701,773719,527217,1366612,0,181798,0,0,735420,428921,152878,549248,0,0,379782,0,439038,0,0,0,0,No Offer,11,Q4,45,2018
08-11-2018,26681422,5224170,1033167,528652,0,1008274,592814,768192,618317,1122159,0,229779,0,0,629729,378336,141096,542991,0,0,742330,0,373901,0,0,0,0,No Offer,11,Q4,45,2018
09-11-2018,26457549,0,0,0,0,0,0,0,0,0,0,0,0,0,0,0,0,0,0,0,0,0,0,0,0,1,5,5% Discount,11,Q4,45,2018
10-11-2018,29739712,5738434,1457007,264004,0,915205,600238,696807,472016,1162031,0,343587,0,0,612693,276119,173993,419912,0,0,304191,0,314496,1,0,1,5,5% Discount,11,Q4,45,2018
11-11-2018,30146925,4602365,971213,319419,0,765546,718416,826451,275003,1504256,0,158726,0,0,763837,575892,133030,441536,0,0,647458,0,352413,1,0,0,0,No Offer,11,Q4,45,2018
12-11-2018,30545575,6364613,872080,196395,0,814123,596930,561523,630238,2372180,0,120125,0,0,629215,281614,127304,476903,0,0,790182,0,398003,1,1,1,10,10% Discount,11,Q4,46,2018
13-11-2018,23361453,4321178,645423,184853,0,898126,578927,558172,325737,1438591,0,132273,0,0,404658,376050,182829,251009,0,0,357463,0,335524,0,0,0,0,No Offer,11,Q4,46,2018
14-11-2018,28152851,9148655,804304,284904,0,1110026,562528,592302,370760,1446846,0,257586,0,0,739931,325148,196633,453730,0,0,405796,0,282131,1,1,1,10,10% Discount,11,Q4,46,2018
15-11-2018,28352900,0,0,0,0,0,0,0,0,0,0,0,0,0,0,0,0,0,0,0,0,0,0,0,1,0,0,No Offer,11,Q4,46,2018
16-11-2018,33499381,7110652,628729,171770,0,903058,624215,615485,396973,1023580,0,267442,0,0,962423,335922,144141,337656,0,0,611039,0,244362,1,0,1,20,20% Discount,11,Q4,46,2018
17-11-2018,31484705,5792601,320592,217703,0,1196584,653520,387605,1367633,1293075,0,128642,0,0,689924,347423,122810,406227,0,0,748266,0,519435,1,1,0,0,No Offer,11,Q4,46,2018
18-11-2018,25958497,0,0,0,0,0,0,0,0,0,0,0,0,0,0,0,0,0,0,0,0,0,0,1,0,0,0,No Offer,11,Q4,46,2018
19-11-2018,24352974,4462526,458146,311832,0,651727,753277,651333,350017,978365,0,179600,0,0,732080,272476,147821,320429,0,0,489606,0,419543,0,0,1,10,10% Discount,11,Q4,47,2018
20-11-2018,22977563,3458659,735158,198139,0,794153,628671,790407,539562,2040333,0,304050,0,0,1037726,445300,156170,451379,0,0,586552,0,373586,0,0,0,0,No Offer,11,Q4,47,2018
21-11-2018,25460451,0,0,0,0,0,0,0,0,0,0,0,0,0,0,0,0,0,0,0,0,0,0,0,1,0,0,No Offer,11,Q4,47,2018
22-11-2018,27285598,5215243,0,284849,0,721005,598598,578654,0,1546372,0,182627,1954232,0,487062,296240,172370,335201,0,0,393874,0,164699,0,0,0,0,No Offer,11,Q4,47,2018
23-11-2018,35845385,7678393,0,284600,0,659027,701152,598184,0,1042201,0,188595,2528999,0,646549,256596,103787,355006,0,0,231094,0,281316,1,1,1,15,15% Discount,11,Q4,47,2018
24-11-2018,27190717,0,0,0,0,0,0,0,0,0,0,0,0,0,0,0,0,0,0,0,0,0,0,0,0,1,15,15% Discount,11,Q4,47,2018
25-11-2018,31971225,5596786,0,118102,0,600811,590996,392441,0,1152794,0,64152,2364004,0,474058,325950,86987,346665,0,0,208270,0,223958,1,1,1,5,5% Discount,11,Q4,47,2018
26-11-2018,25868929,0,0,0,0,0,0,0,0,0,0,0,0,0,0,0,0,0,0,0,0,0,0,0,1,0,0,No Offer,11,Q4,48,2018
27-11-2018,27558803,0,0,0,0,0,0,0,0,0,0,0,0,0,0,0,0,0,0,0,0,0,0,0,1,0,0,No Offer,11,Q4,48,2018
28-11-2018,30397673,3406520,0,463214,0,789529,986602,712354,0,1008387,0,133972,2920582,0,491778,279417,97291,313105,0,0,350980,0,513309,1,1,1,10,10% Discount,11,Q4,48,2018
29-11-2018,30402653,0,0,0,0,0,0,0,0,0,0,0,0,0,0,0,0,0,0,0,0,0,0,1,0,1,5,5% Discount,11,Q4,48,2018
30-11-2018,25602430,0,0,0,0,0,0,0,0,0,0,0,0,0,0,0,0,0,0,0,0,0,0,0,1,0,0,No Offer,11,Q4,48,2018
01-12-2018,32360290,0,0,0,0,0,0,0,0,0,0,0,0,0,0,0,0,0,0,0,0,0,0,0,1,1,10,10% Discount,12,Q4,48,2018
02-12-2018,25788086,3857360,396262,101826,0,802824,466663,638529,269089,1005834,0,168540,1300877,0,549324,301633,87038,260281,0,0,237706,0,328381,0,0,0,0,No Offer,12,Q4,48,2018
03-12-2018,28240609,0,0,0,0,0,0,0,0,0,0,0,0,0,0,0,0,0,0,0,0,0,0,1,0,0,0,No Offer,12,Q4,49,2018
04-12-2018,36374264,0,0,0,0,0,0,0,0,0,0,0,0,0,0,0,0,0,0,0,0,0,0,0,1,1,20,20% Discount,12,Q4,49,2018
05-12-2018,33658915,2639882,499339,95427,0,620578,374528,359593,297970,1363025,0,102760,1403301,0,405309,192811,79785,169705,0,0,298261,0,250766,1,1,1,5,5% Discount,12,Q4,49,2018
06-12-2018,29082015,3576963,410882,62470,0,453423,277291,280305,0,333541,0,75303,1234329,0,349698,176143,53167,182288,0,34001,0,0,76445,1,0,0,0,No Offer,12,Q4,49,2018
07-12-2018,27685324,5032607,405479,383109,0,667968,548113,548371,0,462832,0,137232,1405428,0,620983,268683,135738,253976,0,133862,0,0,230238,0,0,0,0,No Offer,12,Q4,49,2018
08-12-2018,24354213,4194507,466597,216160,0,623175,598093,373772,0,771038,0,229146,2567708,0,670423,202980,105921,200501,0,202559,0,0,218287,0,0,0,0,No Offer,12,Q4,49,2018
09-12-2018,28245242,3049910,494776,276343,0,744061,601697,563050,0,771336,0,276520,2351641,0,692622,422060,112961,348500,0,57945,0,0,534238,0,0,0,0,No Offer,12,Q4,49,2018
10-12-2018,29419476,4969454,504146,237336,0,874236,646291,454502,0,1030104,0,223684,3130637,0,779224,292387,130946,555972,0,111562,0,0,296819,1,0,0,0,No Offer,12,Q4,50,2018
11-12-2018,33199580,4084127,655343,163775,0,503596,673161,422574,0,1335862,0,152604,3216843,0,625622,305492,49152,302720,0,100186,0,0,503100,1,1,0,0,No Offer,12,Q4,50,2018
12-12-2018,25956661,4733198,654569,277182,0,1030634,631057,636365,0,820707,0,99050,1888968,0,719896,353089,153459,329379,0,64777,0,0,371093,0,1,0,0,No Offer,12,Q4,50,2018
13-12-2018,28996055,0,0,0,0,0,0,0,0,0,0,0,0,0,0,0,0,0,0,0,0,0,0,0,0,1,15,15% Discount,12,Q4,50,2018
14-12-2018,30918214,3464780,579949,217463,0,750343,591206,489297,0,851039,0,149075,1366142,0,559219,309547,120115,344315,0,194091,0,0,0,0,1,1,10,10% Discount,12,Q4,50,2018
15-12-2018,31518176,0,0,0,0,0,0,0,0,0,0,0,0,0,0,0,0,0,0,0,0,0,0,1,0,0,0,No Offer,12,Q4,50,2018
16-12-2018,32178329,2776837,517703,280360,0,857710,653558,644626,0,827264,0,185499,1359077,0,699715,294971,119629,250093,0,101651,0,0,0,0,1,1,10,10% Discount,12,Q4,50,2018
17-12-2018,26919549,0,0,0,0,0,0,0,0,0,0,0,0,0,0,0,0,0,0,0,0,0,0,0,0,1,5,5% Discount,12,Q4,51,2018
18-12-2018,29178297,3508953,601511,189934,0,609919,446061,447384,0,634107,0,103877,901770,0,406824,288623,71596,154398,0,63479,0,0,0,0,1,0,0,No Offer,12,Q4,51,2018
19-12-2018,28512961,4518739,537763,278888,0,624059,746668,723073,0,2114603,0,158722,2081618,0,559244,299188,98294,287560,0,131580,0,0,0,0,0,0,0,No Offer,12,Q4,51,2018
20-12-2018,27246495,3781238,420925,100945,0,508301,346560,370328,0,804855,0,83825,1257891,0,451618,233438,94602,153542,0,104147,0,0,0,0,0,1,5,5% Discount,12,Q4,51,2018
21-12-2018,29151416,0,0,0,0,0,0,0,0,0,0,0,0,0,0,0,0,0,0,0,0,0,0,1,0,0,0,No Offer,12,Q4,51,2018
22-12-2018,23515123,2764805,986586,253608,0,1144530,859531,657938,0,1474577,0,294984,1846769,0,841043,451547,261340,400484,0,184560,0,0,0,0,0,0,0,No Offer,12,Q4,51,2018
23-12-2018,27124143,0,0,0,0,0,0,0,0,0,0,0,0,0,0,0,0,0,0,0,0,0,0,0,0,1,5,5% Discount,12,Q4,51,2018
24-12-2018,26609982,4570502,637127,238994,0,790668,713082,736355,0,897740,0,124635,1705015,0,575919,352527,109691,349371,0,143524,0,0,0,1,0,0,0,No Offer,12,Q4,52,2018
25-12-2018,33146109,4335548,1160196,292670,0,753050,769830,538382,0,1374341,0,192232,1385904,0,509581,281548,135987,351665,0,122143,0,0,0,1,1,1,5,5% Discount,12,Q4,52,2018
26-12-2018,28106481,3842434,663906,252352,0,832960,525781,564556,0,1664060,0,135003,1497909,0,627784,219874,116258,365193,0,163856,0,0,0,0,0,0,0,No Offer,12,Q4,52,2018
27-12-2018,23161317,3308190,674938,306100,0,671938,736650,652820,374038,0,459920,170298,2067160,617668,601835,476175,134209,352101,0,0,0,0,0,0,0,0,0,No Offer,12,Q4,52,2018
28-12-2018,31924687,0,0,0,0,0,0,0,0,0,0,0,0,0,0,0,0,0,0,0,0,0,0,1,0,0,0,No Offer,12,Q4,52,2018
29-12-2018,29220950,0,0,0,0,0,0,0,0,0,0,0,0,0,0,0,0,0,0,0,0,0,0,0,1,1,5,5% Discount,12,Q4,52,2018
30-12-2018,28621287,0,0,0,0,0,0,0,0,0,0,0,0,0,0,0,0,0,0,0,0,0,0,0,0,1,10,10% Discount,12,Q4,52,2018
31-12-2018,32389260,0,0,0,0,0,0,0,0,0,0,0,0,0,0,0,0,0,0,0,0,0,0,1,1,1,5,5% Discount,12,Q4,1,2018
01-01-2019,19635973,0,0,0,0,0,0,0,0,0,0,0,0,0,0,0,0,0,0,0,0,0,0,1,0,0,0,No Offer,1,Q1,1,2019
02-01-2019,20859698,0,0,0,0,0,0,0,0,0,0,0,0,0,0,0,0,0,0,0,0,0,0,0,0,1,15,15% Discount,1,Q1,1,2019
03-01-2019,23764858,2240517,618069,97807,0,526260,277120,373211,0,0,381267,72218,1089789,386285,512301,237942,81579,196840,0,0,0,0,0,0,0,1,10,10% Discount,1,Q1,1,2019
04-01-2019,21300169,0,0,0,0,0,0,0,0,0,0,0,0,0,0,0,0,0,0,0,0,0,0,0,1,1,10,10% Discount,1,Q1,1,2019
05-01-2019,19100556,0,0,0,0,0,0,0,0,0,0,0,0,0,0,0,0,0,0,0,0,0,0,0,0,1,10,10% Discount,1,Q1,1,2019
06-01-2019,21294084,3646244,305354,122321,0,512425,391722,364390,0,0,368841,87548,1202702,403046,421746,258487,70120,263513,0,0,0,0,0,0,0,1,10,10% Discount,1,Q1,1,2019
07-01-2019,21008603,0,0,0,0,0,0,0,0,0,0,0,0,0,0,0,0,0,0,0,0,0,0,0,1,0,0,No Offer,1,Q1,2,2019
08-01-2019,20709775,0,0,0,0,0,0,0,0,0,0,0,0,0,0,0,0,0,0,0,0,0,0,0,1,0,0,No Offer,1,Q1,2,2019
09-01-2019,27465090,0,0,0,0,0,0,0,0,0,0,0,0,0,0,0,0,0,0,0,0,0,0,1,1,1,20,20% Discount,1,Q1,2,2019
10-01-2019,24573225,3439253,640874,169977,0,593642,344909,362873,0,0,418679,144282,1216995,698976,437751,245228,90188,235703,0,0,0,0,172374,1,1,0,0,No Offer,1,Q1,2,2019
11-01-2019,21197103,0,0,0,0,0,0,0,0,0,0,0,0,0,0,0,0,0,0,0,0,0,0,0,1,1,5,5% Discount,1,Q1,2,2019
12-01-2019,21374756,3288925,958576,154179,0,835378,707963,501245,0,0,269478,157556,1632942,1488366,615360,385125,89921,291080,0,0,0,0,374068,0,1,0,0,No Offer,1,Q1,2,2019
13-01-2019,24189666,0,0,0,0,0,0,0,0,0,0,0,0,0,0,0,0,0,0,0,0,0,0,1,0,1,5,5% Discount,1,Q1,2,2019
14-01-2019,18398815,3438216,428670,208475,0,881690,519901,609541,0,0,391791,118971,2214939,1189715,716366,327283,87858,235257,0,0,0,0,241219,0,0,0,0,No Offer,1,Q1,3,2019
15-01-2019,18863876,0,0,0,0,0,0,0,0,0,0,0,0,0,0,0,0,0,0,0,0,0,0,0,0,1,15,15% Discount,1,Q1,3,2019
16-01-2019,21987853,0,0,0,0,0,0,0,0,0,0,0,0,0,0,0,0,0,0,0,0,0,0,0,1,0,0,No Offer,1,Q1,3,2019
17-01-2019,24313975,0,0,0,0,0,0,0,0,0,0,0,0,0,0,0,0,0,0,0,0,0,0,0,1,0,0,No Offer,1,Q1,3,2019
18-01-2019,21977481,2996095,597987,274822,0,830412,731131,703787,643044,0,554522,239129,2045380,1390202,1009446,515091,145440,418891,0,0,0,0,344320,0,1,1,5,5% Discount,1,Q1,3,2019
19-01-2019,24926606,5041496,685515,237304,0,726862,716195,687717,510561,0,443491,189852,1556534,1472737,560154,334178,131448,433963,0,0,0,0,445655,1,1,1,5,5% Discount,1,Q1,3,2019
20-01-2019,24193620,7602679,614252,227962,0,1080692,674208,740768,647737,0,422299,433321,2258171,1096178,671343,417462,133951,468769,0,0,0,0,342861,1,1,1,5,5% Discount,1,Q1,3,2019
21-01-2019,25942789,0,0,0,0,0,0,0,0,0,0,0,0,0,0,0,0,0,0,0,0,0,0,1,1,0,0,No Offer,1,Q1,4,2019
22-01-2019,19492279,4626950,261263,157161,0,374546,312372,322430,407322,0,307336,63560,1295578,489408,422483,223251,103317,165883,0,0,0,0,94069,0,0,0,0,No Offer,1,Q1,4,2019
23-01-2019,21690420,0,0,0,0,0,0,0,0,0,0,0,0,0,0,0,0,0,0,0,0,0,0,1,0,0,0,No Offer,1,Q1,4,2019
24-01-2019,23203325,4167084,816735,300391,0,1165851,793548,655883,477244,0,0,273130,1503923,743803,496010,447085,183234,412947,0,0,0,0,358061,0,1,1,5,5% Discount,1,Q1,4,2019
25-01-2019,20542203,0,0,0,0,0,0,0,0,0,0,0,0,0,0,0,0,0,0,0,0,0,0,0,0,1,10,10% Discount,1,Q1,4,2019
26-01-2019,18804903,3211126,700813,219219,0,836782,544362,652973,587075,0,0,206805,1441818,659492,791346,297050,113704,322730,0,0,0,0,246611,0,0,1,5,5% Discount,1,Q1,4,2019
27-01-2019,23106839,0,0,0,0,0,0,0,0,0,0,0,0,0,0,0,0,0,0,0,0,0,0,1,0,0,0,No Offer,1,Q1,4,2019
28-01-2019,21168418,0,0,0,0,0,0,0,0,0,0,0,0,0,0,0,0,0,0,0,0,0,0,1,0,0,0,No Offer,1,Q1,5,2019
29-01-2019,23144818,0,0,0,0,0,0,0,0,0,0,0,0,0,0,0,0,0,0,0,0,0,0,1,0,1,15,15% Discount,1,Q1,5,2019
30-01-2019,24717974,0,0,0,0,0,0,0,0,0,0,0,0,0,0,0,0,0,0,0,0,0,0,0,0,1,15,15% Discount,1,Q1,5,2019
31-01-2019,19391956,3238318,540667,301745,0,684563,545073,580490,458925,0,0,132154,1378014,778235,591694,312932,136419,186999,0,0,339372,77714,270584,0,0,0,0,No Offer,1,Q1,5,2019
01-02-2019,25212414,5686278,784569,190581,0,964693,596088,628438,389846,0,0,172417,2017331,695721,761596,446888,140440,395789,0,0,341380,92515,569036,1,1,0,0,No Offer,2,Q1,5,2019
02-02-2019,24532243,0,0,0,0,0,0,0,0,0,0,0,0,0,0,0,0,0,0,0,0,0,0,1,0,1,10,10% Discount,2,Q1,5,2019
03-02-2019,20704439,0,0,0,0,0,0,0,0,0,0,0,0,0,0,0,0,0,0,0,0,0,0,0,0,1,10,10% Discount,2,Q1,5,2019
04-02-2019,25507170,5427561,562719,210447,0,764609,497841,617923,344186,0,0,144632,993351,520335,551981,276041,131110,190622,0,0,265137,130041,226673,0,1,1,15,15% Discount,2,Q1,6,2019
05-02-2019,23176090,3419313,643744,154223,0,1110973,635000,575410,752760,0,0,212548,1829216,1403223,803394,562114,154056,372029,0,0,663911,123502,394703,0,1,1,5,5% Discount,2,Q1,6,2019
06-02-2019,19452545,4406802,523811,358951,0,778631,421769,687131,422143,0,0,171818,1064525,655292,396759,379554,122530,332268,0,0,263658,101163,272481,0,0,0,0,No Offer,2,Q1,6,2019
07-02-2019,23276323,0,0,0,0,0,0,0,0,0,0,0,0,0,0,0,0,0,0,0,0,0,0,1,0,0,0,No Offer,2,Q1,6,2019
08-02-2019,21988873,0,0,0,0,0,0,0,0,0,0,0,0,0,0,0,0,0,0,0,0,0,0,1,0,0,0,No Offer,2,Q1,6,2019
09-02-2019,22882643,4753745,723240,188353,0,867089,371053,641778,0,0,0,250587,0,800842,854333,334167,183237,423573,0,0,0,157145,358873,0,1,1,15,15% Discount,2,Q1,6,2019
10-02-2019,25464593,7317813,1141689,370071,0,1290757,781327,885174,0,0,0,186500,0,819705,738572,641926,223449,686869,0,0,0,118478,418601,1,1,1,15,15% Discount,2,Q1,6,2019
11-02-2019,27898045,8782167,1015067,256432,0,632349,956143,901780,0,0,0,179978,0,1137662,830074,400676,114272,690878,0,0,0,92536,299976,1,1,1,15,15% Discount,2,Q1,7,2019
12-02-2019,22177219,0,0,0,0,0,0,0,0,0,0,0,0,0,0,0,0,0,0,0,0,0,0,1,0,0,0,No Offer,2,Q1,7,2019
13-02-2019,26725915,7491533,848213,230679,0,853315,1138583,1091703,0,0,0,341057,0,1380088,908815,514799,200792,812660,0,0,0,129913,292647,1,0,1,10,10% Discount,2,Q1,7,2019
14-02-2019,22644665,0,0,0,0,0,0,0,0,0,0,0,0,0,0,0,0,0,0,0,0,0,0,1,0,0,0,No Offer,2,Q1,7,2019
15-02-2019,20090417,0,0,0,0,0,0,0,0,0,0,0,0,0,0,0,0,0,0,0,0,0,0,0,0,1,5,5% Discount,2,Q1,7,2019
16-02-2019,20466896,4179780,628396,342818,0,735842,777663,705692,573256,0,0,244661,0,829786,690892,281155,141795,351166,0,0,0,0,302662,0,0,0,0,No Offer,2,Q1,7,2019
17-02-2019,20198576,3474395,686334,196961,0,1090374,719764,777361,602394,0,0,184528,0,1366504,845842,551357,143842,356071,0,0,0,0,568634,0,0,1,10,10% Discount,2,Q1,7,2019
18-02-2019,20176759,5735083,603210,283867,0,1001825,682678,588250,665042,0,0,169906,0,880979,643471,413978,145620,500265,0,0,0,0,419259,0,0,0,0,No Offer,2,Q1,8,2019
19-02-2019,22323187,0,0,0,0,0,0,0,0,0,0,0,0,0,0,0,0,0,0,0,0,0,0,0,1,0,0,No Offer,2,Q1,8,2019
20-02-2019,22163190,0,0,0,0,0,0,0,0,0,0,0,0,0,0,0,0,0,0,0,0,0,0,0,1,0,0,No Offer,2,Q1,8,2019
21-02-2019,29629941,8453613,1027218,131050,0,808625,679845,651383,873887,0,465063,0,0,955376,774017,413252,134548,378046,0,0,0,0,361508,1,1,1,15,15% Discount,2,Q1,8,2019
22-02-2019,29498955,6122556,567530,178822,0,476848,404382,539855,344141,0,252565,0,0,1081106,611296,281188,137125,378277,0,0,0,0,186988,1,1,1,5,5% Discount,2,Q1,8,2019
23-02-2019,22795565,0,0,0,0,0,0,0,0,0,0,0,0,0,0,0,0,0,0,0,0,0,0,0,1,0,0,No Offer,2,Q1,8,2019
24-02-2019,29434639,6383513,1008197,198151,0,961316,849833,605760,661193,0,606055,0,0,1355555,1275413,511670,139885,552894,0,0,0,0,549654,1,1,1,15,15% Discount,2,Q1,8,2019
25-02-2019,28293603,4220361,443201,226807,0,616298,391229,410494,450835,0,191081,0,0,903032,491637,281232,93710,344980,0,0,0,0,202034,1,1,0,0,No Offer,2,Q1,9,2019
26-02-2019,19833465,0,0,0,0,0,0,0,0,0,0,0,0,0,0,0,0,0,0,0,0,0,0,0,0,1,5,5% Discount,2,Q1,9,2019
27-02-2019,22093749,4431755,674615,185716,0,652067,405325,615839,378757,0,449183,0,0,652683,660429,356413,108523,239155,0,0,0,0,248917,0,1,0,0,No Offer,2,Q1,9,2019
28-02-2019,24804913,0,0,0,0,0,0,0,0,0,0,0,0,0,0,0,0,0,0,0,0,0,0,1,1,1,5,5% Discount,2,Q1,9,2019
01-03-2019,23349394,5796292,0,0,0,1284085,789488,581166,587359,0,410289,0,0,1228677,715593,558087,126375,492011,0,0,0,0,385682,0,0,1,5,5% Discount,3,Q1,9,2019
02-03-2019,22590234,5047018,0,0,0,661577,743633,630842,492511,0,772564,0,0,1100860,820522,409914,200128,388262,0,0,0,0,191779,0,0,1,5,5% Discount,3,Q1,9,2019
03-03-2019,21951674,0,0,0,0,0,0,0,0,0,0,0,0,0,0,0,0,0,0,0,0,0,0,0,1,0,0,No Offer,3,Q1,9,2019
04-03-2019,25875203,0,0,0,0,0,0,0,0,0,0,0,0,0,0,0,0,0,0,0,0,0,0,1,1,0,0,No Offer,3,Q1,10,2019
05-03-2019,27485362,0,0,0,0,0,0,0,0,0,0,0,0,0,0,0,0,0,0,0,0,0,0,1,1,0,0,No Offer,3,Q1,10,2019
06-03-2019,21286110,4537620,0,0,0,819925,735877,654330,416436,0,303791,0,0,1031362,550048,372533,174187,292182,0,0,0,0,305598,0,1,0,0,No Offer,3,Q1,10,2019
07-03-2019,24628806,0,0,0,0,0,0,0,0,0,0,0,0,0,0,0,0,0,0,0,0,0,0,1,0,1,10,10% Discount,3,Q1,10,2019
08-03-2019,23494994,5066330,0,0,0,950277,618038,613055,485594,0,487903,0,0,762269,1071441,349976,122364,487149,0,0,0,0,490342,1,0,1,5,5% Discount,3,Q1,10,2019
09-03-2019,28262459,3542325,0,0,0,629175,568782,603614,345592,0,425865,0,0,1049519,669933,304182,125936,253740,0,0,0,0,325120,0,1,1,25,Buy3Get1,3,Q1,10,2019
10-03-2019,26807300,5810260,0,0,0,855516,644495,657083,334115,0,683496,0,0,916190,644596,448344,116914,278196,0,0,0,0,232266,0,1,1,10,10% Discount,3,Q1,10,2019
11-03-2019,21070965,7090815,0,0,0,754307,739540,683179,785230,0,554108,0,0,828454,575912,427533,111484,509861,0,0,0,0,238049,1,0,0,0,No Offer,3,Q1,11,2019
12-03-2019,27067308,0,0,0,0,0,0,0,0,0,0,0,0,0,0,0,0,0,0,0,0,0,0,1,1,1,5,5% Discount,3,Q1,11,2019
13-03-2019,21827767,0,0,0,0,0,0,0,0,0,0,0,0,0,0,0,0,0,0,0,0,0,0,0,1,0,0,No Offer,3,Q1,11,2019
14-03-2019,22690589,0,0,0,0,1282569,1147743,1039798,1292126,0,567190,0,0,2135879,908728,685839,234230,508656,0,0,616557,0,760304,0,0,0,0,No Offer,3,Q1,11,2019
15-03-2019,22785403,0,0,0,0,0,0,0,0,0,0,0,0,0,0,0,0,0,0,0,0,0,0,0,1,0,0,No Offer,3,Q1,11,2019
16-03-2019,23297678,0,0,0,0,1166556,1030345,723017,430137,0,493332,0,0,815600,1087877,477483,117484,452994,0,0,401625,0,452885,0,1,0,0,No Offer,3,Q1,11,2019
17-03-2019,21404607,0,0,0,0,1464064,1111432,1084221,705076,0,671940,0,0,2140418,876930,628390,201312,419116,0,0,752026,0,397997,0,0,0,0,No Offer,3,Q1,11,2019
18-03-2019,29853925,0,0,0,0,1980252,1967496,1876347,1390114,0,961306,0,0,1943870,1683829,1152515,304910,1277614,0,0,1706470,0,635545,1,1,1,10,10% Discount,3,Q1,12,2019
19-03-2019,26927628,0,0,0,0,0,0,0,0,0,0,0,0,0,0,0,0,0,0,0,0,0,0,1,0,0,0,No Offer,3,Q1,12,2019
20-03-2019,21551598,0,0,0,0,0,0,0,0,0,0,0,0,0,0,0,0,0,0,0,0,0,0,0,1,0,0,No Offer,3,Q1,12,2019
21-03-2019,27354129,0,0,0,0,0,0,0,0,0,0,0,0,0,0,0,0,0,0,0,0,0,0,1,1,1,15,15% Discount,3,Q1,12,2019
22-03-2019,27384244,0,0,0,0,0,0,0,0,0,0,0,0,0,0,0,0,0,0,0,0,0,0,1,0,1,15,15% Discount,3,Q1,12,2019
23-03-2019,24640046,0,0,0,0,1957697,1083468,974427,647959,0,1146702,0,2863486,0,1305110,858984,258695,680503,0,0,453391,0,523387,1,1,0,0,No Offer,3,Q1,12,2019
24-03-2019,24431537,0,0,0,0,0,0,0,0,0,0,0,0,0,0,0,0,0,0,0,0,0,0,0,1,0,0,No Offer,3,Q1,12,2019
25-03-2019,23743712,0,0,0,0,1234250,718158,1295445,1157695,0,719654,0,2341522,0,1102084,493584,201353,466693,0,0,754917,0,974299,0,0,1,5,5% Discount,3,Q1,13,2019
26-03-2019,22381507,0,0,0,0,0,0,0,0,0,0,0,0,0,0,0,0,0,0,0,0,0,0,0,1,0,0,No Offer,3,Q1,13,2019
27-03-2019,22900431,0,0,0,0,0,0,0,0,0,0,0,0,0,0,0,0,0,0,0,0,0,0,0,0,1,15,15% Discount,3,Q1,13,2019
28-03-2019,23606683,3711272,0,0,1248881,841560,483757,321177,494112,0,395629,0,1080182,0,595953,194383,140091,319039,0,69393,0,0,143769,1,0,0,0,No Offer,3,Q1,13,2019
29-03-2019,26087082,6971226,0,0,522383,876092,420158,551523,520651,0,346484,0,2415796,0,535820,379223,108857,367776,0,108101,0,0,320999,1,1,0,0,No Offer,3,Q1,13,2019
30-03-2019,29587877,0,0,0,0,0,0,0,0,0,0,0,0,0,0,0,0,0,0,0,0,0,0,1,1,1,15,15% Discount,3,Q1,13,2019
31-03-2019,18539703,4650145,0,0,948261,932816,714851,802204,419015,0,607978,0,1336968,0,625094,356409,120783,304732,0,162535,0,0,290891,0,0,0,0,No Offer,3,Q1,13,2019
01-04-2019,24896984,3452270,0,0,968333,690379,746407,789721,521601,0,435450,0,1693148,0,554633,283488,136438,315429,0,185355,0,0,309150,1,1,1,5,5% Discount,4,Q2,14,2019
02-04-2019,20503491,5072345,0,0,640228,740125,702672,574627,481859,0,413724,0,1184322,0,742837,373868,110990,336350,0,89172,0,0,332184,0,0,0,0,No Offer,4,Q2,14,2019
03-04-2019,21611030,0,0,0,0,0,0,0,0,0,0,0,0,0,0,0,0,0,0,0,0,0,0,0,1,0,0,No Offer,4,Q2,14,2019
04-04-2019,18797191,0,0,0,0,0,0,0,0,0,0,0,0,0,0,0,0,0,0,0,0,0,0,0,1,0,0,No Offer,4,Q2,14,2019
05-04-2019,23446222,0,0,0,0,0,0,0,0,0,0,0,0,0,0,0,0,0,0,0,0,0,0,1,1,1,5,5% Discount,4,Q2,14,2019
06-04-2019,20925233,0,0,0,0,0,0,0,0,0,0,0,0,0,0,0,0,0,0,0,0,0,0,0,1,0,0,No Offer,4,Q2,14,2019
07-04-2019,27274892,4701095,0,0,658320,1323140,891693,752355,801580,0,549457,0,2548030,0,1002724,562596,197648,524089,0,193422,0,0,0,1,1,1,10,10% Discount,4,Q2,14,2019
08-04-2019,22113772,0,0,0,0,0,0,0,0,0,0,0,0,0,0,0,0,0,0,0,0,0,0,0,1,0,0,No Offer,4,Q2,15,2019
09-04-2019,22659100,6777835,0,0,1711468,1050755,687352,686957,371888,0,419002,0,1920894,0,963511,402488,136186,419730,0,164196,0,0,0,1,0,0,0,No Offer,4,Q2,15,2019
10-04-2019,22916834,4306107,0,0,956705,733026,837385,421907,545179,0,368517,0,2089428,0,739774,323107,130563,411588,0,63302,0,0,0,0,0,1,5,5% Discount,4,Q2,15,2019
11-04-2019,24681678,5921852,0,0,0,906387,487535,685001,0,0,710693,0,1976593,0,593439,395521,156954,269315,0,194008,505968,0,0,0,0,1,15,15% Discount,4,Q2,15,2019
12-04-2019,23770783,6052922,0,0,0,723245,848217,882628,0,0,426704,0,3406318,0,712465,386531,166493,1107928,0,196214,415320,0,0,1,0,0,0,No Offer,4,Q2,15,2019
13-04-2019,22883574,0,0,0,0,0,0,0,0,0,0,0,0,0,0,0,0,0,0,0,0,0,0,0,1,0,0,No Offer,4,Q2,15,2019
14-04-2019,25106406,6787966,0,0,0,796250,680912,535082,0,0,390746,0,2480671,0,656412,322931,138304,372912,0,177455,382951,0,0,1,1,1,5,5% Discount,4,Q2,15,2019
15-04-2019,23328517,0,0,0,0,0,0,0,0,0,0,0,0,0,0,0,0,0,0,0,0,0,0,0,0,1,20,20% Discount,4,Q2,16,2019
16-04-2019,24673781,6957117,0,0,0,674901,525864,649030,0,0,506610,0,4189597,0,711054,443718,131429,618995,0,79613,481036,0,0,1,1,1,10,10% Discount,4,Q2,16,2019
17-04-2019,23216411,5277322,0,0,0,824636,604711,525501,0,0,277533,0,1865899,0,452502,320529,124497,298967,0,65959,316306,0,0,1,0,0,0,No Offer,4,Q2,16,2019
18-04-2019,26659619,0,1216709,548184,0,2116039,1453441,1304048,0,0,0,331483,0,0,1287665,656312,270635,1077580,0,316453,0,0,1173102,1,1,0,0,No Offer,4,Q2,16,2019
19-04-2019,28632255,0,1631157,390511,0,2492686,2030042,1636757,0,0,0,614077,0,0,1991822,1484716,389936,1903864,0,433603,0,0,953626,1,1,1,5,5% Discount,4,Q2,16,2019
20-04-2019,23298428,0,838715,454066,0,1420888,744825,1212892,0,0,0,276175,0,0,846098,519630,258930,415472,0,308118,0,0,422756,0,1,1,5,5% Discount,4,Q2,16,2019
21-04-2019,26218524,0,1885382,602740,0,1433742,1106190,918100,0,0,0,292170,0,0,1014143,530039,192979,671714,0,155466,0,0,343632,1,1,0,0,No Offer,4,Q2,16,2019
22-04-2019,19542006,0,0,0,0,0,0,0,0,0,0,0,0,0,0,0,0,0,0,0,0,0,0,1,0,0,0,No Offer,4,Q2,17,2019
23-04-2019,23924728,0,0,0,0,0,0,0,0,0,0,0,0,0,0,0,0,0,0,0,0,0,0,0,1,1,10,10% Discount,4,Q2,17,2019
24-04-2019,27750879,0,0,0,0,0,0,0,0,0,0,0,0,0,0,0,0,0,0,0,0,0,0,1,1,1,15,15% Discount,4,Q2,17,2019
25-04-2019,25701157,0,0,0,0,0,0,0,0,0,0,0,0,0,0,0,0,0,0,0,0,0,0,0,0,1,15,15% Discount,4,Q2,17,2019
26-04-2019,24149173,6442475,584937,174456,0,612180,448888,297739,278241,0,0,158160,1867710,0,367729,221674,88835,347507,0,120046,0,0,231607,1,0,0,0,No Offer,4,Q2,17,2019
27-04-2019,22559744,0,0,0,0,0,0,0,0,0,0,0,0,0,0,0,0,0,0,0,0,0,0,0,0,1,5,5% Discount,4,Q2,17,2019
28-04-2019,27208501,5565807,1125080,351122,0,1112645,831680,817242,569150,0,0,353416,2073132,0,923125,541592,143480,670010,0,198500,0,0,501640,1,1,1,5,5% Discount,4,Q2,17,2019
29-04-2019,22819432,4570325,539825,342509,0,759094,797503,432843,417226,0,0,240928,1511983,0,646354,279775,92815,189446,0,152171,0,0,230446,0,1,0,0,No Offer,4,Q2,18,2019
30-04-2019,25772758,0,0,0,0,0,0,0,0,0,0,0,0,0,0,0,0,0,0,0,0,0,0,1,0,0,0,No Offer,4,Q2,18,2019
01-05-2019,23778528,0,0,0,0,0,0,0,0,0,0,0,0,0,0,0,0,0,0,0,0,0,0,1,1,1,5,5% Discount,5,Q2,18,2019
02-05-2019,28911180,3275065,823189,0,0,519580,752019,764112,585658,0,0,187020,2411358,0,733393,400965,152449,432960,0,130975,310889,150735,350364,1,1,1,10,10% Discount,5,Q2,18,2019
03-05-2019,24365213,0,0,0,0,0,0,0,0,0,0,0,0,0,0,0,0,0,0,0,0,0,0,0,0,1,5,5% Discount,5,Q2,18,2019
04-05-2019,21009082,0,0,0,0,0,0,0,0,0,0,0,0,0,0,0,0,0,0,0,0,0,0,0,0,1,10,10% Discount,5,Q2,18,2019
05-05-2019,26883876,4840849,413182,0,0,788819,532737,516277,628863,0,0,141279,986213,0,634417,515302,131340,238783,0,137991,325963,264145,331603,0,1,1,10,10% Discount,5,Q2,18,2019
06-05-2019,29388980,6085867,1046793,0,0,860329,539066,575339,220763,0,0,217012,2252820,0,467741,310364,136147,397899,0,134948,541970,143352,457330,1,1,1,20,20% Discount,5,Q2,19,2019
07-05-2019,22978217,0,0,0,0,0,0,0,0,0,0,0,0,0,0,0,0,0,0,0,0,0,0,0,0,1,5,5% Discount,5,Q2,19,2019
08-05-2019,20924245,4594511,303240,0,0,909093,838115,497201,292310,0,0,176753,1102307,0,558009,316877,115646,309264,0,103126,525373,113549,568646,0,0,0,0,No Offer,5,Q2,19,2019
09-05-2019,23217790,2848456,789100,0,0,578359,687913,600972,0,0,0,173162,0,0,715996,487739,157617,362493,0,263060,640846,141789,316320,0,0,0,0,No Offer,5,Q2,19,2019
10-05-2019,24165918,0,0,0,0,0,0,0,0,0,0,0,0,0,0,0,0,0,0,0,0,0,0,1,0,0,0,No Offer,5,Q2,19,2019
11-05-2019,23996155,4776708,672011,0,0,1426219,1101742,942370,0,0,0,319683,0,0,1215897,564872,196036,447789,0,209332,1075449,203791,428951,0,0,1,5,5% Discount,5,Q2,19,2019
12-05-2019,22534744,4450045,697415,0,0,772948,562999,818361,0,0,0,296427,0,0,797806,345862,188361,361048,0,175239,476447,199009,314984,0,0,0,0,No Offer,5,Q2,19,2019
13-05-2019,22590709,0,0,0,0,0,0,0,0,0,0,0,0,0,0,0,0,0,0,0,0,0,0,0,1,0,0,No Offer,5,Q2,20,2019
14-05-2019,24437233,7779520,700783,0,0,961776,1065753,652971,0,0,0,175022,0,0,947589,491774,160758,453070,0,240171,463329,203703,301031,0,0,1,10,10% Discount,5,Q2,20,2019
15-05-2019,25514427,7802285,1310891,0,0,1124909,570006,660596,0,0,0,205767,0,0,752747,315709,204536,616762,0,151925,779531,264091,240566,1,0,1,10,10% Discount,5,Q2,20,2019
16-05-2019,22936894,4223428,960899,0,0,972728,617013,642246,406310,0,0,146664,0,0,618018,349523,93286,374874,0,140317,457852,0,290601,0,0,1,5,5% Discount,5,Q2,20,2019
17-05-2019,27020686,4809781,1094522,0,0,1371673,958961,815941,591640,0,0,242457,0,0,1172238,570742,158885,439845,0,209695,649205,0,577009,0,1,1,20,20% Discount,5,Q2,20,2019
18-05-2019,23161213,5424329,503328,0,0,557488,556938,682122,286075,0,0,151028,0,0,578705,296841,121552,266193,0,130835,423477,0,481008,0,0,0,0,No Offer,5,Q2,20,2019
19-05-2019,27445142,0,0,0,0,0,0,0,0,0,0,0,0,0,0,0,0,0,0,0,0,0,0,1,1,0,0,No Offer,5,Q2,20,2019
20-05-2019,21938706,4000868,901908,0,0,664326,841324,784492,516932,0,0,98481,0,0,727522,464630,162085,377711,0,163849,481410,0,232903,0,0,0,0,No Offer,5,Q2,21,2019
21-05-2019,23606357,0,0,0,0,0,0,0,0,0,0,0,0,0,0,0,0,0,0,0,0,0,0,0,0,1,15,15% Discount,5,Q2,21,2019
22-05-2019,25549545,6112982,795683,0,0,576263,530609,533968,522241,0,0,203443,0,0,737590,332889,112104,457805,0,118973,513986,0,292472,1,1,1,5,5% Discount,5,Q2,21,2019
23-05-2019,25817743,8558516,0,283775,0,1100085,1018288,796975,0,0,0,285716,0,0,867814,530675,232326,643820,0,183566,0,0,0,1,0,1,5,5% Discount,5,Q2,21,2019
24-05-2019,24674129,0,0,0,0,0,0,0,0,0,0,0,0,0,0,0,0,0,0,0,0,0,0,0,1,1,10,10% Discount,5,Q2,21,2019
25-05-2019,24476658,0,0,0,0,0,0,0,0,0,0,0,0,0,0,0,0,0,0,0,0,0,0,1,0,1,15,15% Discount,5,Q2,21,2019
26-05-2019,25458740,9091870,0,277103,0,1338716,1241666,1073604,0,0,0,445610,0,0,833396,554504,158899,654560,0,197543,0,0,0,1,1,1,5,5% Discount,5,Q2,21,2019
27-05-2019,26071985,6704260,0,415682,0,1158246,1132319,756274,0,0,0,276984,0,0,751783,670755,209926,531344,0,265426,0,0,0,0,0,1,10,10% Discount,5,Q2,22,2019
28-05-2019,22816354,6357823,0,350721,0,1333464,969429,802660,0,0,0,347463,0,0,1022398,930208,156384,434477,0,307664,0,0,0,0,1,0,0,No Offer,5,Q2,22,2019
29-05-2019,26239366,0,0,0,0,0,0,0,0,0,0,0,0,0,0,0,0,0,0,0,0,0,0,1,0,0,0,No Offer,5,Q2,22,2019
30-05-2019,28127439,5461749,0,185744,0,792519,395808,470255,238029,0,0,85585,855875,0,397581,244330,104139,237747,0,109603,0,0,0,1,1,1,10,10% Discount,5,Q2,22,2019
31-05-2019,29739559,9029669,0,328714,0,992306,859504,938199,812547,0,0,217754,3103998,0,748487,449577,146375,551660,0,171456,0,0,0,1,1,1,5,5% Discount,5,Q2,22,2019
01-06-2019,30158486,5853913,0,214367,0,589521,659908,590934,355504,0,0,107710,2132194,0,418489,320166,92367,373807,0,147866,0,0,0,1,1,1,10,10% Discount,6,Q2,22,2019
02-06-2019,22148768,0,0,0,0,0,0,0,0,0,0,0,0,0,0,0,0,0,0,0,0,0,0,0,1,0,0,No Offer,6,Q2,22,2019
03-06-2019,22046211,0,0,0,0,0,0,0,0,0,0,0,0,0,0,0,0,0,0,0,0,0,0,0,0,1,20,20% Discount,6,Q2,23,2019
04-06-2019,21410958,0,0,0,0,0,0,0,0,0,0,0,0,0,0,0,0,0,0,0,0,0,0,1,0,0,0,No Offer,6,Q2,23,2019
05-06-2019,22179421,0,0,0,0,0,0,0,0,0,0,0,0,0,0,0,0,0,0,0,0,0,0,0,1,0,0,No Offer,6,Q2,23,2019
06-06-2019,30233543,0,0,0,0,0,0,0,0,0,0,0,0,0,0,0,0,0,0,0,0,0,0,1,1,1,5,5% Discount,6,Q2,23,2019
07-06-2019,26488583,5123536,0,358605,0,917315,960186,518336,490081,0,0,325456,1751534,0,841125,317237,154871,578587,0,191311,405985,209047,0,1,1,1,5,5% Discount,6,Q2,23,2019
08-06-2019,25402492,0,0,0,0,0,0,0,0,0,0,0,0,0,0,0,0,0,0,0,0,0,0,0,1,1,10,10% Discount,6,Q2,23,2019
09-06-2019,31540190,7249065,0,193446,0,751220,451156,471745,449514,0,0,275248,1768462,0,724968,340448,146430,400939,0,86917,342252,148425,0,1,1,1,15,15% Discount,6,Q2,23,2019
10-06-2019,21737768,4168840,0,235260,0,808371,730379,616132,480971,0,0,103192,2668094,0,934228,372400,103291,236449,0,134417,500423,351175,0,0,0,0,0,No Offer,6,Q2,24,2019
11-06-2019,26242737,0,0,0,0,0,0,0,0,0,0,0,0,0,0,0,0,0,0,0,0,0,0,1,1,0,0,No Offer,6,Q2,24,2019
12-06-2019,25094949,0,0,0,0,0,0,0,0,0,0,0,0,0,0,0,0,0,0,0,0,0,0,1,0,0,0,No Offer,6,Q2,24,2019
13-06-2019,23734090,6072755,646845,363652,0,732010,747617,569479,347924,0,0,212166,1276222,0,687105,401006,111918,291862,0,103372,0,140884,0,0,1,0,0,No Offer,6,Q2,24,2019
14-06-2019,25975875,4118904,792195,236765,0,724584,547910,784312,367810,0,0,276251,1358751,0,627042,311664,134090,500796,0,141760,0,127953,0,1,1,0,0,No Offer,6,Q2,24,2019
15-06-2019,23151139,0,0,0,0,0,0,0,0,0,0,0,0,0,0,0,0,0,0,0,0,0,0,1,0,0,0,No Offer,6,Q2,24,2019
16-06-2019,24315078,0,0,0,0,0,0,0,0,0,0,0,0,0,0,0,0,0,0,0,0,0,0,1,0,0,0,No Offer,6,Q2,24,2019
17-06-2019,24871720,2583921,970218,173833,0,701789,903992,729133,534463,0,0,228599,1742981,0,847020,444948,107682,349047,0,156314,0,268662,0,0,1,0,0,No Offer,6,Q2,25,2019
18-06-2019,31081266,0,0,0,0,0,0,0,0,0,0,0,0,0,0,0,0,0,0,0,0,0,0,1,0,1,20,20% Discount,6,Q2,25,2019
19-06-2019,26603742,6552795,320317,156258,0,541806,295863,369520,492246,0,0,169644,2322398,0,476851,241391,124904,279618,0,114813,0,144782,0,1,1,0,0,No Offer,6,Q2,25,2019
20-06-2019,27332680,4687150,657921,261886,0,833977,507840,559130,371361,0,0,172588,0,0,445952,556326,74296,340411,0,0,0,149673,323168,1,1,0,0,No Offer,6,Q2,25,2019
21-06-2019,24605394,0,0,0,0,0,0,0,0,0,0,0,0,0,0,0,0,0,0,0,0,0,0,1,0,0,0,No Offer,6,Q2,25,2019
22-06-2019,28097554,0,0,0,0,0,0,0,0,0,0,0,0,0,0,0,0,0,0,0,0,0,0,1,1,1,10,10% Discount,6,Q2,25,2019
23-06-2019,30198590,6366904,860904,302458,0,445109,590709,483533,436269,0,0,169354,0,0,698748,318458,104095,317265,0,0,0,138109,211061,1,1,1,15,15% Discount,6,Q2,25,2019
24-06-2019,28025336,4602406,699566,200906,0,722045,607639,670055,348574,0,0,175945,0,0,487290,364643,94553,559600,0,0,0,207382,224070,1,1,0,0,No Offer,6,Q2,26,2019
25-06-2019,23885389,6155668,843718,415853,0,1645658,965738,815078,697926,0,0,287219,0,0,735638,567040,168831,426549,0,0,0,144379,402357,0,1,1,10,10% Discount,6,Q2,26,2019
26-06-2019,21326391,3770395,850503,370893,0,1308305,817352,511093,692423,0,0,315646,0,0,763806,430503,157525,376002,0,0,0,243947,452983,0,1,0,0,No Offer,6,Q2,26,2019
27-06-2019,22615963,0,0,0,0,0,0,0,0,0,0,0,0,0,0,0,0,0,0,0,0,0,0,0,0,1,10,10% Discount,6,Q2,26,2019
28-06-2019,24608749,0,0,0,0,0,0,0,0,0,0,0,0,0,0,0,0,0,0,0,0,0,0,0,1,1,5,5% Discount,6,Q2,26,2019
29-06-2019,23676893,3557893,703083,0,676196,559911,792769,823371,395136,0,0,280194,0,0,627477,348809,128679,272329,0,0,309758,321614,274579,0,0,1,5,5% Discount,6,Q2,26,2019
30-06-2019,22796985,0,0,0,0,0,0,0,0,0,0,0,0,0,0,0,0,0,0,0,0,0,0,1,0,0,0,No Offer,6,Q2,26,2019
01-07-2019,18962321,3650772,686387,0,708856,721619,635249,530365,403850,0,0,114233,0,0,440508,446671,129653,369183,0,0,544804,146231,276233,0,0,0,0,No Offer,7,Q3,27,2019
02-07-2019,24204876,0,0,0,0,0,0,0,0,0,0,0,0,0,0,0,0,0,0,0,0,0,0,1,0,0,0,No Offer,7,Q3,27,2019
03-07-2019,22917237,0,0,0,0,0,0,0,0,0,0,0,0,0,0,0,0,0,0,0,0,0,0,0,0,1,5,5% Discount,7,Q3,27,2019
04-07-2019,24194103,0,0,0,0,0,0,0,0,0,0,0,0,0,0,0,0,0,0,0,0,0,0,0,1,1,10,10% Discount,7,Q3,27,2019
05-07-2019,24796420,0,0,0,0,0,0,0,0,0,0,0,0,0,0,0,0,0,0,0,0,0,0,1,0,1,5,5% Discount,7,Q3,27,2019
06-07-2019,25339599,0,0,0,0,0,0,0,0,0,0,0,0,0,0,0,0,0,0,0,0,0,0,0,1,0,0,No Offer,7,Q3,27,2019
07-07-2019,28073855,5340908,591569,0,798914,1156449,746120,619557,691672,0,0,210092,0,0,794300,311677,105793,219643,0,0,0,181642,372624,0,1,1,20,20% Discount,7,Q3,27,2019
08-07-2019,27541633,5658955,574032,0,716161,867661,800251,606320,674759,0,0,210747,0,0,637407,332075,120454,422693,0,0,0,149165,324314,1,1,0,0,No Offer,7,Q3,28,2019
09-07-2019,23579444,0,0,0,0,0,0,0,0,0,0,0,0,0,0,0,0,0,0,0,0,0,0,0,1,0,0,No Offer,7,Q3,28,2019
10-07-2019,22153757,0,0,0,0,0,0,0,0,0,0,0,0,0,0,0,0,0,0,0,0,0,0,0,0,1,5,5% Discount,7,Q3,28,2019
11-07-2019,24446944,0,0,0,0,0,0,0,0,0,0,0,0,0,0,0,0,0,0,0,0,0,0,1,0,0,0,No Offer,7,Q3,28,2019
12-07-2019,24822437,0,0,0,0,0,0,0,0,0,0,0,0,0,0,0,0,0,0,0,0,0,0,0,1,0,0,No Offer,7,Q3,28,2019
13-07-2019,23669956,0,0,0,0,0,0,0,0,0,0,0,0,0,0,0,0,0,0,0,0,0,0,1,0,1,5,5% Discount,7,Q3,28,2019
14-07-2019,26492695,5304070,1217482,0,1271076,745844,872500,636919,496220,0,0,381146,0,0,961743,407156,206134,491086,0,0,0,459025,484864,0,1,0,0,No Offer,7,Q3,28,2019
15-07-2019,24939962,0,0,0,0,0,0,0,0,0,0,0,0,0,0,0,0,0,0,0,0,0,0,0,0,1,10,10% Discount,7,Q3,29,2019
16-07-2019,28226815,3197376,722281,0,795895,919928,542189,697280,672746,0,0,258192,0,0,848039,371981,140170,330311,0,0,0,225292,422972,1,1,1,10,10% Discount,7,Q3,29,2019
17-07-2019,26301807,0,0,0,0,0,0,0,0,0,0,0,0,0,0,0,0,0,0,0,0,0,0,0,1,1,5,5% Discount,7,Q3,29,2019
18-07-2019,25884504,0,0,0,0,0,0,0,0,0,0,0,0,0,0,0,0,0,0,0,0,0,0,0,1,0,0,No Offer,7,Q3,29,2019
19-07-2019,22764697,0,0,0,0,0,0,0,0,0,0,0,0,0,0,0,0,0,0,0,0,0,0,0,0,1,5,5% Discount,7,Q3,29,2019
20-07-2019,23807309,4404168,401990,0,742484,698415,591037,389558,416114,0,0,124336,1518574,0,537161,302111,89859,240865,0,159670,0,0,247055,0,1,0,0,No Offer,7,Q3,29,2019
21-07-2019,24337845,4265348,969889,0,676079,618466,586852,535455,308476,0,0,206918,1600201,0,540771,318086,136846,366060,0,140086,0,0,341575,0,0,0,0,No Offer,7,Q3,29,2019
22-07-2019,31543879,3328617,592565,0,536598,1014420,686942,586870,577916,0,0,289899,2010894,0,873770,460128,212972,504923,0,338463,0,0,542072,0,1,1,20,20% Discount,7,Q3,30,2019
23-07-2019,26068629,5255449,1154076,0,1876413,926309,573032,833040,434954,0,0,256840,2226691,0,805308,492957,146374,441893,0,164033,0,0,373135,1,0,1,5,5% Discount,7,Q3,30,2019
24-07-2019,22453722,0,0,0,0,0,0,0,0,0,0,0,0,0,0,0,0,0,0,0,0,0,0,0,1,0,0,No Offer,7,Q3,30,2019
25-07-2019,24320251,0,0,0,0,0,0,0,0,0,0,0,0,0,0,0,0,0,0,0,0,0,0,1,0,0,0,No Offer,7,Q3,30,2019
26-07-2019,25631507,3182702,767632,0,550300,890427,558195,511509,526394,0,0,111004,1167731,0,618753,240387,177294,266308,0,81934,0,0,309943,0,1,0,0,No Offer,7,Q3,30,2019
27-07-2019,26378046,0,0,0,0,0,0,0,0,0,0,0,0,0,0,0,0,0,0,0,0,0,0,1,1,1,5,5% Discount,7,Q3,30,2019
28-07-2019,26699470,0,0,0,0,0,0,0,0,0,0,0,0,0,0,0,0,0,0,0,0,0,0,0,1,1,15,15% Discount,7,Q3,30,2019
29-07-2019,28615403,3340561,493753,0,1044624,581234,749650,803393,723833,0,0,287738,2025219,0,556553,299438,111961,352586,0,146287,0,0,319846,1,1,1,5,5% Discount,7,Q3,31,2019
30-07-2019,22808669,0,0,0,0,0,0,0,0,0,0,0,0,0,0,0,0,0,0,0,0,0,0,0,0,1,10,10% Discount,7,Q3,31,2019
31-07-2019,23830085,2643905,721981,0,463371,794620,697365,422276,392503,0,0,270937,1767547,0,547887,338405,109987,323312,0,117374,0,0,520484,0,0,0,0,No Offer,7,Q3,31,2019
01-08-2019,26670179,0,0,0,0,0,0,0,0,0,0,0,0,0,0,0,0,0,0,0,0,0,0,0,1,1,5,5% Discount,8,Q3,31,2019
02-08-2019,27590538,0,0,0,0,0,0,0,0,0,0,0,0,0,0,0,0,0,0,0,0,0,0,0,1,0,0,No Offer,8,Q3,31,2019
03-08-2019,30027274,3966292,0,0,868714,618392,503961,498395,290505,0,0,109424,1966576,0,596850,262782,87286,363201,0,89751,511181,122967,0,1,1,1,5,5% Discount,8,Q3,31,2019
04-08-2019,25991870,3716833,0,0,961252,910513,561695,633062,1150923,0,0,192423,1980007,0,779374,434473,187342,412824,0,218187,485600,308936,0,1,1,0,0,No Offer,8,Q3,31,2019
05-08-2019,25413121,2731648,0,0,371749,516019,426347,586221,297183,0,0,170468,1392189,0,480572,317786,123906,295038,0,135875,434742,238915,0,0,1,0,0,No Offer,8,Q3,32,2019
06-08-2019,27135770,2978882,0,0,392138,966733,591591,439541,422803,0,0,121936,861710,0,602449,258562,101085,378724,0,101576,322143,158707,0,0,1,1,5,5% Discount,8,Q3,32,2019
07-08-2019,29311305,4301263,0,0,1392611,884083,751318,481617,544951,0,0,261578,2821190,0,514322,401467,160044,358569,0,133685,964613,171553,0,1,1,0,0,No Offer,8,Q3,32,2019
08-08-2019,27359483,0,0,0,0,0,0,0,0,0,0,0,0,0,0,0,0,0,0,0,0,0,0,1,1,1,5,5% Discount,8,Q3,32,2019
09-08-2019,22450814,0,0,0,0,0,0,0,0,0,0,0,0,0,0,0,0,0,0,0,0,0,0,0,0,1,5,5% Discount,8,Q3,32,2019
10-08-2019,23875243,0,1350084,0,0,1309151,1133134,917714,1003436,0,0,385555,0,0,1096560,603810,179596,570993,0,307107,532746,0,681951,0,1,1,5,5% Discount,8,Q3,32,2019
11-08-2019,33890521,0,0,0,0,0,0,0,0,0,0,0,0,0,0,0,0,0,0,0,0,0,0,1,1,1,15,15% Discount,8,Q3,32,2019
12-08-2019,23674158,0,886263,0,0,1397019,1201364,1340723,904792,0,0,235661,0,0,1436531,897837,229475,741992,0,264108,1339578,0,596524,0,0,0,0,No Offer,8,Q3,33,2019
13-08-2019,24372321,0,1093381,0,0,1317454,1207334,923058,1097901,0,0,319401,0,0,925021,805721,192955,876315,0,194184,809100,0,731839,0,1,1,5,5% Discount,8,Q3,33,2019
14-08-2019,27820938,0,1629559,0,0,1315900,1292900,946428,779613,0,0,394821,0,0,1164859,872766,254239,1100156,0,338781,946970,0,1111263,1,0,1,10,10% Discount,8,Q3,33,2019
15-08-2019,27408129,0,780164,620731,1442090,1330428,1050137,1005221,0,0,0,287637,0,0,1215506,722380,249265,881076,0,608879,924296,0,0,1,1,0,0,No Offer,8,Q3,33,2019
16-08-2019,24078100,0,0,0,0,0,0,0,0,0,0,0,0,0,0,0,0,0,0,0,0,0,0,1,0,0,0,No Offer,8,Q3,33,2019
17-08-2019,25628376,0,0,0,0,0,0,0,0,0,0,0,0,0,0,0,0,0,0,0,0,0,0,0,0,1,15,15% Discount,8,Q3,33,2019
18-08-2019,25868092,0,2257668,907189,1452428,1344574,1473599,1334477,0,0,0,421655,0,0,1076514,992819,165919,1259667,0,202172,1039586,0,0,1,0,0,0,No Offer,8,Q3,33,2019
19-08-2019,27522581,0,0,0,0,0,0,0,0,0,0,0,0,0,0,0,0,0,0,0,0,0,0,0,1,0,0,No Offer,8,Q3,34,2019
20-08-2019,25592383,0,0,0,0,0,0,0,0,0,0,0,0,0,0,0,0,0,0,0,0,0,0,0,1,1,10,10% Discount,8,Q3,34,2019
21-08-2019,23877740,0,2504443,724852,1570462,1945435,1385675,1422701,0,0,0,390886,0,0,1814558,863115,359004,993324,0,376096,1215216,0,0,1,0,1,5,5% Discount,8,Q3,34,2019
22-08-2019,23119320,0,0,0,0,0,0,0,0,0,0,0,0,0,0,0,0,0,0,0,0,0,0,0,1,0,0,No Offer,8,Q3,34,2019
23-08-2019,24218014,0,1179689,335984,1835284,1803144,935060,946262,667455,0,0,252670,0,0,1368585,527544,285928,857888,0,171151,477712,272767,0,1,0,0,0,No Offer,8,Q3,34,2019
24-08-2019,27892227,0,1501316,242327,1052380,1060030,803319,852332,524204,0,0,523439,0,0,1277070,527063,203465,501657,0,282211,833608,513511,0,0,1,1,20,20% Discount,8,Q3,34,2019
25-08-2019,21416683,0,949415,301949,1115385,1386447,877104,738587,426473,0,0,432270,0,0,929466,547471,172619,465364,0,214616,407498,486016,0,0,0,0,0,No Offer,8,Q3,34,2019
26-08-2019,24940432,0,0,0,0,0,0,0,0,0,0,0,0,0,0,0,0,0,0,0,0,0,0,0,0,1,5,5% Discount,8,Q3,35,2019
27-08-2019,26827386,0,0,0,0,0,0,0,0,0,0,0,0,0,0,0,0,0,0,0,0,0,0,1,1,1,5,5% Discount,8,Q3,35,2019
28-08-2019,27682877,0,0,0,0,0,0,0,0,0,0,0,0,0,0,0,0,0,0,0,0,0,0,1,1,0,0,No Offer,8,Q3,35,2019
29-08-2019,30971101,0,0,0,0,0,0,0,0,0,0,0,0,0,0,0,0,0,0,0,0,0,0,1,1,0,0,No Offer,8,Q3,35,2019
30-08-2019,25512363,0,0,0,0,0,0,0,0,0,0,0,0,0,0,0,0,0,0,0,0,0,0,0,1,0,0,No Offer,8,Q3,35,2019
31-08-2019,26301984,0,0,0,0,0,0,0,0,0,0,0,0,0,0,0,0,0,0,0,0,0,0,1,0,0,0,No Offer,8,Q3,35,2019
01-09-2019,32793003,4724264,0,290939,0,658761,469442,773840,224890,0,0,117865,1502784,0,665454,334340,88907,467675,0,66237,362284,156763,0,1,0,1,15,15% Discount,9,Q3,35,2019
02-09-2019,30580777,4113876,0,121934,0,553864,702259,465692,221782,0,0,132857,1081691,0,592811,369176,80544,415412,0,106582,210695,134786,0,1,0,1,10,10% Discount,9,Q3,36,2019
03-09-2019,26269595,2990446,0,279577,0,636500,887477,458281,269492,0,0,125919,1721356,0,628687,334476,111391,225662,0,145309,278702,207400,0,0,1,0,0,No Offer,9,Q3,36,2019
04-09-2019,26931865,4653352,0,140681,0,878147,557744,499461,382310,0,0,111184,1367799,0,495844,241945,117445,226854,0,93671,397761,168095,0,0,1,1,10,10% Discount,9,Q3,36,2019
05-09-2019,28424087,0,0,0,0,0,0,0,0,0,0,0,0,0,0,0,0,0,0,0,0,0,0,1,1,0,0,No Offer,9,Q3,36,2019
06-09-2019,26244397,5492834,0,316619,0,859944,609335,636640,384432,0,379071,262297,1732540,0,787579,257361,133708,480663,0,0,385307,347979,0,1,0,0,0,No Offer,9,Q3,36,2019
07-09-2019,25724951,3401778,0,322144,0,651117,633842,545388,498233,0,604099,140517,1780658,0,547346,304576,104590,374549,0,0,272339,268525,0,1,0,0,0,No Offer,9,Q3,36,2019
08-09-2019,24790919,3805461,0,250411,0,853118,651417,1090288,466563,0,629673,151750,1452019,0,815855,585132,158758,321770,0,0,650239,209083,0,0,0,1,5,5% Discount,9,Q3,36,2019
09-09-2019,25958628,4406949,0,466798,0,703743,700635,558514,958141,0,366019,261389,1285519,0,1057214,508115,163163,370863,0,0,434565,329576,0,0,1,0,0,No Offer,9,Q3,37,2019
10-09-2019,24398796,4155409,0,202194,0,447595,320393,432557,284073,0,304280,82875,1544961,0,415628,194861,47377,249122,0,0,265749,133240,0,1,0,0,0,No Offer,9,Q3,37,2019
11-09-2019,28952845,0,0,0,0,0,0,0,0,0,0,0,0,0,0,0,0,0,0,0,0,0,0,1,0,0,0,No Offer,9,Q3,37,2019
12-09-2019,29183453,5071017,481422,730018,0,1032563,809419,660884,0,0,932765,179639,2098971,0,600534,331006,180247,724258,0,0,439666,306192,491021,1,0,1,10,10% Discount,9,Q3,37,2019
13-09-2019,25960068,4127180,468057,169227,0,1161305,596912,344517,0,0,222997,152971,2319791,0,553984,448278,111320,408197,0,0,469956,267196,360722,1,0,0,0,No Offer,9,Q3,37,2019
14-09-2019,26728678,0,0,0,0,0,0,0,0,0,0,0,0,0,0,0,0,0,0,0,0,0,0,1,0,0,0,No Offer,9,Q3,37,2019
15-09-2019,26859178,0,0,0,0,0,0,0,0,0,0,0,0,0,0,0,0,0,0,0,0,0,0,0,1,0,0,No Offer,9,Q3,37,2019
16-09-2019,25024649,0,0,0,0,0,0,0,0,0,0,0,0,0,0,0,0,0,0,0,0,0,0,1,0,1,5,5% Discount,9,Q3,38,2019
17-09-2019,25283894,0,0,0,0,0,0,0,0,0,0,0,0,0,0,0,0,0,0,0,0,0,0,0,1,0,0,No Offer,9,Q3,38,2019
18-09-2019,23636293,0,0,0,0,0,0,0,0,0,0,0,0,0,0,0,0,0,0,0,0,0,0,0,1,0,0,No Offer,9,Q3,38,2019
19-09-2019,34227676,2916829,0,0,0,763481,515347,458203,0,0,330521,159754,1779928,0,530149,405467,118776,226906,0,0,0,220797,0,0,1,1,20,20% Discount,9,Q3,38,2019
20-09-2019,25663073,0,0,0,0,0,0,0,0,0,0,0,0,0,0,0,0,0,0,0,0,0,0,0,1,0,0,No Offer,9,Q3,38,2019
21-09-2019,26494594,0,0,0,0,0,0,0,0,0,0,0,0,0,0,0,0,0,0,0,0,0,0,1,1,0,0,No Offer,9,Q3,38,2019
22-09-2019,29808676,0,0,0,0,0,0,0,0,0,0,0,0,0,0,0,0,0,0,0,0,0,0,0,0,1,5,5% Discount,9,Q3,38,2019
23-09-2019,25553619,0,0,0,0,0,0,0,0,0,0,0,0,0,0,0,0,0,0,0,0,0,0,0,0,1,15,15% Discount,9,Q3,39,2019
24-09-2019,23280529,3962884,0,0,0,771954,629590,482127,0,0,853895,116906,1742394,0,683052,375005,155374,274049,0,0,0,320246,0,0,0,0,0,No Offer,9,Q3,39,2019
25-09-2019,30549615,4648382,0,0,0,581556,737714,572156,0,0,385843,88166,2242087,0,404883,325317,96973,483039,0,0,0,205854,0,1,1,1,10,10% Discount,9,Q3,39,2019
26-09-2019,30321166,6131999,486819,154094,0,622944,726834,767666,269271,0,300160,238122,1908569,0,665250,504575,121760,368226,0,0,0,235216,0,1,1,1,15,15% Discount,9,Q3,39,2019
27-09-2019,26805497,0,0,0,0,0,0,0,0,0,0,0,0,0,0,0,0,0,0,0,0,0,0,1,0,0,0,No Offer,9,Q3,39,2019
28-09-2019,22093923,0,0,0,0,0,0,0,0,0,0,0,0,0,0,0,0,0,0,0,0,0,0,0,0,1,10,10% Discount,9,Q3,39,2019
29-09-2019,25125132,3857277,395301,306334,0,694692,565183,506956,328314,0,667553,192884,1721219,0,651506,438005,139997,461195,0,0,0,221157,0,0,0,0,0,No Offer,9,Q3,39,2019
30-09-2019,25654175,2868079,410940,148941,0,443750,581186,382764,346230,0,398012,141995,836009,0,322608,227391,123411,194490,0,0,0,150743,0,0,1,1,10,10% Discount,9,Q3,40,2019
01-10-2019,27514138,4191735,967018,477661,0,1051482,658901,664406,512447,0,356481,158054,1407519,0,715681,263568,149798,444399,0,0,0,211004,0,0,1,1,5,5% Discount,10,Q4,40,2019
02-10-2019,27307998,0,0,0,0,0,0,0,0,0,0,0,0,0,0,0,0,0,0,0,0,0,0,0,0,1,5,5% Discount,10,Q4,40,2019
03-10-2019,31222007,5370361,781915,220646,0,1552265,809888,705031,655629,0,643458,218418,0,0,804755,478993,202988,672616,0,198989,0,268864,0,1,1,1,5,5% Discount,10,Q4,40,2019
04-10-2019,26873952,4070963,515245,228482,0,931939,589822,597548,424349,0,334234,163523,0,0,653534,248338,169184,376427,0,115843,0,230865,0,0,1,0,0,No Offer,10,Q4,40,2019
05-10-2019,31980651,8152596,638997,150013,0,624643,337520,578597,512804,0,457090,116469,0,0,487577,262612,115927,360862,0,120680,0,286482,0,1,1,1,15,15% Discount,10,Q4,40,2019
06-10-2019,28295431,5419026,1353261,535027,0,1050671,830949,861132,607537,0,648332,257690,0,0,849866,692612,201857,357770,0,342798,0,535800,0,0,0,0,0,No Offer,10,Q4,40,2019
07-10-2019,29051843,0,0,0,0,0,0,0,0,0,0,0,0,0,0,0,0,0,0,0,0,0,0,1,0,0,0,No Offer,10,Q4,41,2019
08-10-2019,23506808,3586436,573871,215129,0,819276,684999,528551,369556,0,465311,93873,0,0,662074,379651,138785,345133,0,109573,0,192701,0,0,0,0,0,No Offer,10,Q4,41,2019
09-10-2019,27444350,4495866,1011987,293320,0,1044379,837009,644767,347440,0,298776,154977,0,0,634464,533774,132975,480729,0,217680,0,276409,0,0,1,0,0,No Offer,10,Q4,41,2019
10-10-2019,31707885,4816600,812191,359597,0,919718,934372,601538,0,0,828468,218007,0,0,681043,319529,129481,611927,0,0,0,0,0,1,1,1,15,15% Discount,10,Q4,41,2019
11-10-2019,36247305,6463968,806471,352129,0,1141353,810008,463105,0,0,887407,204240,0,0,903824,387044,104939,394816,0,0,0,0,0,1,1,1,10,10% Discount,10,Q4,41,2019
12-10-2019,25451545,6179753,710915,440988,0,1444818,639456,743474,0,0,567542,362877,0,0,708298,377954,231097,383508,0,0,0,0,0,0,0,0,0,No Offer,10,Q4,41,2019
13-10-2019,23680572,5397154,773283,289913,0,920268,667867,605403,0,0,333049,183743,0,0,720792,462245,156572,325323,0,0,0,0,0,0,0,0,0,No Offer,10,Q4,41,2019
14-10-2019,32969594,7818457,1133971,424475,0,1647522,1181317,1022165,0,0,575580,258957,0,0,821077,540134,240850,1034602,0,0,0,0,0,1,1,1,5,5% Discount,10,Q4,42,2019
15-10-2019,26717245,5493796,685585,256211,0,1265044,739865,895241,0,0,748328,295777,0,0,1010027,329151,184044,403984,0,0,0,0,0,0,1,0,0,No Offer,10,Q4,42,2019
16-10-2019,23215741,5142698,997023,404812,0,1307359,926326,1360519,0,0,411248,243827,0,0,1035606,686969,231170,637208,0,0,0,0,0,0,0,0,0,No Offer,10,Q4,42,2019
17-10-2019,26767869,5558275,513937,494498,1505889,1213567,931247,1060498,0,0,825113,283169,0,0,882510,524160,144738,345643,0,0,0,471571,0,0,0,1,5,5% Discount,10,Q4,42,2019
18-10-2019,33571512,7929392,1638078,351205,1594760,782037,913857,622697,0,0,968951,366232,0,0,856355,494139,177604,561466,0,0,0,277592,0,1,1,1,10,10% Discount,10,Q4,42,2019
19-10-2019,29037115,0,0,0,0,0,0,0,0,0,0,0,0,0,0,0,0,0,0,0,0,0,0,0,1,0,0,No Offer,10,Q4,42,2019
20-10-2019,30564301,0,0,0,0,0,0,0,0,0,0,0,0,0,0,0,0,0,0,0,0,0,0,1,0,1,10,10% Discount,10,Q4,42,2019
21-10-2019,28375137,0,0,0,0,0,0,0,0,0,0,0,0,0,0,0,0,0,0,0,0,0,0,0,0,1,15,15% Discount,10,Q4,43,2019
22-10-2019,34161361,0,0,0,0,0,0,0,0,0,0,0,0,0,0,0,0,0,0,0,0,0,0,1,0,1,25,Buy3Get1,10,Q4,43,2019
23-10-2019,28691869,0,0,0,0,0,0,0,0,0,0,0,0,0,0,0,0,0,0,0,0,0,0,0,0,1,5,5% Discount,10,Q4,43,2019
24-10-2019,28824561,5302169,557722,265040,496316,587409,499295,463534,0,0,385237,169088,0,0,453781,225724,105624,218099,0,0,0,0,0,0,1,1,10,10% Discount,10,Q4,43,2019
25-10-2019,31319920,3953023,1163065,297822,1769328,1062638,697314,655943,0,0,448238,207501,0,0,896135,445759,144076,828621,0,0,0,0,0,1,0,1,10,10% Discount,10,Q4,43,2019
26-10-2019,31592324,0,0,0,0,0,0,0,0,0,0,0,0,0,0,0,0,0,0,0,0,0,0,1,1,0,0,No Offer,10,Q4,43,2019
27-10-2019,27774537,0,0,0,0,0,0,0,0,0,0,0,0,0,0,0,0,0,0,0,0,0,0,0,1,0,0,No Offer,10,Q4,43,2019
28-10-2019,28730079,0,0,0,0,0,0,0,0,0,0,0,0,0,0,0,0,0,0,0,0,0,0,1,0,1,5,5% Discount,10,Q4,44,2019
29-10-2019,30694749,0,0,0,0,0,0,0,0,0,0,0,0,0,0,0,0,0,0,0,0,0,0,1,1,0,0,No Offer,10,Q4,44,2019
30-10-2019,28061156,4663339,739380,189245,1001989,850153,674907,584977,0,0,683342,115748,0,0,817601,535097,168289,649215,0,0,0,0,0,1,0,0,0,No Offer,10,Q4,44,2019
31-10-2019,29287359,0,0,0,0,0,0,0,0,0,0,0,0,0,0,0,0,0,0,0,0,0,0,0,0,1,5,5% Discount,10,Q4,44,2019
01-11-2019,31636395,5588988,667629,0,864782,756224,737132,502073,0,0,0,221938,0,0,626086,304647,144477,533054,0,162422,260001,272920,288100,1,1,1,5,5% Discount,11,Q4,44,2019
02-11-2019,27378742,0,0,0,0,0,0,0,0,0,0,0,0,0,0,0,0,0,0,0,0,0,0,0,0,1,15,15% Discount,11,Q4,44,2019
03-11-2019,28956848,0,0,0,0,0,0,0,0,0,0,0,0,0,0,0,0,0,0,0,0,0,0,1,0,0,0,No Offer,11,Q4,44,2019
04-11-2019,31144217,6054885,1666636,0,1683348,1143838,908783,698879,0,0,0,244269,0,0,1007479,474119,211396,661304,0,362053,457704,279846,420918,1,0,1,10,10% Discount,11,Q4,45,2019
05-11-2019,29315683,0,0,0,0,0,0,0,0,0,0,0,0,0,0,0,0,0,0,0,0,0,0,1,0,0,0,No Offer,11,Q4,45,2019
06-11-2019,27174641,0,0,0,0,0,0,0,0,0,0,0,0,0,0,0,0,0,0,0,0,0,0,0,1,0,0,No Offer,11,Q4,45,2019
07-11-2019,28129432,4562128,486783,0,545088,1199006,847316,690599,0,0,0,353891,0,0,806305,518068,136171,397278,0,0,376269,303681,457282,0,0,1,10,10% Discount,11,Q4,45,2019
08-11-2019,32670853,0,0,0,0,0,0,0,0,0,0,0,0,0,0,0,0,0,0,0,0,0,0,0,1,1,20,20% Discount,11,Q4,45,2019
09-11-2019,33005696,6354873,949651,0,897777,625909,456406,568805,0,0,0,174730,0,0,391051,354256,143685,432147,0,0,452387,390442,362109,1,1,0,0,No Offer,11,Q4,45,2019
10-11-2019,32647897,0,0,0,0,0,0,0,0,0,0,0,0,0,0,0,0,0,0,0,0,0,0,1,0,1,15,15% Discount,11,Q4,45,2019
11-11-2019,29169325,0,0,0,0,0,0,0,0,0,0,0,0,0,0,0,0,0,0,0,0,0,0,1,0,0,0,No Offer,11,Q4,46,2019
12-11-2019,27757100,3851777,361780,0,448222,551929,468442,400459,0,0,0,138962,0,0,554322,366794,118719,269923,0,0,266444,251028,284615,0,0,1,5,5% Discount,11,Q4,46,2019
13-11-2019,29416978,0,0,0,0,0,0,0,0,0,0,0,0,0,0,0,0,0,0,0,0,0,0,0,1,0,0,No Offer,11,Q4,46,2019
14-11-2019,26313697,0,0,0,0,0,0,0,0,0,0,0,0,0,0,0,0,0,0,0,0,0,0,0,1,0,0,No Offer,11,Q4,46,2019
15-11-2019,23949597,5153108,431320,222445,783014,531171,477823,294165,0,0,0,237717,1370511,0,458318,295949,128489,372488,0,0,472747,322078,286820,0,0,0,0,No Offer,11,Q4,46,2019
16-11-2019,37273997,4464584,987858,120829,789081,1063856,810994,1013277,0,0,0,139496,2748280,0,608050,393323,148454,523595,0,0,422628,504466,476731,1,1,1,10,10% Discount,11,Q4,46,2019
17-11-2019,32652845,3497552,528462,117433,676728,647004,599395,453043,0,0,0,136616,3167152,0,382480,328018,111687,357393,0,0,302933,203181,345044,1,1,0,0,No Offer,11,Q4,46,2019
18-11-2019,30920081,6188904,900670,253722,1440284,666121,541311,708690,0,0,0,268202,1454980,0,573381,358382,112691,444488,0,0,567578,205758,290942,1,1,0,0,No Offer,11,Q4,47,2019
19-11-2019,25936445,4234152,851256,267679,583224,854878,773000,749916,0,0,0,98623,1483853,0,751502,494173,153295,286129,0,0,290667,244063,359743,0,0,0,0,No Offer,11,Q4,47,2019
20-11-2019,27322055,0,0,0,0,0,0,0,0,0,0,0,0,0,0,0,0,0,0,0,0,0,0,0,1,0,0,No Offer,11,Q4,47,2019
21-11-2019,31739330,5926633,862249,223623,0,547200,464008,645503,0,0,0,144282,0,0,442335,327830,122229,534278,0,225972,260559,340671,0,1,1,0,0,No Offer,11,Q4,47,2019
22-11-2019,31878828,6716136,1069886,283921,0,721169,746344,1119438,0,0,0,109676,0,0,606885,356266,207491,444326,0,133757,318326,332871,0,1,1,1,10,10% Discount,11,Q4,47,2019
23-11-2019,29400548,0,0,0,0,0,0,0,0,0,0,0,0,0,0,0,0,0,0,0,0,0,0,0,1,0,0,No Offer,11,Q4,47,2019
24-11-2019,29334771,0,0,0,0,0,0,0,0,0,0,0,0,0,0,0,0,0,0,0,0,0,0,1,0,0,0,No Offer,11,Q4,47,2019
25-11-2019,26250665,4448849,712389,255494,0,1234117,967508,825248,0,0,0,255239,0,0,834060,525713,182196,438979,0,195101,537241,353208,0,0,0,0,0,No Offer,11,Q4,48,2019
26-11-2019,29675913,0,0,0,0,0,0,0,0,0,0,0,0,0,0,0,0,0,0,0,0,0,0,1,1,0,0,No Offer,11,Q4,48,2019
27-11-2019,29951386,0,0,0,0,0,0,0,0,0,0,0,0,0,0,0,0,0,0,0,0,0,0,0,0,1,15,15% Discount,11,Q4,48,2019
28-11-2019,28663520,0,0,0,0,0,0,0,0,0,0,0,0,0,0,0,0,0,0,0,0,0,0,0,1,1,10,10% Discount,11,Q4,48,2019
29-11-2019,26843464,0,0,0,0,0,0,0,0,0,0,0,0,0,0,0,0,0,0,0,0,0,0,0,1,0,0,No Offer,11,Q4,48,2019
30-11-2019,30409160,0,1440862,0,0,2030507,1182308,1781619,1216646,1189701,0,309592,0,0,1652950,861552,273117,777489,0,629788,0,391103,0,0,1,1,10,10% Discount,11,Q4,48,2019
01-12-2019,32873714,0,0,0,0,0,0,0,0,0,0,0,0,0,0,0,0,0,0,0,0,0,0,0,0,1,5,5% Discount,12,Q4,48,2019
02-12-2019,31092705,0,2115954,0,0,1887082,1327851,1561812,1016211,2995400,0,382589,0,0,1496622,639480,340743,1076563,0,332200,0,480491,0,0,0,1,15,15% Discount,12,Q4,49,2019
03-12-2019,25105420,0,960451,0,0,1536425,1291081,957895,662660,2446573,0,173604,0,0,932011,482847,242049,597444,0,182912,0,499162,0,0,1,0,0,No Offer,12,Q4,49,2019
04-12-2019,27481658,0,0,0,0,0,0,0,0,0,0,0,0,0,0,0,0,0,0,0,0,0,0,0,0,1,5,5% Discount,12,Q4,49,2019
05-12-2019,33330262,0,2417106,337116,0,1020970,940898,926864,807049,1876194,0,323979,3538276,0,1056611,557189,195024,823190,0,252547,0,627477,0,1,0,1,5,5% Discount,12,Q4,49,2019
06-12-2019,26653606,0,0,0,0,0,0,0,0,0,0,0,0,0,0,0,0,0,0,0,0,0,0,0,0,1,5,5% Discount,12,Q4,49,2019
07-12-2019,31172526,0,622083,202352,0,959968,663526,520026,555766,1464465,0,259301,1551960,0,847841,578524,176449,441380,0,243180,0,222607,0,0,1,0,0,No Offer,12,Q4,49,2019
08-12-2019,31176984,0,736610,436153,0,1135702,932940,875393,534051,1499187,0,297128,3902889,0,875122,549658,210611,462945,0,262318,0,418580,0,0,1,1,5,5% Discount,12,Q4,49,2019
09-12-2019,29133623,0,521377,321413,0,962806,728189,554075,458848,1958697,0,188079,1225249,0,581524,434428,165099,421283,0,190021,0,520892,0,0,0,0,0,No Offer,12,Q4,50,2019
10-12-2019,27641832,0,813218,993567,0,1336214,1121333,1010953,816451,2058752,0,265949,2560458,0,982328,657018,208751,652376,0,196787,0,1120059,0,0,0,1,5,5% Discount,12,Q4,50,2019
11-12-2019,29627094,0,0,0,0,0,0,0,0,0,0,0,0,0,0,0,0,0,0,0,0,0,0,0,0,1,15,15% Discount,12,Q4,50,2019
12-12-2019,35628137,0,1087457,315936,0,1330097,740343,607877,416767,2615709,0,187145,1522325,0,826311,385674,164560,546299,0,238324,356169,393880,348853,0,1,1,20,20% Discount,12,Q4,50,2019
13-12-2019,27496712,0,1154914,248750,0,1079278,606782,588798,688197,1106476,0,235312,2986807,0,924774,390125,151159,397326,0,152111,425517,285507,333708,0,0,0,0,No Offer,12,Q4,50,2019
14-12-2019,29591593,0,0,0,0,0,0,0,0,0,0,0,0,0,0,0,0,0,0,0,0,0,0,0,1,0,0,No Offer,12,Q4,50,2019
15-12-2019,33717448,0,777386,284831,0,835177,658567,441755,302105,1605733,0,202730,1883198,0,640937,527397,145641,465624,0,98476,369954,298800,281254,1,0,0,0,No Offer,12,Q4,50,2019
16-12-2019,33214178,0,1087825,369395,0,1316512,848756,1178976,571754,1998226,0,336356,1780183,0,1012408,479248,229377,921302,0,398428,1093475,587462,453760,1,0,1,5,5% Discount,12,Q4,51,2019
17-12-2019,25203816,0,0,0,0,0,0,0,0,0,0,0,0,0,0,0,0,0,0,0,0,0,0,0,0,1,5,5% Discount,12,Q4,51,2019
18-12-2019,31149968,0,0,0,0,0,0,0,0,0,0,0,0,0,0,0,0,0,0,0,0,0,0,0,1,0,0,No Offer,12,Q4,51,2019
19-12-2019,30974561,0,0,0,0,0,0,0,0,0,0,0,0,0,0,0,0,0,0,0,0,0,0,0,1,0,0,No Offer,12,Q4,51,2019
20-12-2019,29485675,5684463,0,215046,535214,667707,449481,626373,368589,1125917,0,170894,752098,0,859332,234935,93229,339598,0,139870,250855,0,380998,0,0,0,0,No Offer,12,Q4,51,2019
21-12-2019,29096532,0,0,0,0,0,0,0,0,0,0,0,0,0,0,0,0,0,0,0,0,0,0,1,0,0,0,No Offer,12,Q4,51,2019
22-12-2019,32696728,2467578,0,142680,722560,444923,327584,298746,262156,822400,0,96376,1503960,0,332568,231512,88167,273169,0,92016,425218,0,239355,1,0,1,5,5% Discount,12,Q4,51,2019
23-12-2019,28830147,3407859,0,233272,812370,981303,430051,579728,376622,790933,0,142266,875224,0,541233,370919,109893,346156,0,124193,309789,0,262841,0,0,1,5,5% Discount,12,Q4,52,2019
24-12-2019,28033842,0,0,0,0,0,0,0,0,0,0,0,0,0,0,0,0,0,0,0,0,0,0,0,1,0,0,No Offer,12,Q4,52,2019
25-12-2019,35207798,3915855,0,230686,705542,606829,818874,517097,368315,757658,0,174495,2058019,0,428470,442056,81153,361882,0,77105,590584,0,356507,1,1,0,0,No Offer,12,Q4,52,2019
26-12-2019,27145969,4042148,0,252129,448660,807038,628418,546666,340200,716780,0,267044,0,0,663351,342349,137771,240204,0,228362,505918,0,392300,0,0,0,0,No Offer,12,Q4,52,2019
27-12-2019,35626677,3449882,0,205306,864189,1136430,569957,676524,416078,1353630,0,138365,0,0,780308,417694,137421,502566,0,183784,443661,0,395878,1,1,0,0,No Offer,12,Q4,52,2019
28-12-2019,26322741,3506645,0,542431,818982,1155710,488021,658899,546516,856159,0,148741,0,0,786925,285856,139201,364594,0,241322,480519,0,299984,0,0,0,0,No Offer,12,Q4,52,2019
29-12-2019,29281717,5568759,0,370049,1410750,852601,935149,744246,869441,1000689,0,163563,0,0,693731,475566,191591,878012,0,269231,591899,0,311276,1,0,1,5,5% Discount,12,Q4,52,2019
30-12-2019,38102452,0,0,0,0,0,0,0,0,0,0,0,0,0,0,0,0,0,0,0,0,0,0,1,1,1,20,20% Discount,12,Q4,1,2019
31-12-2019,29060214,0,0,0,0,0,0,0,0,0,0,0,0,0,0,0,0,0,0,0,0,0,0,0,0,1,5,5% Discount,12,Q4,1,2019
01-01-2020,21206129,0,0,0,0,0,0,0,0,0,0,0,0,0,0,0,0,0,0,0,0,0,0,0,0,1,10,10% Discount,1,Q1,1,2020
02-01-2020,20828837,0,0,0,0,0,0,0,0,0,0,0,0,0,0,0,0,0,0,0,0,0,0,1,1,1,5,5% Discount,1,Q1,1,2020
03-01-2020,25107202,0,0,0,0,0,0,0,0,0,0,0,0,0,0,0,0,0,0,0,0,0,0,0,1,1,15,15% Discount,1,Q1,1,2020
04-01-2020,23243381,0,0,0,0,0,0,0,0,0,0,0,0,0,0,0,0,0,0,0,0,0,0,0,0,1,15,15% Discount,1,Q1,1,2020
05-01-2020,22820788,0,0,0,0,0,0,0,0,0,0,0,0,0,0,0,0,0,0,0,0,0,0,0,1,0,0,No Offer,1,Q1,1,2020
06-01-2020,27827484,0,0,427220,0,882957,1456252,983878,885281,1881537,0,269167,0,0,1069208,471356,239490,763816,0,337808,1521713,0,595409,1,1,1,20,20% Discount,1,Q1,2,2020
07-01-2020,19767898,0,0,345498,0,1431809,1345704,943156,443969,573672,0,148209,0,0,966473,540409,192484,624915,0,364863,609062,0,582494,0,0,0,0,No Offer,1,Q1,2,2020
08-01-2020,24700552,0,0,0,0,0,0,0,0,0,0,0,0,0,0,0,0,0,0,0,0,0,0,1,0,0,0,No Offer,1,Q1,2,2020
09-01-2020,22235832,0,0,0,0,0,0,0,0,0,0,0,0,0,0,0,0,0,0,0,0,0,0,0,1,1,15,15% Discount,1,Q1,2,2020
10-01-2020,20802918,0,0,0,0,0,0,0,0,0,0,0,0,0,0,0,0,0,0,0,0,0,0,0,0,1,5,5% Discount,1,Q1,2,2020
11-01-2020,23854249,0,0,0,0,0,0,0,0,0,0,0,0,0,0,0,0,0,0,0,0,0,0,1,0,1,5,5% Discount,1,Q1,2,2020
12-01-2020,22730064,0,0,0,0,0,0,0,0,0,0,0,0,0,0,0,0,0,0,0,0,0,0,0,1,0,0,No Offer,1,Q1,2,2020
13-01-2020,26802557,0,0,0,0,0,0,0,0,0,0,0,0,0,0,0,0,0,0,0,0,0,0,1,1,1,10,10% Discount,1,Q1,3,2020
14-01-2020,21490965,0,0,0,0,0,0,0,0,0,0,0,0,0,0,0,0,0,0,0,0,0,0,1,0,0,0,No Offer,1,Q1,3,2020
15-01-2020,23476167,0,0,0,0,0,0,0,0,0,0,0,0,0,0,0,0,0,0,0,0,0,0,0,1,0,0,No Offer,1,Q1,3,2020
16-01-2020,23666894,6862763,0,0,0,1004224,824682,571596,446933,1967364,0,220846,2825234,0,805092,505984,179646,692791,0,156843,0,541359,0,1,0,1,5,5% Discount,1,Q1,3,2020
17-01-2020,20478855,0,0,0,0,0,0,0,0,0,0,0,0,0,0,0,0,0,0,0,0,0,0,1,0,0,0,No Offer,1,Q1,3,2020
18-01-2020,23998919,4350927,0,0,0,699403,577538,518287,269452,1042068,0,163236,1339483,0,545996,313787,106936,338597,0,119903,0,207195,0,0,1,1,10,10% Discount,1,Q1,3,2020
19-01-2020,21737804,0,0,0,0,0,0,0,0,0,0,0,0,0,0,0,0,0,0,0,0,0,0,0,0,1,5,5% Discount,1,Q1,3,2020
20-01-2020,27476420,0,0,0,0,0,0,0,0,0,0,0,0,0,0,0,0,0,0,0,0,0,0,1,1,0,0,No Offer,1,Q1,4,2020
21-01-2020,26197264,9315403,0,0,0,843910,571371,589134,251919,1152478,0,192846,1175938,0,839386,308689,98742,384060,0,169774,0,160174,0,1,1,1,5,5% Discount,1,Q1,4,2020
22-01-2020,20002365,3712027,0,0,0,854319,672259,698141,454891,1199333,0,164818,1391272,0,739072,399946,125092,299393,0,129683,0,215487,0,0,1,0,0,No Offer,1,Q1,4,2020
23-01-2020,22456723,0,0,0,0,0,0,0,0,0,0,0,0,0,0,0,0,0,0,0,0,0,0,1,0,1,10,10% Discount,1,Q1,4,2020
24-01-2020,23617410,0,0,0,0,0,0,0,0,0,0,0,0,0,0,0,0,0,0,0,0,0,0,0,1,0,0,No Offer,1,Q1,4,2020
25-01-2020,25284729,5964041,0,230423,0,1096803,737313,599104,0,1729048,0,257460,3236096,0,803917,382455,95999,443128,0,0,474549,304450,279976,1,1,1,10,10% Discount,1,Q1,4,2020
26-01-2020,22311935,0,0,0,0,0,0,0,0,0,0,0,0,0,0,0,0,0,0,0,0,0,0,0,1,1,15,15% Discount,1,Q1,4,2020
27-01-2020,27121471,0,0,0,0,0,0,0,0,0,0,0,0,0,0,0,0,0,0,0,0,0,0,1,1,1,5,5% Discount,1,Q1,5,2020
28-01-2020,23048032,4840936,0,205568,0,943554,756023,695613,0,1568414,0,180227,1317876,0,843634,498001,153952,316031,0,0,545961,480814,570363,0,1,1,10,10% Discount,1,Q1,5,2020
29-01-2020,24147117,0,0,0,0,0,0,0,0,0,0,0,0,0,0,0,0,0,0,0,0,0,0,0,1,1,5,5% Discount,1,Q1,5,2020
30-01-2020,21596977,0,0,0,0,0,0,0,0,0,0,0,0,0,0,0,0,0,0,0,0,0,0,0,1,1,5,5% Discount,1,Q1,5,2020
31-01-2020,28930734,0,0,0,0,0,0,0,0,0,0,0,0,0,0,0,0,0,0,0,0,0,0,1,1,1,10,10% Discount,1,Q1,5,2020
01-02-2020,24835891,0,0,0,0,0,0,0,0,0,0,0,0,0,0,0,0,0,0,0,0,0,0,0,1,1,5,5% Discount,2,Q1,5,2020
02-02-2020,24316810,0,0,0,0,0,0,0,0,0,0,0,0,0,0,0,0,0,0,0,0,0,0,1,1,0,0,No Offer,2,Q1,5,2020
03-02-2020,18922761,1869605,232176,150654,249070,446092,525287,316719,0,594828,0,195343,1118752,0,452064,212707,91699,243725,0,0,0,185399,0,0,0,0,0,No Offer,2,Q1,6,2020
04-02-2020,25839738,0,0,0,0,0,0,0,0,0,0,0,0,0,0,0,0,0,0,0,0,0,0,0,1,0,0,No Offer,2,Q1,6,2020
05-02-2020,26110197,5327754,1224180,151485,995507,1166118,903291,742074,0,2332084,0,358119,1764297,0,653470,409458,182275,416282,0,0,0,422514,0,1,1,1,5,5% Discount,2,Q1,6,2020
06-02-2020,22468019,0,0,0,0,0,0,0,0,0,0,0,0,0,0,0,0,0,0,0,0,0,0,1,0,0,0,No Offer,2,Q1,6,2020
07-02-2020,25579471,0,0,0,0,0,0,0,0,0,0,0,0,0,0,0,0,0,0,0,0,0,0,0,1,1,5,5% Discount,2,Q1,6,2020
08-02-2020,24886649,0,0,0,0,0,0,0,0,0,0,0,0,0,0,0,0,0,0,0,0,0,0,1,0,0,0,No Offer,2,Q1,6,2020
09-02-2020,25296181,0,0,0,0,0,0,0,0,0,0,0,0,0,0,0,0,0,0,0,0,0,0,0,1,1,5,5% Discount,2,Q1,6,2020
10-02-2020,21743217,0,0,0,0,0,0,0,0,0,0,0,0,0,0,0,0,0,0,0,0,0,0,0,0,1,5,5% Discount,2,Q1,7,2020
11-02-2020,26216113,0,0,0,0,0,0,0,0,0,0,0,0,0,0,0,0,0,0,0,0,0,0,1,0,0,0,No Offer,2,Q1,7,2020
12-02-2020,20156542,3692645,697782,473268,704858,756267,767271,890104,452615,948726,0,211537,2055672,0,877454,361044,159696,357877,0,0,859749,491563,0,0,0,1,5,5% Discount,2,Q1,7,2020
13-02-2020,21967997,0,0,0,0,0,0,0,0,0,0,0,0,0,0,0,0,0,0,0,0,0,0,0,1,0,0,No Offer,2,Q1,7,2020
14-02-2020,25080295,0,0,0,0,0,0,0,0,0,0,0,0,0,0,0,0,0,0,0,0,0,0,1,0,1,5,5% Discount,2,Q1,7,2020
15-02-2020,23417188,0,0,0,0,0,0,0,0,0,0,0,0,0,0,0,0,0,0,0,0,0,0,0,0,1,5,5% Discount,2,Q1,7,2020
16-02-2020,28581616,0,1623948,645328,0,1543355,968528,1380335,547292,1785853,0,396345,0,0,1506334,610635,310668,734887,0,0,949274,832209,1086629,1,1,1,10,10% Discount,2,Q1,7,2020
17-02-2020,26343886,0,1632184,922871,0,1657432,1368547,1159097,1719105,3245018,0,247421,0,0,1140443,702172,245506,1023971,0,0,958725,934832,890041,1,1,1,5,5% Discount,2,Q1,8,2020
18-02-2020,20448041,0,914241,337401,0,857774,1043498,844901,496131,1067646,0,164113,0,0,909367,429575,164501,359647,0,0,377628,562785,286012,0,0,0,0,No Offer,2,Q1,8,2020
19-02-2020,26245698,0,0,0,0,0,0,0,0,0,0,0,0,0,0,0,0,0,0,0,0,0,0,1,0,1,5,5% Discount,2,Q1,8,2020
20-02-2020,27698103,3867883,496504,110252,0,437235,562611,350030,0,889657,418901,151663,0,0,589128,231347,68895,356830,0,0,348007,0,0,1,1,1,5,5% Discount,2,Q1,8,2020
21-02-2020,19949663,4778521,1151615,359593,0,1038076,655672,523730,0,1453788,697809,170037,0,0,647702,434592,203746,356380,0,0,651685,0,0,0,0,0,0,No Offer,2,Q1,8,2020
22-02-2020,21507206,0,0,0,0,0,0,0,0,0,0,0,0,0,0,0,0,0,0,0,0,0,0,0,0,1,10,10% Discount,2,Q1,8,2020
23-02-2020,24638824,0,0,0,0,0,0,0,0,0,0,0,0,0,0,0,0,0,0,0,0,0,0,1,1,0,0,No Offer,2,Q1,8,2020
24-02-2020,27378649,5661336,1353422,287739,0,861558,1208502,1035192,0,1452945,509548,246598,0,0,737194,554439,204276,640647,0,0,605177,0,0,1,1,1,15,15% Discount,2,Q1,9,2020
25-02-2020,30298119,0,0,0,0,0,0,0,0,0,0,0,0,0,0,0,0,0,0,0,0,0,0,1,1,1,15,15% Discount,2,Q1,9,2020
26-02-2020,23344928,0,0,0,0,0,0,0,0,0,0,0,0,0,0,0,0,0,0,0,0,0,0,0,1,0,0,No Offer,2,Q1,9,2020
27-02-2020,24384770,6384473,0,263477,0,862824,679202,736273,505330,1557023,385412,201219,0,0,616131,378584,138219,409514,0,187447,413703,460079,0,1,0,0,0,No Offer,2,Q1,9,2020
28-02-2020,24857693,5748702,0,236494,0,841020,624022,438616,405966,1018992,294460,172535,0,0,609378,415000,141379,315016,0,163149,691614,318927,0,0,1,1,10,10% Discount,2,Q1,9,2020
29-02-2020,21373145,4878845,0,255300,0,897617,821726,611845,469228,1104309,331576,213983,0,0,644923,292410,144273,366503,0,109827,297315,416968,0,0,0,0,0,No Offer,2,Q1,9,2020
01-03-2020,16913020,0,0,0,0,0,0,0,0,0,0,0,0,0,0,0,0,0,0,0,0,0,0,0,1,0,0,No Offer,3,Q1,9,2020
02-03-2020,21928404,0,0,0,0,0,0,0,0,0,0,0,0,0,0,0,0,0,0,0,0,0,0,1,0,1,10,10% Discount,3,Q1,10,2020
03-03-2020,19503052,0,0,0,0,0,0,0,0,0,0,0,0,0,0,0,0,0,0,0,0,0,0,0,1,1,10,10% Discount,3,Q1,10,2020
04-03-2020,18654962,3674765,0,275287,0,1271707,875781,705889,885000,1476167,700590,241862,0,0,904957,393269,157737,640402,0,260744,683933,321295,0,0,0,1,10,10% Discount,3,Q1,10,2020
05-03-2020,19589439,4765086,943935,0,0,830075,562317,659410,409556,1434970,716804,315492,2257826,0,923358,448081,118004,471755,0,271281,396141,217736,0,1,0,1,5,5% Discount,3,Q1,10,2020
06-03-2020,18859515,0,0,0,0,0,0,0,0,0,0,0,0,0,0,0,0,0,0,0,0,0,0,0,1,0,0,No Offer,3,Q1,10,2020
07-03-2020,21661568,4426307,498987,0,0,626900,346074,437309,320938,688914,271986,99358,1875549,0,615190,295968,88953,340726,0,103657,293020,122064,0,1,1,0,0,No Offer,3,Q1,10,2020
08-03-2020,20462865,0,0,0,0,0,0,0,0,0,0,0,0,0,0,0,0,0,0,0,0,0,0,1,1,1,5,5% Discount,3,Q1,10,2020
09-03-2020,18281943,0,0,0,0,0,0,0,0,0,0,0,0,0,0,0,0,0,0,0,0,0,0,0,0,1,5,5% Discount,3,Q1,11,2020
10-03-2020,21893306,6535856,818563,0,0,756726,1002737,563661,336439,832564,588868,217972,1796516,0,817757,433819,118319,365319,0,116935,637980,294317,0,1,0,1,20,20% Discount,3,Q1,11,2020
11-03-2020,18692884,3114600,746231,0,0,781045,538939,446102,369720,1298427,320611,129828,817903,0,657755,223627,108373,275487,0,108677,325861,429623,0,0,0,0,0,No Offer,3,Q1,11,2020
12-03-2020,18102527,0,0,0,0,0,0,0,0,0,0,0,0,0,0,0,0,0,0,0,0,0,0,1,0,0,0,No Offer,3,Q1,11,2020
13-03-2020,17583598,0,0,0,0,0,0,0,0,0,0,0,0,0,0,0,0,0,0,0,0,0,0,0,1,0,0,No Offer,3,Q1,11,2020
14-03-2020,19771730,0,747368,0,0,834725,608308,681699,363552,1564253,346594,201766,1593941,0,831587,344995,222217,343549,0,0,439780,0,0,0,1,1,10,10% Discount,3,Q1,11,2020
15-03-2020,19794229,0,0,0,0,0,0,0,0,0,0,0,0,0,0,0,0,0,0,0,0,0,0,0,1,1,15,15% Discount,3,Q1,11,2020
16-03-2020,21505252,0,0,0,0,0,0,0,0,0,0,0,0,0,0,0,0,0,0,0,0,0,0,1,1,1,5,5% Discount,3,Q1,12,2020
17-03-2020,21922337,0,1205214,0,0,2084386,1240184,953938,1056672,1471934,721010,281510,2919350,0,1488509,664700,317315,1244703,0,0,701348,0,0,1,1,1,10,10% Discount,3,Q1,12,2020
18-03-2020,21075708,0,1198883,0,0,953185,633433,604300,826356,1130308,639078,126996,2320847,0,646126,374257,155388,566637,0,0,664494,0,0,1,1,0,0,No Offer,3,Q1,12,2020
19-03-2020,18381894,4881483,884423,0,0,1139017,971554,879657,529487,0,644973,249954,0,0,765286,519871,159570,577160,0,0,433586,0,0,0,0,0,0,No Offer,3,Q1,12,2020
20-03-2020,18802107,0,0,0,0,0,0,0,0,0,0,0,0,0,0,0,0,0,0,0,0,0,0,0,1,0,0,No Offer,3,Q1,12,2020
21-03-2020,20390795,4025672,1353036,0,0,979872,675088,793950,588464,0,704723,276176,0,0,1034536,518851,215330,648848,0,0,588238,0,0,1,0,1,5,5% Discount,3,Q1,12,2020
22-03-2020,18187372,0,0,0,0,0,0,0,0,0,0,0,0,0,0,0,0,0,0,0,0,0,0,1,0,0,0,No Offer,3,Q1,12,2020
23-03-2020,19320085,0,0,0,0,0,0,0,0,0,0,0,0,0,0,0,0,0,0,0,0,0,0,0,1,1,5,5% Discount,3,Q1,13,2020
24-03-2020,18931686,0,0,0,0,0,0,0,0,0,0,0,0,0,0,0,0,0,0,0,0,0,0,0,0,1,15,15% Discount,3,Q1,13,2020
25-03-2020,18053206,5740295,418369,0,0,924060,1075383,828067,362031,0,465678,119520,0,0,905100,470954,140881,563098,0,0,374105,0,0,0,0,0,0,No Offer,3,Q1,13,2020
26-03-2020,17873877,4164145,1325645,458712,0,1118493,1325408,1050566,529699,0,453879,411028,0,0,1123074,882554,296918,594781,0,421820,713020,0,0,0,0,1,10,10% Discount,3,Q1,13,2020
27-03-2020,17109585,0,0,0,0,0,0,0,0,0,0,0,0,0,0,0,0,0,0,0,0,0,0,0,0,1,5,5% Discount,3,Q1,13,2020
28-03-2020,19801022,3268049,1385679,280642,0,978127,761963,645901,306552,0,278313,232003,0,0,576481,366453,110213,384980,0,95414,280255,0,0,0,0,1,15,15% Discount,3,Q1,13,2020
29-03-2020,20188655,4216457,610526,164408,0,872367,352883,435406,306545,0,400380,191677,0,0,519517,336415,126188,310099,0,181272,553981,0,0,0,0,1,5,5% Discount,3,Q1,13,2020
30-03-2020,24921624,6588726,880716,231896,0,798514,587932,517139,513217,0,381240,286391,0,0,710123,393641,153092,322590,0,104886,503083,0,0,1,1,1,25,Buy3Get1,3,Q1,14,2020
31-03-2020,18230571,0,0,0,0,0,0,0,0,0,0,0,0,0,0,0,0,0,0,0,0,0,0,0,0,1,5,5% Discount,3,Q1,14,2020
01-04-2020,20191029,0,0,0,0,0,0,0,0,0,0,0,0,0,0,0,0,0,0,0,0,0,0,0,1,1,5,5% Discount,4,Q2,14,2020
02-04-2020,18933456,0,0,0,0,0,0,0,0,0,0,0,0,0,0,0,0,0,0,0,0,0,0,0,1,0,0,No Offer,4,Q2,14,2020
03-04-2020,20429936,5292802,0,0,0,688527,809962,593681,267238,0,706295,116559,1145351,0,558373,430790,135592,407560,0,408946,546059,0,0,1,0,1,5,5% Discount,4,Q2,14,2020
04-04-2020,20462521,0,0,0,0,0,0,0,0,0,0,0,0,0,0,0,0,0,0,0,0,0,0,1,1,0,0,No Offer,4,Q2,14,2020
05-04-2020,16938317,3611225,0,0,0,1545858,805820,504683,509653,0,416093,209828,2733962,0,936636,590214,138123,440140,0,259975,272387,0,0,0,0,0,0,No Offer,4,Q2,14,2020
06-04-2020,16896148,0,0,0,0,0,0,0,0,0,0,0,0,0,0,0,0,0,0,0,0,0,0,0,0,1,5,5% Discount,4,Q2,15,2020
07-04-2020,18216312,0,0,0,0,0,0,0,0,0,0,0,0,0,0,0,0,0,0,0,0,0,0,0,0,1,5,5% Discount,4,Q2,15,2020
08-04-2020,22853766,6080208,0,0,0,887957,962869,662083,511754,0,608390,133458,1386864,0,568891,436765,112323,444424,0,176977,402246,0,0,1,1,1,10,10% Discount,4,Q2,15,2020
09-04-2020,19885478,0,0,0,0,1634483,770341,1032458,896574,0,904901,189588,3427365,0,864264,458344,200572,635841,0,223492,0,0,0,1,0,0,0,No Offer,4,Q2,15,2020
10-04-2020,22388010,0,0,0,0,1703314,1352535,1382179,1201120,0,1264885,380022,3971127,0,1448542,922923,252610,986509,0,394625,0,0,0,1,1,1,15,15% Discount,4,Q2,15,2020
11-04-2020,19303738,0,0,0,0,2362550,947974,1432115,402218,0,706025,181454,2849625,0,1255634,733196,265234,655521,0,170003,0,0,0,0,1,0,0,No Offer,4,Q2,15,2020
12-04-2020,21997031,0,0,0,0,0,0,0,0,0,0,0,0,0,0,0,0,0,0,0,0,0,0,0,1,1,15,15% Discount,4,Q2,15,2020
13-04-2020,17683496,0,0,0,0,0,0,0,0,0,0,0,0,0,0,0,0,0,0,0,0,0,0,1,0,0,0,No Offer,4,Q2,16,2020
14-04-2020,18788367,0,0,0,0,1514702,1579572,1242220,1161261,0,2038390,284292,1829802,0,1957918,700177,312828,774026,0,333218,0,0,0,0,1,1,5,5% Discount,4,Q2,16,2020
15-04-2020,22055135,0,0,0,0,1964739,960408,984446,673155,0,945373,359115,3300069,0,806439,504546,241737,856865,0,134721,0,0,0,1,0,1,10,10% Discount,4,Q2,16,2020
16-04-2020,18387236,0,0,0,0,0,0,0,0,0,0,0,0,0,0,0,0,0,0,0,0,0,0,0,1,1,5,5% Discount,4,Q2,16,2020
17-04-2020,18279518,3142480,722672,0,0,708810,691755,621443,319845,1352751,567767,245817,0,1099784,736812,403655,218127,328264,0,202611,0,0,0,0,0,1,5,5% Discount,4,Q2,16,2020
18-04-2020,19882970,0,0,0,0,0,0,0,0,0,0,0,0,0,0,0,0,0,0,0,0,0,0,0,1,1,10,10% Discount,4,Q2,16,2020
19-04-2020,21020004,0,0,0,0,0,0,0,0,0,0,0,0,0,0,0,0,0,0,0,0,0,0,1,0,1,10,10% Discount,4,Q2,16,2020
20-04-2020,19130719,0,0,0,0,0,0,0,0,0,0,0,0,0,0,0,0,0,0,0,0,0,0,1,0,0,0,No Offer,4,Q2,17,2020
21-04-2020,17805770,2206019,410999,0,0,455570,397596,249571,330421,554795,142689,67189,0,354639,344026,199409,64606,153689,0,117319,0,0,0,0,0,0,0,No Offer,4,Q2,17,2020
22-04-2020,17919758,0,0,0,0,0,0,0,0,0,0,0,0,0,0,0,0,0,0,0,0,0,0,1,0,0,0,No Offer,4,Q2,17,2020
23-04-2020,19489115,0,0,0,0,0,0,0,0,0,0,0,0,0,0,0,0,0,0,0,0,0,0,1,1,0,0,No Offer,4,Q2,17,2020
24-04-2020,20029523,0,0,0,0,0,0,0,0,0,0,0,0,0,0,0,0,0,0,0,0,0,0,0,1,0,0,No Offer,4,Q2,17,2020
25-04-2020,21501934,0,0,0,0,0,0,0,0,0,0,0,0,0,0,0,0,0,0,0,0,0,0,1,0,0,0,No Offer,4,Q2,17,2020
26-04-2020,19145722,0,0,0,0,0,0,0,0,0,0,0,0,0,0,0,0,0,0,0,0,0,0,0,1,1,5,5% Discount,4,Q2,17,2020
27-04-2020,21125091,0,0,0,0,0,0,0,0,0,0,0,0,0,0,0,0,0,0,0,0,0,0,0,1,1,5,5% Discount,4,Q2,18,2020
28-04-2020,23608810,0,0,0,0,0,0,0,0,0,0,0,0,0,0,0,0,0,0,0,0,0,0,1,1,1,25,Buy3Get1,4,Q2,18,2020
29-04-2020,20772220,0,716923,149495,0,1001661,537455,456209,290660,452570,463693,205132,2140987,681521,522932,411438,130377,498596,0,133435,0,372284,0,1,1,1,5,5% Discount,4,Q2,18,2020
30-04-2020,24232772,0,0,0,0,0,0,0,0,0,0,0,0,0,0,0,0,0,0,0,0,0,0,1,1,1,10,10% Discount,4,Q2,18,2020
01-05-2020,20101707,4423373,446850,240509,0,957848,448009,658720,0,814952,473664,224641,1746921,573148,690646,289957,130998,371352,0,114666,250339,283767,0,0,1,0,0,No Offer,5,Q2,18,2020
02-05-2020,21026939,0,0,0,0,0,0,0,0,0,0,0,0,0,0,0,0,0,0,0,0,0,0,0,1,0,0,No Offer,5,Q2,18,2020
03-05-2020,20449897,3383167,573974,246510,0,520770,523853,398710,0,767457,389057,145388,797677,948172,452753,278166,114079,449849,0,117047,400578,258345,0,1,0,0,0,No Offer,5,Q2,18,2020
04-05-2020,21793186,2667876,969653,263191,0,862665,774819,509060,0,897776,349989,148508,2401721,896626,483588,299142,106420,416285,0,109753,967198,596338,0,1,1,1,10,10% Discount,5,Q2,19,2020
05-05-2020,20161535,2916693,815110,251500,0,765941,591583,412441,0,738243,192281,102246,1401261,499470,456756,326801,114517,365774,0,86976,354572,263235,0,1,0,0,0,No Offer,5,Q2,19,2020
06-05-2020,19046053,1698305,671873,274032,0,696813,461442,662476,0,595946,360906,129742,1128717,909310,559940,265393,117467,191439,0,155429,274125,375491,0,0,0,0,0,No Offer,5,Q2,19,2020
07-05-2020,22172117,4689022,557780,0,0,720629,744978,476185,281967,779889,375353,130388,1785966,436637,553376,365038,110011,415624,0,111452,344087,360452,0,1,1,1,5,5% Discount,5,Q2,19,2020
08-05-2020,18161531,0,0,0,0,0,0,0,0,0,0,0,0,0,0,0,0,0,0,0,0,0,0,0,0,1,5,5% Discount,5,Q2,19,2020
09-05-2020,20538870,3884101,394339,0,0,558225,405372,321733,288394,719372,319216,75715,1765355,598271,574669,321228,89365,341541,0,110561,442307,255199,0,0,1,1,5,5% Discount,5,Q2,19,2020
10-05-2020,18549321,3828171,964029,0,0,900745,382580,452485,439333,809636,343935,109001,1446227,649372,673205,304699,93991,267528,0,191586,206607,399480,0,0,1,0,0,No Offer,5,Q2,19,2020
11-05-2020,19535903,0,0,0,0,0,0,0,0,0,0,0,0,0,0,0,0,0,0,0,0,0,0,0,1,0,0,No Offer,5,Q2,20,2020
12-05-2020,24173059,0,0,0,0,0,0,0,0,0,0,0,0,0,0,0,0,0,0,0,0,0,0,1,1,1,15,15% Discount,5,Q2,20,2020
13-05-2020,20125192,4612538,1033817,0,0,717910,774798,658950,336956,864107,465209,246246,1168517,767634,630660,397246,144657,458252,0,109261,319137,464726,0,0,1,1,10,10% Discount,5,Q2,20,2020
14-05-2020,20331166,0,0,0,0,0,0,0,0,0,0,0,0,0,0,0,0,0,0,0,0,0,0,0,1,0,0,No Offer,5,Q2,20,2020
15-05-2020,18469897,4064945,0,200070,0,857450,437577,550167,250392,866067,171970,152786,769257,832298,559231,302745,122752,210421,0,0,0,292930,0,0,0,0,0,No Offer,5,Q2,20,2020
16-05-2020,18797556,0,0,0,0,0,0,0,0,0,0,0,0,0,0,0,0,0,0,0,0,0,0,0,0,1,10,10% Discount,5,Q2,20,2020
17-05-2020,19900488,3402252,0,201245,0,533229,453523,387186,289264,1180794,271694,144129,1050479,591038,475400,305101,153888,300822,0,0,0,315730,0,1,0,0,0,No Offer,5,Q2,20,2020
18-05-2020,25396559,6081838,0,228698,0,733867,743534,681915,351530,881423,550221,104516,2013003,595758,664820,388528,127064,488371,0,0,0,577737,0,1,1,1,25,Buy3Get1,5,Q2,21,2020
19-05-2020,19158920,0,0,0,0,0,0,0,0,0,0,0,0,0,0,0,0,0,0,0,0,0,0,1,0,0,0,No Offer,5,Q2,21,2020
20-05-2020,17255012,0,0,0,0,0,0,0,0,0,0,0,0,0,0,0,0,0,0,0,0,0,0,0,1,0,0,No Offer,5,Q2,21,2020
21-05-2020,18656826,0,0,0,0,0,0,0,0,0,0,0,0,0,0,0,0,0,0,0,0,0,0,0,1,0,0,No Offer,5,Q2,21,2020
22-05-2020,21483955,0,0,0,0,0,0,0,0,0,0,0,0,0,0,0,0,0,0,0,0,0,0,1,0,1,15,15% Discount,5,Q2,21,2020
23-05-2020,21673022,0,0,0,0,0,0,0,0,0,0,0,0,0,0,0,0,0,0,0,0,0,0,1,0,1,10,10% Discount,5,Q2,21,2020
24-05-2020,21306844,0,0,0,0,0,0,0,0,0,0,0,0,0,0,0,0,0,0,0,0,0,0,0,1,1,10,10% Discount,5,Q2,21,2020
25-05-2020,18297055,0,0,0,0,0,0,0,0,0,0,0,0,0,0,0,0,0,0,0,0,0,0,0,0,1,10,10% Discount,5,Q2,22,2020
26-05-2020,20382919,0,0,0,0,0,0,0,0,0,0,0,0,0,0,0,0,0,0,0,0,0,0,1,0,0,0,No Offer,5,Q2,22,2020
27-05-2020,16780522,4681965,0,0,0,888528,846451,654167,343152,714667,401168,163873,0,693842,632929,321106,139374,369057,0,126217,0,597311,0,0,0,0,0,No Offer,5,Q2,22,2020
28-05-2020,21373421,2867937,0,0,0,851264,528743,662179,0,1594228,426012,131785,1327864,493511,691266,348442,123586,507225,0,195601,0,531322,0,1,0,1,10,10% Discount,5,Q2,22,2020
29-05-2020,20758974,0,0,0,0,0,0,0,0,0,0,0,0,0,0,0,0,0,0,0,0,0,0,1,0,1,10,10% Discount,5,Q2,22,2020
30-05-2020,22503918,0,0,0,0,0,0,0,0,0,0,0,0,0,0,0,0,0,0,0,0,0,0,1,0,1,10,10% Discount,5,Q2,22,2020
31-05-2020,19368434,2931042,0,0,0,899070,672898,425142,0,765543,637181,142684,1089192,520254,740232,373657,132290,396025,0,101016,0,302758,0,0,1,0,0,No Offer,5,Q2,22,2020
01-06-2020,17346071,5807060,0,0,0,577546,600328,591179,0,683177,480623,145511,1170609,776127,541641,497329,97872,264495,0,172486,0,264714,0,0,0,0,0,No Offer,6,Q2,23,2020
02-06-2020,17480414,0,0,0,0,0,0,0,0,0,0,0,0,0,0,0,0,0,0,0,0,0,0,0,0,1,5,5% Discount,6,Q2,23,2020
03-06-2020,19174804,4646214,0,0,0,836045,673155,589717,0,1678028,583559,159897,1868311,976176,814643,398302,154583,455061,0,236008,0,340577,0,1,0,0,0,No Offer,6,Q2,23,2020
04-06-2020,22608961,3501485,397145,246014,0,579630,621522,410730,0,716258,202567,78828,1311844,941105,473535,302651,94256,290098,0,0,0,306554,0,0,1,1,10,10% Discount,6,Q2,23,2020
05-06-2020,19735467,4272260,419058,109604,0,670366,561644,472700,0,1014195,242659,299113,2183122,557254,372760,258983,146308,256476,0,0,0,199097,0,1,0,1,5,5% Discount,6,Q2,23,2020
06-06-2020,20129380,0,0,0,0,0,0,0,0,0,0,0,0,0,0,0,0,0,0,0,0,0,0,1,0,0,0,No Offer,6,Q2,23,2020
07-06-2020,21830782,0,0,0,0,0,0,0,0,0,0,0,0,0,0,0,0,0,0,0,0,0,0,1,1,1,5,5% Discount,6,Q2,23,2020
08-06-2020,20099805,4422975,922354,195004,0,520886,536836,435827,0,677208,244845,142659,1811250,441786,523956,213633,115631,331754,0,0,0,371987,0,1,0,0,0,No Offer,6,Q2,24,2020
09-06-2020,20613997,3924688,635731,183255,0,480681,485100,587521,0,624289,310701,100652,1020496,443378,482981,306874,103126,279718,0,0,0,315161,0,0,1,1,5,5% Discount,6,Q2,24,2020
10-06-2020,18474341,3137085,670329,369756,0,929995,464770,608620,0,983339,313390,412483,1416672,788295,575581,573926,174565,390571,0,0,0,433770,0,0,1,0,0,No Offer,6,Q2,24,2020
11-06-2020,20409928,0,0,0,0,0,0,0,0,0,0,0,0,0,0,0,0,0,0,0,0,0,0,1,0,0,0,No Offer,6,Q2,24,2020
12-06-2020,24641693,0,0,0,0,0,0,0,0,0,0,0,0,0,0,0,0,0,0,0,0,0,0,1,0,1,10,10% Discount,6,Q2,24,2020
13-06-2020,21866620,0,0,0,0,0,0,0,0,0,0,0,0,0,0,0,0,0,0,0,0,0,0,1,1,0,0,No Offer,6,Q2,24,2020
14-06-2020,19176690,0,1225629,345892,693261,777086,469899,532931,352960,1065934,417797,0,1454515,527611,771266,488738,134487,452640,0,0,454521,373967,0,0,0,0,0,No Offer,6,Q2,24,2020
15-06-2020,17990396,0,601848,571917,786303,1103946,980709,912422,343976,927320,669793,0,1049831,626329,795028,661713,190728,619664,0,0,374254,652331,0,0,0,0,0,No Offer,6,Q2,25,2020
16-06-2020,17830349,0,580929,240193,891605,1117024,854927,572787,814378,1035986,473635,0,1319693,715087,834502,516328,155869,567766,0,0,919534,464604,0,0,1,0,0,No Offer,6,Q2,25,2020
17-06-2020,21504836,0,0,0,0,0,0,0,0,0,0,0,0,0,0,0,0,0,0,0,0,0,0,1,0,1,10,10% Discount,6,Q2,25,2020
18-06-2020,18515711,0,0,0,0,0,0,0,0,0,0,0,0,0,0,0,0,0,0,0,0,0,0,0,1,0,0,No Offer,6,Q2,25,2020
19-06-2020,21218611,0,0,0,0,0,0,0,0,0,0,0,0,0,0,0,0,0,0,0,0,0,0,1,1,1,5,5% Discount,6,Q2,25,2020
20-06-2020,20316552,0,0,0,0,0,0,0,0,0,0,0,0,0,0,0,0,0,0,0,0,0,0,0,1,1,10,10% Discount,6,Q2,25,2020
21-06-2020,20217955,3342914,702588,0,0,809695,569481,406808,431224,1209729,179489,0,1133273,601464,964219,369929,113862,276634,0,0,398968,396024,0,0,1,1,10,10% Discount,6,Q2,25,2020
22-06-2020,17695839,2970086,504411,0,0,719014,746024,454057,446116,624857,451518,0,1477161,439467,671427,334873,117194,365642,0,0,279023,257651,0,0,1,0,0,No Offer,6,Q2,26,2020
23-06-2020,25591621,0,0,0,0,0,0,0,0,0,0,0,0,0,0,0,0,0,0,0,0,0,0,1,1,1,5,5% Discount,6,Q2,26,2020
24-06-2020,22195682,0,0,0,0,0,0,0,0,0,0,0,0,0,0,0,0,0,0,0,0,0,0,1,1,0,0,No Offer,6,Q2,26,2020
25-06-2020,19890821,0,0,0,0,0,0,0,0,0,0,0,0,0,0,0,0,0,0,0,0,0,0,1,0,0,0,No Offer,6,Q2,26,2020
26-06-2020,19007068,3777650,0,0,0,563833,597993,338632,382288,704562,425780,0,1029922,550220,385719,256480,74616,364947,0,0,303587,415101,0,0,1,0,0,No Offer,6,Q2,26,2020
27-06-2020,20270952,0,0,0,0,0,0,0,0,0,0,0,0,0,0,0,0,0,0,0,0,0,0,0,0,1,10,10% Discount,6,Q2,26,2020
28-06-2020,21263652,0,0,0,0,0,0,0,0,0,0,0,0,0,0,0,0,0,0,0,0,0,0,0,1,0,0,No Offer,6,Q2,26,2020
29-06-2020,22867304,6326297,0,0,0,843218,582603,432862,0,689017,207498,0,2249311,583324,649669,300603,111542,325252,0,0,253236,214832,0,1,0,1,15,15% Discount,6,Q2,27,2020
30-06-2020,21336127,0,0,0,0,0,0,0,0,0,0,0,0,0,0,0,0,0,0,0,0,0,0,1,1,0,0,No Offer,6,Q2,27,2020
01-07-2020,27183698,3522588,0,0,0,914122,500638,509255,0,545660,340169,0,1261667,491588,540717,257812,99469,273523,0,0,323484,397461,0,0,1,0,0,No Offer,7,Q3,27,2020
02-07-2020,25192612,2568547,0,214969,0,646485,587228,444848,0,543338,383893,0,1591205,503810,399310,229138,104063,398125,0,0,420371,289295,0,0,1,0,0,No Offer,7,Q3,27,2020
03-07-2020,23735381,2969869,0,276690,0,771174,705298,425825,0,1035457,222395,0,885042,751737,640052,282110,139871,525905,0,0,794287,535565,0,0,0,0,0,No Offer,7,Q3,27,2020
04-07-2020,27465667,0,0,0,0,0,0,0,0,0,0,0,0,0,0,0,0,0,0,0,0,0,0,1,0,0,0,No Offer,7,Q3,27,2020
05-07-2020,25311214,2177169,0,121344,0,622323,457362,293037,0,1536997,283822,0,778286,535846,460826,234172,88902,402169,0,0,289129,294726,0,1,0,0,0,No Offer,7,Q3,27,2020
06-07-2020,22686971,4004326,0,388938,0,871952,560955,585323,0,695276,460755,0,1062253,1030909,465183,373646,131953,344324,0,0,479951,277859,0,1,0,0,0,No Offer,7,Q3,28,2020
07-07-2020,30531073,7217204,0,234542,0,624116,431479,492720,0,405570,224171,0,1682791,617866,318400,204468,76608,319280,0,0,494052,472355,0,1,1,1,15,15% Discount,7,Q3,28,2020
08-07-2020,26153277,0,0,0,0,0,0,0,0,0,0,0,0,0,0,0,0,0,0,0,0,0,0,0,0,1,10,10% Discount,7,Q3,28,2020
09-07-2020,24120554,3581842,0,529468,0,926949,815840,754007,0,645209,758768,182703,0,1147863,846832,498066,210371,438215,0,116476,0,0,650508,0,0,0,0,No Offer,7,Q3,28,2020
10-07-2020,30254458,0,0,0,0,0,0,0,0,0,0,0,0,0,0,0,0,0,0,0,0,0,0,1,0,1,10,10% Discount,7,Q3,28,2020
11-07-2020,22598307,3237277,0,302446,0,946121,607483,357952,0,752713,353447,92921,0,816991,684470,241069,138819,256388,0,176901,0,0,373429,0,0,0,0,No Offer,7,Q3,28,2020
12-07-2020,28389593,0,0,0,0,0,0,0,0,0,0,0,0,0,0,0,0,0,0,0,0,0,0,1,0,0,0,No Offer,7,Q3,28,2020
13-07-2020,25284059,4921384,0,411448,0,1213404,815247,522934,0,798318,417791,204187,0,876024,769700,500624,139119,524727,0,155686,0,0,402519,0,1,0,0,No Offer,7,Q3,29,2020
14-07-2020,27950664,0,0,0,0,0,0,0,0,0,0,0,0,0,0,0,0,0,0,0,0,0,0,1,0,1,5,5% Discount,7,Q3,29,2020
15-07-2020,24414216,3884696,0,185759,0,1156892,557855,714843,0,1354988,340855,188464,0,669381,598879,392455,175578,348565,0,263045,0,0,370876,0,0,0,0,No Offer,7,Q3,29,2020
16-07-2020,21240876,3618670,632783,200701,0,625903,467664,367085,0,798157,276754,156922,1402261,512856,556233,280882,130720,247606,0,0,349080,0,219029,0,0,0,0,No Offer,7,Q3,29,2020
17-07-2020,23507928,0,0,0,0,0,0,0,0,0,0,0,0,0,0,0,0,0,0,0,0,0,0,0,1,0,0,No Offer,7,Q3,29,2020
18-07-2020,24329324,0,0,0,0,0,0,0,0,0,0,0,0,0,0,0,0,0,0,0,0,0,0,1,0,0,0,No Offer,7,Q3,29,2020
19-07-2020,27696112,0,0,0,0,0,0,0,0,0,0,0,0,0,0,0,0,0,0,0,0,0,0,0,1,1,5,5% Discount,7,Q3,29,2020
20-07-2020,25547638,3714144,575928,178307,0,820833,593900,621258,0,485126,409784,96410,2086231,723294,545467,302602,139537,331155,0,0,351292,0,275551,0,1,1,5,5% Discount,7,Q3,30,2020
21-07-2020,28070673,0,0,0,0,0,0,0,0,0,0,0,0,0,0,0,0,0,0,0,0,0,0,0,1,0,0,No Offer,7,Q3,30,2020
22-07-2020,23179314,2746494,698082,431136,0,1141496,724268,611018,0,1170762,479808,199551,1733787,1181007,943924,675706,165328,504039,0,0,481627,0,485792,0,0,0,0,No Offer,7,Q3,30,2020
23-07-2020,24511717,3279145,695881,168658,0,842944,485186,473522,0,583273,407944,152712,0,832047,549266,302519,162737,292685,0,135326,405935,313545,0,0,0,1,20,20% Discount,7,Q3,30,2020
24-07-2020,24913305,0,0,0,0,0,0,0,0,0,0,0,0,0,0,0,0,0,0,0,0,0,0,1,0,0,0,No Offer,7,Q3,30,2020
25-07-2020,24278518,5021424,734508,199660,0,788922,727174,537713,0,776017,267044,300236,0,761884,820616,373164,114857,327096,0,191051,478163,324335,0,0,0,1,5,5% Discount,7,Q3,30,2020
26-07-2020,24856414,5329049,832984,304415,0,1210465,911747,571906,0,1373635,321252,217881,0,577607,857624,364929,174604,403451,0,220582,466021,684626,0,0,0,1,5,5% Discount,7,Q3,30,2020
27-07-2020,24433888,0,0,0,0,0,0,0,0,0,0,0,0,0,0,0,0,0,0,0,0,0,0,1,0,0,0,No Offer,7,Q3,31,2020
28-07-2020,29005303,0,0,0,0,0,0,0,0,0,0,0,0,0,0,0,0,0,0,0,0,0,0,0,1,1,15,15% Discount,7,Q3,31,2020
29-07-2020,34170870,0,0,0,0,0,0,0,0,0,0,0,0,0,0,0,0,0,0,0,0,0,0,1,1,1,20,20% Discount,7,Q3,31,2020
30-07-2020,22300967,2758784,0,218553,0,820585,512313,603015,0,597894,490683,195445,1182690,669465,435839,411963,128781,356441,0,139896,0,182339,0,0,0,0,0,No Offer,7,Q3,31,2020
31-07-2020,31371791,1838818,0,189038,0,798181,498820,411511,0,743732,225703,150793,1272250,670494,549037,348554,118352,190444,0,96664,0,259394,0,0,1,1,15,15% Discount,7,Q3,31,2020
01-08-2020,25712431,0,0,0,0,0,0,0,0,0,0,0,0,0,0,0,0,0,0,0,0,0,0,0,1,1,5,5% Discount,8,Q3,31,2020
02-08-2020,26891084,0,0,0,0,0,0,0,0,0,0,0,0,0,0,0,0,0,0,0,0,0,0,1,1,0,0,No Offer,8,Q3,31,2020
03-08-2020,24128979,4558326,0,396480,0,1027121,930651,710321,0,780704,506160,204323,1310423,1027568,1012133,409104,166319,402541,0,229707,0,766847,0,0,1,1,5,5% Discount,8,Q3,32,2020
04-08-2020,25387330,2942635,0,271906,0,688019,460949,402745,0,543380,347152,222994,610160,454299,511719,320044,109282,283616,0,208931,0,255813,0,0,0,0,0,No Offer,8,Q3,32,2020
05-08-2020,26532455,4273206,0,159663,0,1065528,811303,637749,0,1091227,331762,129597,1648493,588747,727365,429920,158813,534558,0,178057,0,287792,0,1,0,0,0,No Offer,8,Q3,32,2020
06-08-2020,28907414,0,0,0,0,1972926,1054021,1155980,0,1854873,961431,236792,0,2676328,1516113,747906,362844,1474682,0,248119,0,1562842,0,1,1,1,5,5% Discount,8,Q3,32,2020
07-08-2020,27133478,0,0,0,0,998773,1019870,848106,0,1452859,808388,224020,0,1477223,1023893,507704,170927,598945,0,191790,0,673897,0,1,1,1,5,5% Discount,8,Q3,32,2020
08-08-2020,24960440,0,0,0,0,1293968,1302608,1464973,0,955172,789082,373200,0,1230691,1209487,763174,218148,794608,0,348729,0,585469,0,0,1,0,0,No Offer,8,Q3,32,2020
09-08-2020,30380491,0,0,0,0,1313823,756625,843837,0,1967117,384499,195474,0,1586755,726699,563887,208203,675775,0,162184,0,617763,0,0,1,1,5,5% Discount,8,Q3,32,2020
10-08-2020,26941750,0,0,0,0,0,0,0,0,0,0,0,0,0,0,0,0,0,0,0,0,0,0,1,1,1,10,10% Discount,8,Q3,33,2020
11-08-2020,28531338,0,0,0,0,870938,1118722,672708,0,1942058,538460,264708,0,1385734,1068838,497555,151318,635439,0,229534,0,508366,0,0,1,1,20,20% Discount,8,Q3,33,2020
12-08-2020,27268801,0,0,0,0,1403001,1226504,859314,0,2239024,832234,348057,0,2123896,1160865,647247,364401,594537,0,155933,0,659892,0,0,0,1,5,5% Discount,8,Q3,33,2020
13-08-2020,30784403,0,0,0,0,0,0,0,0,0,0,0,0,0,0,0,0,0,0,0,0,0,0,1,1,0,0,No Offer,8,Q3,33,2020
14-08-2020,26672636,0,0,0,0,0,0,0,0,0,0,0,0,0,0,0,0,0,0,0,0,0,0,0,1,1,10,10% Discount,8,Q3,33,2020
15-08-2020,25887353,0,0,0,0,0,0,0,0,0,0,0,0,0,0,0,0,0,0,0,0,0,0,0,1,0,0,No Offer,8,Q3,33,2020
16-08-2020,29442445,0,0,0,0,0,0,0,0,0,0,0,0,0,0,0,0,0,0,0,0,0,0,1,1,0,0,No Offer,8,Q3,33,2020
17-08-2020,28879627,0,0,0,0,0,0,0,0,0,0,0,0,0,0,0,0,0,0,0,0,0,0,1,0,1,10,10% Discount,8,Q3,34,2020
18-08-2020,29454382,0,0,0,0,1785166,995742,1518430,0,2557870,1238211,329272,0,1398494,1236944,581621,364976,573287,0,0,0,1363163,0,0,1,1,5,5% Discount,8,Q3,34,2020
19-08-2020,31578486,0,0,0,0,1945764,1054440,1288993,0,4217602,896618,458164,0,1409987,1049890,682466,255096,836281,0,0,0,712693,0,1,1,1,10,10% Discount,8,Q3,34,2020
20-08-2020,30610510,0,0,0,0,0,0,0,0,0,0,0,0,0,0,0,0,0,0,0,0,0,0,1,1,0,0,No Offer,8,Q3,34,2020
21-08-2020,30132040,0,0,0,0,1362725,1307900,1006537,0,1622736,527825,295601,2628020,1280442,1313966,561980,245516,794669,0,0,0,824883,420999,1,1,1,5,5% Discount,8,Q3,34,2020
22-08-2020,23370569,0,0,0,0,0,0,0,0,0,0,0,0,0,0,0,0,0,0,0,0,0,0,0,1,1,5,5% Discount,8,Q3,34,2020
23-08-2020,25664972,0,0,0,0,799004,574921,591136,0,1197145,466418,195014,1365074,767253,631340,333025,187486,451633,0,0,0,352712,329271,0,1,1,10,10% Discount,8,Q3,34,2020
24-08-2020,25048339,0,0,0,0,1163623,813558,970262,0,1454009,456610,232143,1847906,1145309,823714,420762,167363,425324,0,0,0,427165,433946,0,1,1,5,5% Discount,8,Q3,35,2020
25-08-2020,23349241,0,0,0,0,1753452,876678,1072328,0,1391192,435487,319146,1338743,1532575,1235649,520553,192350,625110,0,0,0,529879,677855,0,0,0,0,No Offer,8,Q3,35,2020
26-08-2020,29861863,0,0,0,0,1250211,1174639,657305,0,1423004,758522,393050,2819334,1009479,940072,555273,258196,771393,0,0,0,408238,526867,1,0,0,0,No Offer,8,Q3,35,2020
27-08-2020,32557018,2785121,0,0,0,1274251,886364,673924,0,951494,616543,164807,2748427,795316,886653,530080,176153,495051,0,256951,716119,0,457295,1,0,1,25,Buy3Get1,8,Q3,35,2020
28-08-2020,25445090,0,0,0,0,0,0,0,0,0,0,0,0,0,0,0,0,0,0,0,0,0,0,0,1,0,0,No Offer,8,Q3,35,2020
29-08-2020,26494311,0,0,0,0,0,0,0,0,0,0,0,0,0,0,0,0,0,0,0,0,0,0,0,0,1,5,5% Discount,8,Q3,35,2020
30-08-2020,23381463,4166564,0,0,0,924298,585486,656443,0,909688,491317,219088,1062528,943361,745668,372098,140586,365902,0,107602,370681,0,354972,0,1,0,0,No Offer,8,Q3,35,2020
31-08-2020,25783392,0,0,0,0,0,0,0,0,0,0,0,0,0,0,0,0,0,0,0,0,0,0,1,0,0,0,No Offer,8,Q3,36,2020
01-09-2020,28383063,4179905,0,0,0,722820,514684,497281,0,829378,439528,167083,1977004,522030,376282,311005,86247,307511,0,75148,293189,0,300192,1,1,0,0,No Offer,9,Q3,36,2020
02-09-2020,26981566,4016621,0,0,0,1401171,790677,730023,0,1207397,348795,414468,1183199,934391,549349,451692,180821,371856,0,172867,543977,0,596682,0,1,0,0,No Offer,9,Q3,36,2020
03-09-2020,31103936,0,0,0,0,0,0,0,0,0,0,0,0,0,0,0,0,0,0,0,0,0,0,1,0,1,10,10% Discount,9,Q3,36,2020
04-09-2020,28106825,0,0,0,0,0,0,0,0,0,0,0,0,0,0,0,0,0,0,0,0,0,0,1,0,0,0,No Offer,9,Q3,36,2020
05-09-2020,30386393,6344808,0,215499,0,666108,513368,310464,0,0,280498,154467,0,755989,536226,169518,67075,255323,0,119654,406937,265381,162811,1,0,1,10,10% Discount,9,Q3,36,2020
06-09-2020,27816471,0,0,0,0,0,0,0,0,0,0,0,0,0,0,0,0,0,0,0,0,0,0,1,0,1,5,5% Discount,9,Q3,36,2020
07-09-2020,31301153,0,0,0,0,0,0,0,0,0,0,0,0,0,0,0,0,0,0,0,0,0,0,1,1,1,5,5% Discount,9,Q3,37,2020
08-09-2020,25039052,0,0,0,0,0,0,0,0,0,0,0,0,0,0,0,0,0,0,0,0,0,0,0,0,1,10,10% Discount,9,Q3,37,2020
09-09-2020,28453135,0,0,0,0,0,0,0,0,0,0,0,0,0,0,0,0,0,0,0,0,0,0,0,0,1,15,15% Discount,9,Q3,37,2020
10-09-2020,28650453,0,0,0,0,0,0,0,0,0,0,0,0,0,0,0,0,0,0,0,0,0,0,1,1,0,0,No Offer,9,Q3,37,2020
11-09-2020,25511803,0,0,0,0,0,0,0,0,0,0,0,0,0,0,0,0,0,0,0,0,0,0,1,0,0,0,No Offer,9,Q3,37,2020
12-09-2020,33163742,0,0,0,0,0,0,0,0,0,0,0,0,0,0,0,0,0,0,0,0,0,0,1,1,1,15,15% Discount,9,Q3,37,2020
13-09-2020,26154807,3612336,0,178938,0,643468,643798,386824,0,0,365910,333474,2174596,682540,588376,311532,105632,526473,0,147709,626858,554782,0,1,1,0,0,No Offer,9,Q3,37,2020
14-09-2020,28717170,0,0,0,0,0,0,0,0,0,0,0,0,0,0,0,0,0,0,0,0,0,0,0,1,0,0,No Offer,9,Q3,38,2020
15-09-2020,28671755,4730733,0,202789,0,640618,631007,771785,0,0,818423,186121,1926315,1381312,833306,344232,145882,504306,0,244469,376586,420575,0,1,0,0,0,No Offer,9,Q3,38,2020
16-09-2020,30152583,4102020,0,134436,0,992518,439853,447898,0,0,235227,108693,1772964,852290,801555,295153,130495,508807,0,185296,569406,274735,0,1,0,1,10,10% Discount,9,Q3,38,2020
17-09-2020,24702190,0,0,0,0,0,0,0,0,0,0,0,0,0,0,0,0,0,0,0,0,0,0,1,0,0,0,No Offer,9,Q3,38,2020
18-09-2020,26221237,2658566,461869,170401,0,743931,706035,768204,0,0,538821,267595,1815115,537230,476822,355771,107363,280024,0,140230,0,407192,0,0,0,1,15,15% Discount,9,Q3,38,2020
19-09-2020,26460418,0,0,0,0,0,0,0,0,0,0,0,0,0,0,0,0,0,0,0,0,0,0,0,0,1,10,10% Discount,9,Q3,38,2020
20-09-2020,29099875,0,0,0,0,0,0,0,0,0,0,0,0,0,0,0,0,0,0,0,0,0,0,1,1,0,0,No Offer,9,Q3,38,2020
21-09-2020,28699613,5180981,929768,303377,0,1106100,1192579,708170,0,0,1248925,265076,3342099,973199,759605,448395,160957,583488,0,164234,0,741045,0,1,1,1,10,10% Discount,9,Q3,39,2020
22-09-2020,25219090,0,0,0,0,0,0,0,0,0,0,0,0,0,0,0,0,0,0,0,0,0,0,1,0,0,0,No Offer,9,Q3,39,2020
23-09-2020,25957997,0,0,0,0,0,0,0,0,0,0,0,0,0,0,0,0,0,0,0,0,0,0,0,0,1,10,10% Discount,9,Q3,39,2020
24-09-2020,29484827,0,0,275304,0,813343,648338,650329,0,0,602708,271929,3044331,1142511,784984,510158,151875,762493,0,159036,581970,391614,0,1,1,1,10,10% Discount,9,Q3,39,2020
25-09-2020,35856953,0,0,0,0,0,0,0,0,0,0,0,0,0,0,0,0,0,0,0,0,0,0,1,1,1,15,15% Discount,9,Q3,39,2020
26-09-2020,27198062,0,0,0,0,0,0,0,0,0,0,0,0,0,0,0,0,0,0,0,0,0,0,0,1,0,0,No Offer,9,Q3,39,2020
27-09-2020,24212139,0,0,0,0,0,0,0,0,0,0,0,0,0,0,0,0,0,0,0,0,0,0,0,0,1,5,5% Discount,9,Q3,39,2020
28-09-2020,28272770,0,0,0,0,0,0,0,0,0,0,0,0,0,0,0,0,0,0,0,0,0,0,0,1,0,0,No Offer,9,Q3,40,2020
29-09-2020,28991591,0,0,0,0,0,0,0,0,0,0,0,0,0,0,0,0,0,0,0,0,0,0,0,0,1,15,15% Discount,9,Q3,40,2020
30-09-2020,27878432,0,0,0,0,0,0,0,0,0,0,0,0,0,0,0,0,0,0,0,0,0,0,1,0,0,0,No Offer,9,Q3,40,2020
01-10-2020,31442052,0,0,0,0,0,0,0,0,0,0,0,0,0,0,0,0,0,0,0,0,0,0,1,0,1,10,10% Discount,10,Q4,40,2020
02-10-2020,32193743,0,0,547336,0,1591392,1082620,1246709,0,0,0,506293,0,0,1698270,805669,226854,943327,0,332909,1060148,1076187,0,1,1,1,5,5% Discount,10,Q4,40,2020
03-10-2020,27233793,0,0,0,0,0,0,0,0,0,0,0,0,0,0,0,0,0,0,0,0,0,0,0,1,0,0,No Offer,10,Q4,40,2020
04-10-2020,24931738,0,0,0,0,0,0,0,0,0,0,0,0,0,0,0,0,0,0,0,0,0,0,0,0,1,5,5% Discount,10,Q4,40,2020
05-10-2020,28456079,0,0,660935,0,3091466,2232746,1428966,0,0,0,407603,0,0,1449373,947001,333085,891988,0,406454,1211858,2137090,0,0,0,0,0,No Offer,10,Q4,41,2020
06-10-2020,31769457,0,0,0,0,0,0,0,0,0,0,0,0,0,0,0,0,0,0,0,0,0,0,1,1,1,5,5% Discount,10,Q4,41,2020
07-10-2020,31588779,0,0,0,0,0,0,0,0,0,0,0,0,0,0,0,0,0,0,0,0,0,0,1,1,0,0,No Offer,10,Q4,41,2020
08-10-2020,24649498,0,0,733077,1069500,1397105,886127,1260865,0,0,0,210706,0,0,1395470,560956,249716,591354,0,263211,0,824098,0,0,0,0,0,No Offer,10,Q4,41,2020
09-10-2020,27723732,0,0,765964,1047276,1355089,1191600,1286648,0,0,0,549404,0,0,1310659,1165189,271663,615090,0,277118,0,1444752,0,0,0,1,10,10% Discount,10,Q4,41,2020
10-10-2020,36940285,0,0,913267,1743893,1899002,1940861,1871647,0,0,0,487971,0,0,1954373,1178956,393276,1293127,0,467967,0,1565445,0,1,1,0,0,No Offer,10,Q4,41,2020
11-10-2020,26940663,0,0,0,0,0,0,0,0,0,0,0,0,0,0,0,0,0,0,0,0,0,0,0,1,0,0,No Offer,10,Q4,41,2020
12-10-2020,28350784,0,0,825323,1637799,1782209,1131856,1566305,0,0,0,377217,0,0,1349929,792115,280572,703951,0,257517,0,1074771,0,0,0,0,0,No Offer,10,Q4,42,2020
13-10-2020,29167858,0,0,0,0,0,0,0,0,0,0,0,0,0,0,0,0,0,0,0,0,0,0,1,0,0,0,No Offer,10,Q4,42,2020
14-10-2020,29325378,0,0,410690,1318348,1312775,1387498,1156309,0,0,0,222281,0,0,792571,697446,208650,655240,0,184727,0,1048992,0,0,1,0,0,No Offer,10,Q4,42,2020
15-10-2020,30282895,0,0,0,0,0,0,0,0,0,0,0,0,0,0,0,0,0,0,0,0,0,0,0,1,0,0,No Offer,10,Q4,42,2020
16-10-2020,35928257,0,0,1251149,1547245,2556765,1473570,2361399,0,0,0,535210,0,0,1796203,963455,389975,1504739,0,512557,0,1785807,0,1,1,1,15,15% Discount,10,Q4,42,2020
17-10-2020,28692990,0,0,0,0,0,0,0,0,0,0,0,0,0,0,0,0,0,0,0,0,0,0,0,1,1,5,5% Discount,10,Q4,42,2020
18-10-2020,27872202,0,0,0,0,0,0,0,0,0,0,0,0,0,0,0,0,0,0,0,0,0,0,0,1,0,0,No Offer,10,Q4,42,2020
19-10-2020,28966375,0,0,0,0,0,0,0,0,0,0,0,0,0,0,0,0,0,0,0,0,0,0,1,0,0,0,No Offer,10,Q4,43,2020
20-10-2020,32507066,0,0,0,0,0,0,0,0,0,0,0,0,0,0,0,0,0,0,0,0,0,0,0,0,1,15,15% Discount,10,Q4,43,2020
21-10-2020,28766610,0,0,0,0,0,0,0,0,0,0,0,0,0,0,0,0,0,0,0,0,0,0,1,1,0,0,No Offer,10,Q4,43,2020
22-10-2020,23335267,3917288,576919,278776,894154,764016,674655,490071,0,0,0,96368,1262918,0,450756,320157,77011,268748,0,120582,271663,0,0,0,0,0,0,No Offer,10,Q4,43,2020
23-10-2020,29405651,0,0,0,0,0,0,0,0,0,0,0,0,0,0,0,0,0,0,0,0,0,0,1,0,1,15,15% Discount,10,Q4,43,2020
24-10-2020,27679277,0,0,0,0,0,0,0,0,0,0,0,0,0,0,0,0,0,0,0,0,0,0,1,0,0,0,No Offer,10,Q4,43,2020
25-10-2020,28302448,0,0,0,0,0,0,0,0,0,0,0,0,0,0,0,0,0,0,0,0,0,0,0,0,1,5,5% Discount,10,Q4,43,2020
26-10-2020,34261018,0,0,0,0,0,0,0,0,0,0,0,0,0,0,0,0,0,0,0,0,0,0,1,0,1,15,15% Discount,10,Q4,44,2020
27-10-2020,28190182,2867451,437211,227755,726601,676388,456299,429072,0,0,0,71078,914713,0,665502,305292,108986,285018,0,67501,292160,0,0,1,0,0,0,No Offer,10,Q4,44,2020
28-10-2020,28166233,0,0,0,0,0,0,0,0,0,0,0,0,0,0,0,0,0,0,0,0,0,0,0,1,0,0,No Offer,10,Q4,44,2020
29-10-2020,32762849,0,0,0,0,0,0,0,0,0,0,0,0,0,0,0,0,0,0,0,0,0,0,1,0,1,25,Buy3Get1,10,Q4,44,2020
30-10-2020,27467893,0,1351134,0,1706433,2267105,907699,956783,0,0,0,290342,4624547,0,1344132,736087,405518,526486,0,378680,838383,0,0,1,0,0,0,No Offer,10,Q4,44,2020
31-10-2020,29204654,0,0,0,0,0,0,0,0,0,0,0,0,0,0,0,0,0,0,0,0,0,0,0,1,0,0,No Offer,10,Q4,44,2020
01-11-2020,37234353,0,2801935,0,966138,1881012,1542085,1094084,0,0,0,252937,2325154,0,1140981,491972,239862,1016849,0,308527,831036,0,0,1,1,1,10,10% Discount,11,Q4,44,2020
02-11-2020,28135973,0,1310909,0,1374938,1243064,952152,951699,0,0,0,311544,2027344,0,759894,647363,225153,482338,0,242420,675916,0,0,0,1,0,0,No Offer,11,Q4,45,2020
03-11-2020,36945780,0,0,0,0,0,0,0,0,0,0,0,0,0,0,0,0,0,0,0,0,0,0,1,0,1,15,15% Discount,11,Q4,45,2020
04-11-2020,34326555,0,0,0,0,0,0,0,0,0,0,0,0,0,0,0,0,0,0,0,0,0,0,1,1,0,0,No Offer,11,Q4,45,2020
05-11-2020,35266821,0,0,0,0,0,0,0,0,0,0,0,0,0,0,0,0,0,0,0,0,0,0,0,0,1,25,Buy3Get1,11,Q4,45,2020
06-11-2020,30728952,0,0,0,0,0,0,0,0,0,0,0,0,0,0,0,0,0,0,0,0,0,0,0,1,1,10,10% Discount,11,Q4,45,2020
07-11-2020,32887725,0,0,0,0,0,0,0,0,0,0,0,0,0,0,0,0,0,0,0,0,0,0,0,1,1,5,5% Discount,11,Q4,45,2020
08-11-2020,30344055,0,1230466,0,1032641,1053591,920254,587379,0,0,0,188003,2384612,0,892389,531715,175863,360476,0,0,656344,0,0,0,0,0,0,No Offer,11,Q4,45,2020
09-11-2020,29313941,0,1190110,0,1025024,1262531,1001111,1188814,0,0,0,280360,2605309,0,1389612,646948,276010,713994,0,0,371480,0,0,0,0,1,15,15% Discount,11,Q4,46,2020
10-11-2020,28719099,0,1065402,0,1497834,1933635,946192,1334076,0,0,0,674823,2228776,0,1261629,585088,200252,993988,0,0,1014018,0,0,0,1,0,0,No Offer,11,Q4,46,2020
11-11-2020,30622588,0,2441616,0,2038381,1090907,1110601,1148293,0,0,0,248393,3925801,0,1270713,803051,203485,540275,0,0,792020,0,0,1,1,0,0,No Offer,11,Q4,46,2020
12-11-2020,32662154,0,0,0,0,0,0,0,0,0,0,0,0,0,0,0,0,0,0,0,0,0,0,1,1,1,10,10% Discount,11,Q4,46,2020
13-11-2020,30268410,0,1378321,0,1167760,1316499,1077356,926004,0,0,0,533518,3375291,0,1116904,583967,182840,988894,0,0,1362819,0,0,1,1,0,0,No Offer,11,Q4,46,2020
14-11-2020,33368824,0,1447916,0,1878966,1126426,1093374,1063133,0,0,0,186410,3679310,0,1205410,796193,176313,957790,0,0,801069,0,0,1,1,1,10,10% Discount,11,Q4,46,2020
15-11-2020,31794114,0,0,0,0,0,0,0,0,0,0,0,0,0,0,0,0,0,0,0,0,0,0,1,0,1,5,5% Discount,11,Q4,46,2020
16-11-2020,32133073,0,1844924,0,1526944,1407850,1460836,1090212,0,0,0,535636,2223567,0,1608886,1094757,342838,1057580,0,0,1258671,0,0,1,0,1,15,15% Discount,11,Q4,47,2020
17-11-2020,29431964,0,1083772,0,1119157,1419465,1429429,677211,0,0,0,241140,2340949,0,1124005,558948,244774,542266,0,0,957438,0,0,0,1,0,0,No Offer,11,Q4,47,2020
18-11-2020,34327625,0,1057754,0,2056629,1494728,1180668,1066502,0,0,0,352927,3135085,0,1196036,698183,258188,850261,0,0,721667,0,0,1,1,1,5,5% Discount,11,Q4,47,2020
19-11-2020,28194297,0,1478112,0,929910,1866532,768514,738769,0,0,0,177423,0,0,1053921,597700,215911,456479,0,0,406618,0,0,0,1,0,0,No Offer,11,Q4,47,2020
20-11-2020,34773389,0,0,0,0,0,0,0,0,0,0,0,0,0,0,0,0,0,0,0,0,0,0,1,0,1,20,20% Discount,11,Q4,47,2020
21-11-2020,29223143,0,0,0,0,0,0,0,0,0,0,0,0,0,0,0,0,0,0,0,0,0,0,0,1,1,5,5% Discount,11,Q4,47,2020
22-11-2020,33173583,0,0,0,0,0,0,0,0,0,0,0,0,0,0,0,0,0,0,0,0,0,0,1,1,1,5,5% Discount,11,Q4,47,2020
23-11-2020,27615391,0,0,0,0,0,0,0,0,0,0,0,0,0,0,0,0,0,0,0,0,0,0,0,0,1,10,10% Discount,11,Q4,48,2020
24-11-2020,29173279,0,0,0,0,0,0,0,0,0,0,0,0,0,0,0,0,0,0,0,0,0,0,0,1,0,0,No Offer,11,Q4,48,2020
25-11-2020,29020041,0,0,0,0,0,0,0,0,0,0,0,0,0,0,0,0,0,0,0,0,0,0,1,0,0,0,No Offer,11,Q4,48,2020
26-11-2020,30241377,0,1871124,0,0,1921776,1498233,1257606,0,0,0,315824,4702949,0,1171705,926312,363297,1249165,0,0,2080324,0,0,1,1,0,0,No Offer,11,Q4,48,2020
27-11-2020,31182774,0,0,0,0,0,0,0,0,0,0,0,0,0,0,0,0,0,0,0,0,0,0,1,0,0,0,No Offer,11,Q4,48,2020
28-11-2020,32496871,0,0,0,0,0,0,0,0,0,0,0,0,0,0,0,0,0,0,0,0,0,0,1,0,1,5,5% Discount,11,Q4,48,2020
29-11-2020,28683351,0,1148993,0,0,1857822,1133662,995173,0,0,0,371176,3775713,0,1579177,548274,224664,604573,0,0,785578,0,0,0,0,0,0,No Offer,11,Q4,48,2020
30-11-2020,29439308,0,1122784,0,0,1410892,1257558,986959,0,0,0,207435,3055880,0,1946357,618170,272725,675009,0,0,1325137,0,0,0,1,1,10,10% Discount,11,Q4,49,2020
01-12-2020,33467626,0,0,0,0,0,0,0,0,0,0,0,0,0,0,0,0,0,0,0,0,0,0,1,1,0,0,No Offer,12,Q4,49,2020
02-12-2020,33509242,0,1089577,0,0,1850868,988435,1101718,0,0,0,430221,2637578,0,1005323,535705,172683,547394,0,0,721327,0,0,0,0,1,20,20% Discount,12,Q4,49,2020
03-12-2020,30954144,3753275,977520,0,707609,777217,424409,548445,0,0,0,167989,1896091,0,603678,296244,104759,572025,0,0,495074,0,0,1,0,0,0,No Offer,12,Q4,49,2020
04-12-2020,39931295,4794984,1243366,0,547474,848089,844642,617470,0,0,0,169930,1270973,0,581172,369882,149687,267627,0,0,427500,0,0,1,1,1,15,15% Discount,12,Q4,49,2020
05-12-2020,36925669,0,0,0,0,0,0,0,0,0,0,0,0,0,0,0,0,0,0,0,0,0,0,1,1,1,5,5% Discount,12,Q4,49,2020
06-12-2020,31669954,5022487,677276,0,521543,686449,498445,539509,0,0,0,149885,747725,0,470313,223795,73577,337657,0,0,261075,0,0,0,1,0,0,No Offer,12,Q4,49,2020
07-12-2020,33484034,0,0,0,0,0,0,0,0,0,0,0,0,0,0,0,0,0,0,0,0,0,0,0,1,0,0,No Offer,12,Q4,50,2020
08-12-2020,29611609,3212710,778071,0,352272,1114761,806444,681254,0,0,0,457199,1355006,0,591555,382176,113176,430794,0,0,815764,0,0,0,0,0,0,No Offer,12,Q4,50,2020
09-12-2020,32229007,4734935,835686,0,1426613,960971,597635,651519,0,0,0,218808,1279650,0,611215,454508,185368,619984,0,0,844983,0,0,1,0,0,0,No Offer,12,Q4,50,2020
10-12-2020,29311647,0,0,0,0,0,0,0,0,0,0,0,0,0,0,0,0,0,0,0,0,0,0,0,0,1,5,5% Discount,12,Q4,50,2020
11-12-2020,28306230,3652786,669867,0,1402589,846573,757677,771662,0,0,0,160130,1484757,0,1024858,403542,159515,449722,0,0,264695,0,0,0,0,0,0,No Offer,12,Q4,50,2020
12-12-2020,28835792,0,0,0,0,0,0,0,0,0,0,0,0,0,0,0,0,0,0,0,0,0,0,0,1,0,0,No Offer,12,Q4,50,2020
13-12-2020,31989508,0,0,0,0,0,0,0,0,0,0,0,0,0,0,0,0,0,0,0,0,0,0,1,0,1,15,15% Discount,12,Q4,50,2020
14-12-2020,34011489,0,0,0,0,0,0,0,0,0,0,0,0,0,0,0,0,0,0,0,0,0,0,0,0,1,20,20% Discount,12,Q4,51,2020
15-12-2020,37042574,0,0,0,0,0,0,0,0,0,0,0,0,0,0,0,0,0,0,0,0,0,0,1,1,0,0,No Offer,12,Q4,51,2020
16-12-2020,27966902,3632010,555334,0,380486,484628,497058,417320,0,0,0,179165,994481,0,408706,259166,68543,275420,0,0,231337,0,0,0,0,0,0,No Offer,12,Q4,51,2020
17-12-2020,33752214,0,0,0,0,0,0,0,0,0,0,0,0,0,0,0,0,0,0,0,0,0,0,0,1,0,0,No Offer,12,Q4,51,2020
18-12-2020,31623584,0,0,0,0,0,0,0,0,0,0,0,0,0,0,0,0,0,0,0,0,0,0,1,0,0,0,No Offer,12,Q4,51,2020
19-12-2020,28218029,0,0,0,0,0,0,0,0,0,0,0,0,0,0,0,0,0,0,0,0,0,0,1,0,0,0,No Offer,12,Q4,51,2020
20-12-2020,36427955,0,0,0,0,0,0,0,0,0,0,0,0,0,0,0,0,0,0,0,0,0,0,1,0,1,10,10% Discount,12,Q4,51,2020
21-12-2020,36219040,6865562,1477863,0,1029671,1120543,1340047,862338,0,0,0,159642,0,0,811932,510254,145815,872968,0,0,0,0,481339,1,1,1,10,10% Discount,12,Q4,52,2020
22-12-2020,32698752,0,0,0,0,0,0,0,0,0,0,0,0,0,0,0,0,0,0,0,0,0,0,0,1,0,0,No Offer,12,Q4,52,2020
23-12-2020,27417440,0,0,0,0,0,0,0,0,0,0,0,0,0,0,0,0,0,0,0,0,0,0,0,0,1,5,5% Discount,12,Q4,52,2020
24-12-2020,32771363,0,0,0,0,0,0,0,0,0,0,0,0,0,0,0,0,0,0,0,0,0,0,0,0,1,15,15% Discount,12,Q4,52,2020
25-12-2020,35514210,5703502,860362,0,1128675,880614,708417,565676,0,0,0,162152,1657799,0,488199,322232,145427,570597,0,0,0,0,502351,1,1,1,10,10% Discount,12,Q4,52,2020
26-12-2020,36361874,6903630,883875,0,1136369,1459348,774795,601073,0,0,0,215263,2165518,0,773022,299968,159928,545627,0,0,0,0,282785,1,1,1,5,5% Discount,12,Q4,52,2020
27-12-2020,33557059,0,0,0,0,0,0,0,0,0,0,0,0,0,0,0,0,0,0,0,0,0,0,0,1,1,5,5% Discount,12,Q4,52,2020
28-12-2020,35660480,0,0,0,0,0,0,0,0,0,0,0,0,0,0,0,0,0,0,0,0,0,0,0,1,1,15,15% Discount,12,Q4,53,2020
29-12-2020,30981930,0,0,0,0,0,0,0,0,0,0,0,0,0,0,0,0,0,0,0,0,0,0,0,1,0,0,No Offer,12,Q4,53,2020
30-12-2020,29436621,0,0,0,0,0,0,0,0,0,0,0,0,0,0,0,0,0,0,0,0,0,0,0,1,1,5,5% Discount,12,Q4,53,2020
31-12-2020,33404816,0,0,0,0,0,0,0,0,0,0,0,0,0,0,0,0,0,0,0,0,0,0,1,0,0,0,No Offer,12,Q4,53,2020
01-01-2021,26014429,0,0,0,0,0,0,0,0,0,0,0,0,0,0,0,0,0,0,0,0,0,0,1,0,1,5,5% Discount,1,Q1,53,2021
02-01-2021,25758886,0,0,0,0,0,0,0,0,0,0,0,0,0,0,0,0,0,0,0,0,0,0,1,1,1,10,10% Discount,1,Q1,53,2021
03-01-2021,19905352,0,1522513,0,1486979,1978953,1342330,1069910,0,0,0,376314,0,0,979835,1046134,254697,577225,0,0,0,0,446380,0,0,0,0,No Offer,1,Q1,53,2021
04-01-2021,22393493,0,1304076,0,1254928,2309970,1797401,1222206,0,0,0,392402,0,0,1744352,813237,317373,758469,0,0,0,0,801506,0,0,0,0,No Offer,1,Q1,1,2021
05-01-2021,23270508,0,0,0,0,0,0,0,0,0,0,0,0,0,0,0,0,0,0,0,0,0,0,1,0,0,0,No Offer,1,Q1,1,2021
06-01-2021,23230613,0,1486743,0,2011843,2027988,2088491,1795293,0,0,0,359751,0,0,1539248,1134488,382249,1701420,0,0,0,0,478709,1,0,1,5,5% Discount,1,Q1,1,2021
07-01-2021,25871659,0,0,0,0,0,0,0,0,0,0,0,0,0,0,0,0,0,0,0,0,0,0,1,1,0,0,No Offer,1,Q1,1,2021
08-01-2021,21859394,0,645433,232823,600461,979484,647346,626575,0,0,0,287318,1514678,0,634379,340341,179506,428962,0,126444,495555,455605,436272,0,1,0,0,No Offer,1,Q1,1,2021
09-01-2021,23870161,0,1073505,497616,1323847,1325718,945805,992504,0,0,0,320136,2389303,0,1432971,654437,252281,577537,0,185705,671332,875346,540258,0,1,1,5,5% Discount,1,Q1,1,2021
10-01-2021,27811281,0,0,0,0,0,0,0,0,0,0,0,0,0,0,0,0,0,0,0,0,0,0,1,1,1,15,15% Discount,1,Q1,1,2021
11-01-2021,27960625,0,1423461,326527,1275466,1562593,954010,866927,0,0,0,168212,3410126,0,1134594,569523,159366,573292,0,190811,478054,676122,797423,1,1,1,15,15% Discount,1,Q1,2,2021
12-01-2021,27164478,0,0,0,0,0,0,0,0,0,0,0,0,0,0,0,0,0,0,0,0,0,0,1,1,0,0,No Offer,1,Q1,2,2021
13-01-2021,21697761,0,0,0,0,0,0,0,0,0,0,0,0,0,0,0,0,0,0,0,0,0,0,0,1,1,15,15% Discount,1,Q1,2,2021
14-01-2021,27295348,0,2081762,341136,1217894,1283746,1303130,1011539,0,0,0,429733,2926352,0,1254871,830955,245763,1073250,0,0,0,878657,0,1,0,1,15,15% Discount,1,Q1,2,2021
15-01-2021,24926160,0,0,0,0,0,0,0,0,0,0,0,0,0,0,0,0,0,0,0,0,0,0,1,0,0,0,No Offer,1,Q1,2,2021
16-01-2021,24526777,0,1797612,606246,1377200,1371028,813942,836507,0,0,0,432260,3533303,0,1055154,864211,301244,956900,0,0,0,864001,0,1,1,0,0,No Offer,1,Q1,2,2021
17-01-2021,24920110,0,0,0,0,0,0,0,0,0,0,0,0,0,0,0,0,0,0,0,0,0,0,1,0,0,0,No Offer,1,Q1,2,2021
18-01-2021,24016226,0,0,0,0,0,0,0,0,0,0,0,0,0,0,0,0,0,0,0,0,0,0,1,1,0,0,No Offer,1,Q1,3,2021
19-01-2021,26433880,0,666192,634636,1788880,1292936,1143459,1216049,0,0,0,229633,2020857,0,1039744,379759,194468,631947,0,0,0,743972,0,1,1,1,10,10% Discount,1,Q1,3,2021
20-01-2021,27218286,0,1226668,514459,1661027,1221795,974358,853266,0,0,0,447931,2559740,0,1432837,767593,315028,724335,0,0,0,1366756,0,1,1,1,15,15% Discount,1,Q1,3,2021
21-01-2021,24057887,2228293,452268,203543,0,737099,403122,442111,0,0,209489,100050,1137920,0,396953,267045,88215,235760,0,0,0,414964,0,0,1,0,0,No Offer,1,Q1,3,2021
22-01-2021,18868572,2660275,924266,211561,0,517949,553332,403994,0,0,447853,116247,892451,0,440425,332415,99090,223437,0,0,0,228795,0,0,0,0,0,No Offer,1,Q1,3,2021
23-01-2021,29123938,0,0,0,0,0,0,0,0,0,0,0,0,0,0,0,0,0,0,0,0,0,0,1,1,1,5,5% Discount,1,Q1,3,2021
24-01-2021,27033294,3402186,484180,494009,0,815150,841723,445081,0,0,302031,288816,2026538,0,852380,330960,161869,498870,0,0,0,764023,0,1,1,1,10,10% Discount,1,Q1,3,2021
25-01-2021,23607688,0,0,0,0,0,0,0,0,0,0,0,0,0,0,0,0,0,0,0,0,0,0,0,1,0,0,No Offer,1,Q1,4,2021
26-01-2021,26311266,4117120,883785,404369,0,1062726,640224,537042,0,0,252942,248319,1838210,0,856746,407231,125506,727169,0,0,0,967923,0,1,1,0,0,No Offer,1,Q1,4,2021
27-01-2021,30883399,4913573,458538,145378,0,601000,528704,519499,0,0,362846,227198,2102006,0,422466,393870,137439,435073,0,0,0,310514,0,1,1,1,25,Buy3Get1,1,Q1,4,2021
28-01-2021,22831619,0,0,0,0,0,0,0,0,0,0,0,0,0,0,0,0,0,0,0,0,0,0,0,1,1,5,5% Discount,1,Q1,4,2021
29-01-2021,28507674,0,0,0,0,0,0,0,0,0,0,0,0,0,0,0,0,0,0,0,0,0,0,1,1,1,5,5% Discount,1,Q1,4,2021
30-01-2021,20439852,2904236,0,377359,0,885760,761204,681211,0,0,399131,162757,1507471,0,844703,402194,162027,339746,0,0,0,561357,410988,0,0,0,0,No Offer,1,Q1,4,2021
31-01-2021,26346771,4519475,0,608317,0,953176,831700,543549,0,0,534809,197750,2162788,0,827422,490056,157821,817629,0,0,0,228197,510723,1,1,1,10,10% Discount,1,Q1,4,2021
01-02-2021,24764975,5188548,0,292920,0,1002697,984420,638804,0,0,388862,181629,1711382,0,708665,480369,186033,525988,0,0,0,704287,281753,0,1,0,0,No Offer,2,Q1,5,2021
02-02-2021,26582150,4366298,0,272208,0,1146772,407144,730521,0,0,483388,150477,2037712,0,560723,304064,117498,453712,0,0,0,376071,359334,1,1,0,0,No Offer,2,Q1,5,2021
03-02-2021,29641368,4572492,0,552981,0,1077108,820769,666146,0,0,484825,227691,2638513,0,679074,545144,255460,482828,0,0,0,852879,395080,1,1,1,5,5% Discount,2,Q1,5,2021
04-02-2021,24312684,0,0,0,0,0,0,0,0,0,0,0,0,0,0,0,0,0,0,0,0,0,0,1,0,0,0,No Offer,2,Q1,5,2021
05-02-2021,23453658,0,0,0,0,0,0,0,0,0,0,0,0,0,0,0,0,0,0,0,0,0,0,1,0,0,0,No Offer,2,Q1,5,2021
06-02-2021,23925414,0,0,0,0,0,0,0,0,0,0,0,0,0,0,0,0,0,0,0,0,0,0,0,1,0,0,No Offer,2,Q1,5,2021
07-02-2021,23755904,0,0,0,0,0,0,0,0,0,0,0,0,0,0,0,0,0,0,0,0,0,0,1,0,0,0,No Offer,2,Q1,5,2021
08-02-2021,26398425,4283825,0,346745,0,1196091,822045,481832,0,0,477143,170505,1687931,0,995815,470524,191284,644271,0,152144,770786,801419,0,1,1,1,5,5% Discount,2,Q1,6,2021
09-02-2021,28711132,0,0,0,0,0,0,0,0,0,0,0,0,0,0,0,0,0,0,0,0,0,0,1,0,1,15,15% Discount,2,Q1,6,2021
10-02-2021,35124250,5021005,0,421702,0,1261852,816858,723670,0,0,426993,333559,3215512,0,924773,656868,262394,594268,0,295822,486486,873358,0,1,1,1,25,Buy3Get1,2,Q1,6,2021
11-02-2021,28063389,4894424,982777,0,0,719097,847154,1020416,0,0,576575,180437,1432287,0,644275,554945,123449,408621,0,175289,469255,0,0,1,1,1,10,10% Discount,2,Q1,6,2021
12-02-2021,21352442,4105098,1001623,0,0,746785,737646,649200,0,0,334665,162812,1178342,0,594521,369541,127757,381809,0,136645,433707,0,0,0,0,1,5,5% Discount,2,Q1,6,2021
13-02-2021,22472158,3955634,1040365,0,0,729687,616359,428734,0,0,179744,177550,1213634,0,697498,399297,116906,376252,0,140597,490074,0,0,0,0,1,5,5% Discount,2,Q1,6,2021
14-02-2021,24283199,0,0,0,0,0,0,0,0,0,0,0,0,0,0,0,0,0,0,0,0,0,0,0,1,0,0,No Offer,2,Q1,6,2021
15-02-2021,26792447,3874889,971196,0,0,1343066,712909,580558,0,0,544344,307962,1843017,0,1049421,641352,170128,439767,0,178311,572343,0,0,0,1,1,15,15% Discount,2,Q1,7,2021
16-02-2021,25248340,0,0,0,0,0,0,0,0,0,0,0,0,0,0,0,0,0,0,0,0,0,0,0,1,0,0,No Offer,2,Q1,7,2021
17-02-2021,27443031,6495893,591950,0,0,1009930,922854,633687,0,0,394037,188954,1263102,0,651420,424851,108988,368176,0,130837,594828,0,0,1,1,0,0,No Offer,2,Q1,7,2021
18-02-2021,22819607,0,0,0,0,0,0,0,0,0,0,0,0,0,0,0,0,0,0,0,0,0,0,1,0,0,0,No Offer,2,Q1,7,2021
19-02-2021,23716442,0,1635968,336550,0,1172962,1277660,1278477,0,0,525301,350149,3244578,0,1292199,519888,195218,662500,0,399696,1247025,0,495923,1,0,0,0,No Offer,2,Q1,7,2021
20-02-2021,26147378,0,890761,575229,0,1410071,1147880,840642,0,0,837346,380110,2382985,0,914381,815151,223980,887007,0,301217,1045972,0,495557,1,1,1,10,10% Discount,2,Q1,7,2021
21-02-2021,26198068,0,0,0,0,0,0,0,0,0,0,0,0,0,0,0,0,0,0,0,0,0,0,0,1,1,5,5% Discount,2,Q1,7,2021
22-02-2021,20756431,0,0,0,0,0,0,0,0,0,0,0,0,0,0,0,0,0,0,0,0,0,0,0,0,1,10,10% Discount,2,Q1,8,2021
23-02-2021,20954779,0,0,0,0,0,0,0,0,0,0,0,0,0,0,0,0,0,0,0,0,0,0,0,0,1,5,5% Discount,2,Q1,8,2021
24-02-2021,23700773,0,1151895,723456,0,1398390,1152218,882745,0,0,339753,265079,2412465,0,893540,538927,178712,941757,0,351974,499354,0,411830,1,0,0,0,No Offer,2,Q1,8,2021
25-02-2021,24378492,0,0,0,0,0,0,0,0,0,0,0,0,0,0,0,0,0,0,0,0,0,0,0,0,1,10,10% Discount,2,Q1,8,2021
26-02-2021,25586164,0,0,0,0,0,0,0,0,0,0,0,0,0,0,0,0,0,0,0,0,0,0,1,1,0,0,No Offer,2,Q1,8,2021
27-02-2021,23068350,0,0,0,0,0,0,0,0,0,0,0,0,0,0,0,0,0,0,0,0,0,0,0,1,0,0,No Offer,2,Q1,8,2021
28-02-2021,23953957,0,0,0,0,0,0,0,0,0,0,0,0,0,0,0,0,0,0,0,0,0,0,1,0,0,0,No Offer,2,Q1,8,2021
01-03-2021,31471305,0,1599392,436817,0,1092825,1214156,824286,0,0,348259,198225,4146104,0,933044,478823,164527,564608,0,170567,648864,0,272919,1,1,1,15,15% Discount,3,Q1,9,2021
02-03-2021,27839080,0,2254222,367054,0,946206,875641,622816,0,0,609334,190031,1879866,0,788452,565088,210562,587356,0,176401,677008,0,842284,1,1,1,10,10% Discount,3,Q1,9,2021
03-03-2021,24292226,0,1577634,598963,0,1596221,1147825,1294525,0,0,578545,256901,2410003,0,1299834,783353,293011,774977,0,354632,1405220,0,680121,1,0,0,0,No Offer,3,Q1,9,2021
04-03-2021,27343589,0,0,0,0,0,0,0,0,0,0,0,0,0,0,0,0,0,0,0,0,0,0,0,0,1,10,10% Discount,3,Q1,9,2021
05-03-2021,26458270,4671048,0,276878,0,946035,590313,594859,0,0,657829,195427,0,0,957592,471911,164393,325861,0,0,613755,0,688243,0,1,1,5,5% Discount,3,Q1,9,2021
06-03-2021,25977302,0,0,0,0,0,0,0,0,0,0,0,0,0,0,0,0,0,0,0,0,0,0,0,1,0,0,No Offer,3,Q1,9,2021
07-03-2021,25855597,5624110,0,382432,0,1241861,1002811,730249,0,0,1016809,381500,0,0,905567,611849,170151,554514,0,0,1247702,0,740669,1,0,0,0,No Offer,3,Q1,9,2021
08-03-2021,24638931,2716006,0,491123,0,724112,779325,709479,0,0,219537,130398,0,0,613393,432813,180535,386628,0,0,613355,0,478529,0,1,0,0,No Offer,3,Q1,10,2021
09-03-2021,26477694,0,0,0,0,0,0,0,0,0,0,0,0,0,0,0,0,0,0,0,0,0,0,1,0,0,0,No Offer,3,Q1,10,2021
10-03-2021,26898521,0,0,0,0,0,0,0,0,0,0,0,0,0,0,0,0,0,0,0,0,0,0,0,0,1,15,15% Discount,3,Q1,10,2021
11-03-2021,29251066,0,0,0,0,0,0,0,0,0,0,0,0,0,0,0,0,0,0,0,0,0,0,1,0,1,10,10% Discount,3,Q1,10,2021
12-03-2021,27629161,0,0,0,0,0,0,0,0,0,0,0,0,0,0,0,0,0,0,0,0,0,0,1,1,0,0,No Offer,3,Q1,10,2021
13-03-2021,27336494,0,0,0,0,0,0,0,0,0,0,0,0,0,0,0,0,0,0,0,0,0,0,0,1,1,5,5% Discount,3,Q1,10,2021
14-03-2021,23725489,6252125,0,398072,0,879619,724880,769408,0,0,434339,195448,2153348,0,571732,401977,192824,699166,0,0,963853,0,387927,1,1,0,0,No Offer,3,Q1,10,2021
15-03-2021,29339556,4195208,0,267926,0,687663,649534,609106,0,0,370056,209971,1907349,0,662431,412224,135492,549303,0,0,388736,0,561428,1,1,0,0,No Offer,3,Q1,11,2021
16-03-2021,29308940,4857270,0,328359,0,909894,740018,710645,0,0,348965,203372,1459808,0,905379,382756,201860,520019,0,0,611955,0,342450,1,1,1,10,10% Discount,3,Q1,11,2021
17-03-2021,25695373,0,0,0,0,0,0,0,0,0,0,0,0,0,0,0,0,0,0,0,0,0,0,0,1,0,0,No Offer,3,Q1,11,2021
18-03-2021,22132423,0,1337370,627241,0,2258400,1682879,701865,0,0,844444,206480,0,0,981904,592959,392985,694463,0,0,931644,0,668628,0,0,0,0,No Offer,3,Q1,11,2021
19-03-2021,26667365,0,3549640,763848,0,2092738,1242615,1019688,0,0,594977,303435,0,0,1185920,948297,289125,1016405,0,0,1619545,0,959101,1,1,1,5,5% Discount,3,Q1,11,2021
20-03-2021,26324001,0,1763517,450498,0,1632772,925534,979239,0,0,683781,261186,0,0,1147053,516950,233639,921367,0,0,1054167,0,569683,1,0,0,0,No Offer,3,Q1,11,2021
21-03-2021,23476232,0,1315489,510943,0,1549400,1389376,1200842,0,0,1161838,396331,0,0,1518304,863512,222583,713492,0,0,1127067,0,519059,0,0,1,15,15% Discount,3,Q1,11,2021
22-03-2021,25184368,0,2553384,514191,0,2242428,1249305,1292063,0,0,847207,404465,0,0,1753356,720783,461197,1389882,0,0,1260037,0,465826,1,0,0,0,No Offer,3,Q1,12,2021
23-03-2021,23671008,0,1767176,1111783,0,2351071,1428422,1286438,0,0,1448481,532615,0,0,1672905,952307,437384,922866,0,0,898831,0,846503,0,0,1,10,10% Discount,3,Q1,12,2021
24-03-2021,24625038,0,2118511,487448,0,1424440,1498223,1026826,0,0,1071544,383255,0,0,1252308,861149,418517,957800,0,0,975210,0,851192,0,1,0,0,No Offer,3,Q1,12,2021
25-03-2021,32454218,0,0,0,0,0,0,0,0,0,0,0,0,0,0,0,0,0,0,0,0,0,0,1,0,1,25,Buy3Get1,3,Q1,12,2021
26-03-2021,28141118,0,2246206,766811,0,1714497,1504983,1931266,0,0,856501,349639,0,0,1311822,770069,314998,1225907,0,0,0,0,538713,1,1,1,5,5% Discount,3,Q1,12,2021
27-03-2021,29459162,0,3447091,652782,0,2717036,1683223,1814969,0,0,1480636,356028,0,0,2156972,1193939,385573,1691448,0,0,0,0,802305,1,0,1,15,15% Discount,3,Q1,12,2021
28-03-2021,28080408,0,1844016,704246,0,3018240,1253410,1511150,0,0,1242216,566169,0,0,1511308,885412,429403,1099704,0,0,0,0,635014,0,1,1,10,10% Discount,3,Q1,12,2021
29-03-2021,22214064,0,2052612,522679,0,1845505,1439014,1172608,0,0,792131,307556,0,0,1277053,725265,255952,771157,0,0,0,0,1016974,0,0,0,0,No Offer,3,Q1,13,2021
30-03-2021,27893167,0,0,0,0,0,0,0,0,0,0,0,0,0,0,0,0,0,0,0,0,0,0,1,0,1,15,15% Discount,3,Q1,13,2021
31-03-2021,26949196,0,0,0,0,0,0,0,0,0,0,0,0,0,0,0,0,0,0,0,0,0,0,0,1,0,0,No Offer,3,Q1,13,2021
01-04-2021,23391509,0,0,0,0,0,0,0,0,0,0,0,0,0,0,0,0,0,0,0,0,0,0,0,0,1,5,5% Discount,4,Q2,13,2021
02-04-2021,30428055,0,1678642,0,0,1842127,1669579,1177269,0,0,864382,308336,0,0,1156894,669596,274438,896008,0,306527,0,0,811713,1,1,1,10,10% Discount,4,Q2,13,2021
03-04-2021,26078150,0,0,0,0,0,0,0,0,0,0,0,0,0,0,0,0,0,0,0,0,0,0,0,0,1,15,15% Discount,4,Q2,13,2021
04-04-2021,23498834,0,0,0,0,0,0,0,0,0,0,0,0,0,0,0,0,0,0,0,0,0,0,1,0,0,0,No Offer,4,Q2,13,2021
05-04-2021,25131791,0,0,0,0,0,0,0,0,0,0,0,0,0,0,0,0,0,0,0,0,0,0,1,0,1,5,5% Discount,4,Q2,14,2021
06-04-2021,25893901,0,0,0,0,0,0,0,0,0,0,0,0,0,0,0,0,0,0,0,0,0,0,1,0,0,0,No Offer,4,Q2,14,2021
07-04-2021,21392307,0,0,0,0,0,0,0,0,0,0,0,0,0,0,0,0,0,0,0,0,0,0,0,1,0,0,No Offer,4,Q2,14,2021
08-04-2021,24114231,0,0,0,0,0,0,0,0,0,0,0,0,0,0,0,0,0,0,0,0,0,0,0,1,0,0,No Offer,4,Q2,14,2021
09-04-2021,26974536,4974109,866240,0,0,977098,700130,867854,0,0,393905,222130,0,0,644114,465402,201530,745805,0,0,0,0,0,1,1,1,5,5% Discount,4,Q2,14,2021
10-04-2021,28140752,0,0,0,0,0,0,0,0,0,0,0,0,0,0,0,0,0,0,0,0,0,0,0,1,1,10,10% Discount,4,Q2,14,2021
11-04-2021,24938270,0,0,0,0,0,0,0,0,0,0,0,0,0,0,0,0,0,0,0,0,0,0,0,1,0,0,No Offer,4,Q2,14,2021
12-04-2021,24240392,4266941,390909,0,0,437625,595348,404978,0,0,387058,140708,0,0,404390,361618,150006,322624,0,0,0,0,0,0,0,0,0,No Offer,4,Q2,15,2021
13-04-2021,27303637,4771699,1206829,0,0,1068196,660309,842073,0,0,339790,204432,0,0,1055908,486232,192813,793647,0,0,0,0,0,1,1,0,0,No Offer,4,Q2,15,2021
14-04-2021,25169888,0,0,0,0,0,0,0,0,0,0,0,0,0,0,0,0,0,0,0,0,0,0,1,0,0,0,No Offer,4,Q2,15,2021
15-04-2021,26872327,0,0,0,0,0,0,0,0,0,0,0,0,0,0,0,0,0,0,0,0,0,0,1,0,1,10,10% Discount,4,Q2,15,2021
16-04-2021,23704870,0,0,0,0,0,0,0,0,0,0,0,0,0,0,0,0,0,0,0,0,0,0,0,1,0,0,No Offer,4,Q2,15,2021
17-04-2021,26280169,4401206,1026382,0,0,1391559,924990,827131,0,1775634,560392,315365,0,0,861639,447613,227744,664255,0,385287,0,0,0,0,0,0,0,No Offer,4,Q2,15,2021
18-04-2021,25631334,0,0,0,0,0,0,0,0,0,0,0,0,0,0,0,0,0,0,0,0,0,0,0,1,0,0,No Offer,4,Q2,15,2021
19-04-2021,24682558,7177936,1402577,0,0,1105830,690221,679932,0,1615331,645816,288046,0,0,981439,383664,158536,773393,0,102322,0,0,0,1,0,1,5,5% Discount,4,Q2,16,2021
20-04-2021,27275183,0,0,0,0,0,0,0,0,0,0,0,0,0,0,0,0,0,0,0,0,0,0,0,0,1,5,5% Discount,4,Q2,16,2021
21-04-2021,27792331,2769645,814247,0,0,678436,789720,546876,0,1185960,826325,220006,0,0,729667,560322,151107,463855,0,149309,0,0,0,1,1,1,5,5% Discount,4,Q2,16,2021
22-04-2021,25851252,0,0,0,0,0,0,0,0,0,0,0,0,0,0,0,0,0,0,0,0,0,0,1,0,0,0,No Offer,4,Q2,16,2021
23-04-2021,25837982,3658535,1130629,0,0,806481,803255,705516,0,1638385,413960,150213,0,0,632720,439030,122092,402192,0,170181,0,0,0,0,1,0,0,No Offer,4,Q2,16,2021
24-04-2021,24868698,2844916,703395,0,0,786237,708837,522354,0,871582,253506,130762,0,0,582954,364416,146173,509845,0,160690,0,0,0,1,1,0,0,No Offer,4,Q2,16,2021
25-04-2021,26039331,0,0,0,0,0,0,0,0,0,0,0,0,0,0,0,0,0,0,0,0,0,0,0,1,1,15,15% Discount,4,Q2,16,2021
26-04-2021,26885574,0,0,0,0,0,0,0,0,0,0,0,0,0,0,0,0,0,0,0,0,0,0,0,0,1,10,10% Discount,4,Q2,17,2021
27-04-2021,27035004,0,0,0,0,0,0,0,0,0,0,0,0,0,0,0,0,0,0,0,0,0,0,1,1,0,0,No Offer,4,Q2,17,2021
28-04-2021,32535514,9446507,1257736,0,0,614874,641795,777022,0,2039686,385465,343213,0,0,717146,493219,152590,594867,0,152938,0,0,0,1,1,1,15,15% Discount,4,Q2,17,2021
29-04-2021,31997005,0,1998990,561174,0,1369187,1449914,905044,0,2385482,1020146,490080,0,0,1434665,899787,379241,1061078,0,319450,0,0,656677,1,1,1,25,Buy3Get1,4,Q2,17,2021
30-04-2021,27256222,0,1717342,672753,0,1915044,1608670,1161056,0,3343914,651344,469378,0,0,1402689,702995,273464,1235076,0,310551,0,0,550998,1,0,1,10,10% Discount,4,Q2,17,2021
01-05-2021,32854266,0,1370258,643445,0,1595435,1250355,1061242,0,2303089,1182569,530700,0,0,1364684,631851,397997,898573,0,357844,0,0,413204,1,1,1,5,5% Discount,5,Q2,17,2021
02-05-2021,30457482,0,1477849,651262,0,1533635,1518630,1173931,0,1689862,709532,619147,0,0,1509606,641892,442317,1235452,0,596490,0,0,760733,1,1,1,5,5% Discount,5,Q2,17,2021
03-05-2021,25878843,0,0,0,0,0,0,0,0,0,0,0,0,0,0,0,0,0,0,0,0,0,0,1,0,0,0,No Offer,5,Q2,18,2021
04-05-2021,27372107,0,0,0,0,0,0,0,0,0,0,0,0,0,0,0,0,0,0,0,0,0,0,1,1,0,0,No Offer,5,Q2,18,2021
05-05-2021,25492059,0,0,0,0,0,0,0,0,0,0,0,0,0,0,0,0,0,0,0,0,0,0,1,0,0,0,No Offer,5,Q2,18,2021
06-05-2021,28483467,0,0,0,0,0,0,0,0,0,0,0,0,0,0,0,0,0,0,0,0,0,0,0,1,1,5,5% Discount,5,Q2,18,2021
07-05-2021,34639841,0,1108826,520402,0,1697519,995423,860014,0,1914550,448417,238111,0,0,1050679,692141,204908,1174810,0,290410,844787,956280,556563,1,1,1,20,20% Discount,5,Q2,18,2021
08-05-2021,24616137,0,0,0,0,0,0,0,0,0,0,0,0,0,0,0,0,0,0,0,0,0,0,1,0,0,0,No Offer,5,Q2,18,2021
09-05-2021,23731355,0,1209796,241679,0,982191,878579,992655,0,1346455,314737,235522,0,0,906081,683791,260663,537110,0,320974,757455,462735,634547,0,0,0,0,No Offer,5,Q2,18,2021
10-05-2021,25396716,0,0,0,0,0,0,0,0,0,0,0,0,0,0,0,0,0,0,0,0,0,0,0,1,0,0,No Offer,5,Q2,19,2021
11-05-2021,25985032,0,550712,283150,0,1246642,968800,581311,0,1147525,649751,162272,0,0,614853,376065,135268,449661,0,255471,775899,539460,393989,0,0,1,10,10% Discount,5,Q2,19,2021
12-05-2021,24580225,0,0,0,0,0,0,0,0,0,0,0,0,0,0,0,0,0,0,0,0,0,0,0,1,0,0,No Offer,5,Q2,19,2021
13-05-2021,29320956,0,0,0,0,0,0,0,0,0,0,0,0,0,0,0,0,0,0,0,0,0,0,1,0,1,5,5% Discount,5,Q2,19,2021
14-05-2021,29710161,3554208,862127,0,0,648265,354279,352212,0,1190042,258542,164500,1545700,315534,538130,252924,83723,288704,0,0,392230,277110,0,1,1,1,5,5% Discount,5,Q2,19,2021
15-05-2021,29212695,3604142,666849,0,0,698827,689491,700317,0,803901,579771,209738,1562456,534918,797501,524614,204312,620356,0,0,718689,592083,0,1,1,0,0,No Offer,5,Q2,19,2021
16-05-2021,26257373,4205589,739141,0,0,880040,431135,557979,0,727945,354772,187790,1166941,527431,656458,463527,132512,424764,0,0,378006,1010853,0,0,1,1,10,10% Discount,5,Q2,19,2021
17-05-2021,24391836,0,0,0,0,0,0,0,0,0,0,0,0,0,0,0,0,0,0,0,0,0,0,0,0,1,10,10% Discount,5,Q2,20,2021
18-05-2021,29587424,0,0,0,0,0,0,0,0,0,0,0,0,0,0,0,0,0,0,0,0,0,0,0,1,0,0,No Offer,5,Q2,20,2021
19-05-2021,28277310,0,0,0,0,0,0,0,0,0,0,0,0,0,0,0,0,0,0,0,0,0,0,0,1,0,0,No Offer,5,Q2,20,2021
20-05-2021,27412339,4056353,598852,0,635423,774210,482466,388366,0,880661,275983,79367,2088091,463216,608565,465147,175256,398676,0,198545,0,0,301006,1,0,1,5,5% Discount,5,Q2,20,2021
21-05-2021,31218526,0,0,0,0,0,0,0,0,0,0,0,0,0,0,0,0,0,0,0,0,0,0,1,1,0,0,No Offer,5,Q2,20,2021
22-05-2021,27385801,2727783,743047,0,289932,510207,450073,530850,0,965218,280823,205715,822059,313218,627698,421492,131354,309996,0,218722,0,0,366236,0,1,0,0,No Offer,5,Q2,20,2021
23-05-2021,22752755,4598883,804327,0,572424,823262,466702,913679,0,926330,304273,217181,974369,926764,670315,389472,154517,464283,0,122386,0,0,386612,0,0,0,0,No Offer,5,Q2,20,2021
24-05-2021,24422553,2835507,882526,0,486681,579437,440854,496694,0,871710,430294,92861,912780,643380,595072,278085,82759,287466,0,150197,0,0,439944,0,1,0,0,No Offer,5,Q2,21,2021
25-05-2021,31872106,0,0,0,0,0,0,0,0,0,0,0,0,0,0,0,0,0,0,0,0,0,0,0,1,1,25,Buy3Get1,5,Q2,21,2021
26-05-2021,24015291,3076551,1094936,0,256654,659998,360993,356411,0,345731,250364,83736,822777,435290,413168,217917,115261,243972,0,129302,0,0,291862,0,0,0,0,No Offer,5,Q2,21,2021
27-05-2021,24924428,0,0,0,0,0,0,0,0,0,0,0,0,0,0,0,0,0,0,0,0,0,0,0,1,0,0,No Offer,5,Q2,21,2021
28-05-2021,26648248,0,0,0,0,0,0,0,0,0,0,0,0,0,0,0,0,0,0,0,0,0,0,0,0,1,10,10% Discount,5,Q2,21,2021
29-05-2021,27179948,2683090,1288817,330020,1611795,801797,812254,800813,0,1410962,350297,312217,2039905,803415,583810,313719,134274,390760,0,123080,501768,0,347853,1,1,1,5,5% Discount,5,Q2,21,2021
30-05-2021,25724083,0,0,0,0,0,0,0,0,0,0,0,0,0,0,0,0,0,0,0,0,0,0,0,1,0,0,No Offer,5,Q2,21,2021
31-05-2021,23650955,0,0,0,0,0,0,0,0,0,0,0,0,0,0,0,0,0,0,0,0,0,0,0,1,0,0,No Offer,5,Q2,22,2021
01-06-2021,26027600,0,0,0,0,0,0,0,0,0,0,0,0,0,0,0,0,0,0,0,0,0,0,0,1,1,15,15% Discount,6,Q2,22,2021
02-06-2021,22214453,3642246,1063452,340785,776075,962224,760175,526589,0,1319278,571495,141171,1179489,488227,628523,558605,118136,534948,0,292959,611500,0,416952,0,0,0,0,No Offer,6,Q2,22,2021
03-06-2021,25602605,2167772,942316,190276,482345,920498,408972,419062,0,895515,722365,170327,1749703,558688,469140,325170,122384,287256,0,0,0,701886,0,0,1,0,0,No Offer,6,Q2,22,2021
04-06-2021,24043599,0,0,0,0,0,0,0,0,0,0,0,0,0,0,0,0,0,0,0,0,0,0,0,1,0,0,No Offer,6,Q2,22,2021
05-06-2021,23229595,4397197,344931,397239,456622,548313,628579,427538,0,675431,523731,105609,1141000,510661,485798,331585,87197,266155,0,0,0,323938,0,0,1,0,0,No Offer,6,Q2,22,2021
06-06-2021,23871597,3991418,623150,121059,616165,818546,526480,439400,0,778440,406949,96549,945254,256681,478697,329519,87936,328217,0,0,0,367975,0,0,0,0,0,No Offer,6,Q2,22,2021
07-06-2021,28403500,0,0,0,0,0,0,0,0,0,0,0,0,0,0,0,0,0,0,0,0,0,0,0,1,1,5,5% Discount,6,Q2,23,2021
08-06-2021,26993366,3916123,762528,287895,713435,623476,339013,360432,0,575106,270111,177812,1418522,346498,545911,279453,98926,415268,0,0,0,540162,0,1,0,0,0,No Offer,6,Q2,23,2021
09-06-2021,29839032,0,0,0,0,0,0,0,0,0,0,0,0,0,0,0,0,0,0,0,0,0,0,0,0,1,20,20% Discount,6,Q2,23,2021
10-06-2021,33840385,4425167,1297693,297940,846522,1389822,751994,716887,0,948992,0,236850,0,677447,637194,300145,134681,551703,0,0,0,480216,0,1,0,1,25,Buy3Get1,6,Q2,23,2021
11-06-2021,25243816,4579996,1045812,236185,1020255,966648,764957,710919,0,1136577,0,267532,0,822832,919808,363483,163131,730584,0,0,0,528699,0,1,0,0,0,No Offer,6,Q2,23,2021
12-06-2021,26993242,0,0,0,0,0,0,0,0,0,0,0,0,0,0,0,0,0,0,0,0,0,0,1,0,0,0,No Offer,6,Q2,23,2021
13-06-2021,30170455,3031131,1255331,184250,557273,840170,892687,639048,0,621267,0,286509,0,887729,696577,385822,168287,426071,0,0,0,890040,0,1,1,1,10,10% Discount,6,Q2,23,2021
14-06-2021,24704829,3480731,1193763,219443,687047,920503,649260,717353,0,1066773,0,145949,0,584673,766051,438701,120630,631562,0,0,0,779071,0,0,0,0,0,No Offer,6,Q2,24,2021
15-06-2021,23099072,3025665,404601,83981,234924,391319,299493,271396,0,412624,0,99082,0,361149,292218,179979,92325,229583,0,0,0,262240,0,0,0,0,0,No Offer,6,Q2,24,2021
16-06-2021,29980650,4799220,617573,260276,684798,810326,580925,648412,0,842756,0,130389,0,420635,453941,316495,188797,434592,0,0,0,428657,0,1,1,1,15,15% Discount,6,Q2,24,2021
17-06-2021,28163331,0,0,0,0,0,0,0,0,0,0,0,0,0,0,0,0,0,0,0,0,0,0,1,0,0,0,No Offer,6,Q2,24,2021
18-06-2021,26593657,0,0,0,0,0,0,0,0,0,0,0,0,0,0,0,0,0,0,0,0,0,0,0,1,1,5,5% Discount,6,Q2,24,2021
19-06-2021,28986232,2630359,415083,162857,616522,433198,338789,392257,0,752625,0,194135,0,704789,426058,240216,93056,270631,0,0,612815,233701,0,1,0,1,20,20% Discount,6,Q2,24,2021
20-06-2021,27267702,0,0,0,0,0,0,0,0,0,0,0,0,0,0,0,0,0,0,0,0,0,0,1,0,1,10,10% Discount,6,Q2,24,2021
21-06-2021,26981553,1975214,764433,415094,612244,1211402,896669,735915,0,1100782,0,144250,0,602775,595137,544447,188987,383950,0,0,464613,689697,0,0,1,1,15,15% Discount,6,Q2,25,2021
22-06-2021,23593201,3134227,666455,204215,420497,705837,521907,606483,0,627913,0,144076,0,793180,449399,298122,126447,324243,0,0,287222,634499,0,0,1,0,0,No Offer,6,Q2,25,2021
23-06-2021,28286696,0,0,0,0,0,0,0,0,0,0,0,0,0,0,0,0,0,0,0,0,0,0,0,1,1,20,20% Discount,6,Q2,25,2021
24-06-2021,25668661,0,0,0,0,0,0,0,0,0,0,0,0,0,0,0,0,0,0,0,0,0,0,0,1,0,0,No Offer,6,Q2,25,2021
25-06-2021,28006273,0,0,0,0,0,0,0,0,0,0,0,0,0,0,0,0,0,0,0,0,0,0,0,0,1,25,Buy3Get1,6,Q2,25,2021
26-06-2021,28399700,5299942,358471,275830,0,526083,668614,586336,0,748668,0,133412,1789718,825376,634859,442379,154482,417395,0,0,0,319390,274393,1,0,1,15,15% Discount,6,Q2,25,2021
27-06-2021,31877558,4277383,1186727,383656,0,994514,872036,732211,0,1275992,0,125378,1159830,579579,1074363,367781,241576,555814,0,0,0,504185,628846,1,1,1,5,5% Discount,6,Q2,25,2021
28-06-2021,22086337,0,0,0,0,0,0,0,0,0,0,0,0,0,0,0,0,0,0,0,0,0,0,0,1,0,0,No Offer,6,Q2,26,2021
29-06-2021,29672916,0,0,0,0,0,0,0,0,0,0,0,0,0,0,0,0,0,0,0,0,0,0,0,1,1,20,20% Discount,6,Q2,26,2021
30-06-2021,24905934,0,0,0,0,0,0,0,0,0,0,0,0,0,0,0,0,0,0,0,0,0,0,0,0,1,10,10% Discount,6,Q2,26,2021
01-07-2021,28270216,0,0,0,0,0,0,0,0,0,0,0,0,0,0,0,0,0,0,0,0,0,0,0,1,1,20,20% Discount,7,Q3,26,2021
02-07-2021,24486662,4551463,813384,376139,0,1293183,825911,635432,0,1060998,0,256766,0,1263225,841024,398051,139992,432796,110870,0,0,416557,0,0,0,0,0,No Offer,7,Q3,26,2021
03-07-2021,25540891,2873500,565737,447306,0,998353,718034,639432,0,699798,0,199834,0,708796,573731,300015,149634,391008,66472,0,0,654113,0,0,0,1,10,10% Discount,7,Q3,26,2021
04-07-2021,28934269,0,0,0,0,0,0,0,0,0,0,0,0,0,0,0,0,0,0,0,0,0,0,0,1,1,5,5% Discount,7,Q3,26,2021
05-07-2021,25217943,3106912,956597,147979,0,875762,770201,440906,0,1348779,0,127435,0,586850,575289,407132,139812,270572,58078,0,0,400703,0,0,0,0,0,No Offer,7,Q3,27,2021
06-07-2021,29919013,0,0,0,0,0,0,0,0,0,0,0,0,0,0,0,0,0,0,0,0,0,0,1,0,0,0,No Offer,7,Q3,27,2021
07-07-2021,26072322,3003820,865229,190844,0,677097,603590,540476,0,833802,0,161271,0,503109,574266,434573,100446,485612,89426,0,0,412558,0,1,0,0,0,No Offer,7,Q3,27,2021
08-07-2021,27024845,0,0,0,0,0,0,0,0,0,0,0,0,0,0,0,0,0,0,0,0,0,0,0,0,1,5,5% Discount,7,Q3,27,2021
09-07-2021,24085421,0,0,0,0,0,0,0,0,0,0,0,0,0,0,0,0,0,0,0,0,0,0,0,0,1,10,10% Discount,7,Q3,27,2021
10-07-2021,26680358,4130261,1070383,300442,0,872775,802549,689144,0,1068562,0,253851,0,633953,975987,458965,146133,656309,77829,0,0,0,0,1,0,0,0,No Offer,7,Q3,27,2021
11-07-2021,26111383,4498434,578015,372954,0,913163,675636,567181,0,1224996,0,223024,0,565529,708550,415521,142057,364511,50015,0,0,0,0,0,0,1,15,15% Discount,7,Q3,27,2021
12-07-2021,26840704,3407285,741390,232154,0,1259784,740253,505095,0,993094,0,192100,0,907887,722340,439966,183750,483826,60582,0,0,0,0,0,1,0,0,No Offer,7,Q3,28,2021
13-07-2021,27877918,3222479,663279,206511,0,811071,619578,371311,0,985217,0,159649,0,519029,501529,236137,121365,254012,62090,0,0,0,0,0,1,1,5,5% Discount,7,Q3,28,2021
14-07-2021,29646348,0,0,0,0,0,0,0,0,0,0,0,0,0,0,0,0,0,0,0,0,0,0,1,1,1,10,10% Discount,7,Q3,28,2021
15-07-2021,26935042,0,0,0,0,0,0,0,0,0,0,0,0,0,0,0,0,0,0,0,0,0,0,0,1,0,0,No Offer,7,Q3,28,2021
16-07-2021,28361323,5245077,1235833,0,0,1055131,960865,812673,0,692535,0,206138,0,582691,712955,390005,190482,450508,98789,0,0,0,0,1,1,0,0,No Offer,7,Q3,28,2021
17-07-2021,28708314,5581696,1401710,0,0,1289058,960278,1015613,0,1990346,0,501726,0,1169208,1090707,581144,188976,785229,148914,0,0,0,0,1,1,1,5,5% Discount,7,Q3,28,2021
18-07-2021,26860117,0,0,0,0,0,0,0,0,0,0,0,0,0,0,0,0,0,0,0,0,0,0,1,0,0,0,No Offer,7,Q3,28,2021
19-07-2021,26459646,3934013,762596,0,0,1035887,916865,798305,0,1159208,0,283242,0,1119642,718980,483990,136375,615285,101571,0,0,0,0,0,1,1,15,15% Discount,7,Q3,29,2021
20-07-2021,27372678,0,0,0,0,0,0,0,0,0,0,0,0,0,0,0,0,0,0,0,0,0,0,0,1,0,0,No Offer,7,Q3,29,2021
21-07-2021,28940829,0,0,0,0,0,0,0,0,0,0,0,0,0,0,0,0,0,0,0,0,0,0,1,0,1,10,10% Discount,7,Q3,29,2021
22-07-2021,28981699,0,0,0,0,0,0,0,0,0,0,0,0,0,0,0,0,0,0,0,0,0,0,1,1,0,0,No Offer,7,Q3,29,2021
23-07-2021,30047019,0,0,0,0,0,0,0,0,0,0,0,0,0,0,0,0,0,0,0,0,0,0,1,1,1,5,5% Discount,7,Q3,29,2021
24-07-2021,27441083,3056585,0,0,0,845169,652228,488436,0,616238,0,128225,583879,458236,427673,281558,140251,349381,77004,153337,437389,0,0,0,0,1,5,5% Discount,7,Q3,29,2021
25-07-2021,30522151,0,0,0,0,0,0,0,0,0,0,0,0,0,0,0,0,0,0,0,0,0,0,1,0,1,5,5% Discount,7,Q3,29,2021
26-07-2021,28041118,0,0,0,0,0,0,0,0,0,0,0,0,0,0,0,0,0,0,0,0,0,0,0,0,1,10,10% Discount,7,Q3,30,2021
27-07-2021,25808985,3887458,0,0,0,654556,449818,374440,0,409656,0,138544,1270338,416610,427801,225828,69357,382427,48011,159228,385673,0,0,0,1,0,0,No Offer,7,Q3,30,2021
28-07-2021,23310640,4287455,0,0,0,634237,1077433,643310,0,976506,0,313328,1292604,419472,522280,476277,98213,350282,71503,88460,316403,0,0,0,0,1,5,5% Discount,7,Q3,30,2021
29-07-2021,24001304,4725146,0,0,0,592659,460380,371797,0,758513,0,194101,0,350819,604647,270758,80792,281334,42717,177265,405779,0,207695,0,0,0,0,No Offer,7,Q3,30,2021
30-07-2021,25459055,0,0,0,0,0,0,0,0,0,0,0,0,0,0,0,0,0,0,0,0,0,0,0,0,1,5,5% Discount,7,Q3,30,2021
31-07-2021,28224531,3838863,0,0,0,543731,607111,500749,0,746295,0,247706,0,672491,518193,313368,112491,347003,89275,84765,381763,0,398314,1,0,0,0,No Offer,7,Q3,30,2021
01-08-2021,24955213,3810848,0,0,0,1411214,856386,700075,0,1306138,0,185857,0,773065,739896,407748,115472,418052,80312,272160,458823,0,427642,0,0,0,0,No Offer,8,Q3,30,2021
02-08-2021,22991188,3542378,0,0,0,817866,862599,778888,0,1140544,0,88918,0,561840,669325,403408,158562,396664,84708,166463,389426,0,345359,0,0,0,0,No Offer,8,Q3,31,2021
03-08-2021,27509785,0,0,0,0,0,0,0,0,0,0,0,0,0,0,0,0,0,0,0,0,0,0,0,0,1,20,20% Discount,8,Q3,31,2021
04-08-2021,26414304,0,0,0,0,0,0,0,0,0,0,0,0,0,0,0,0,0,0,0,0,0,0,1,0,0,0,No Offer,8,Q3,31,2021
05-08-2021,27323749,0,0,0,0,1943859,1652624,1369003,0,1837479,0,343839,0,0,2233858,1168198,351820,1068529,270246,0,804150,0,860498,0,1,0,0,No Offer,8,Q3,31,2021
06-08-2021,27365327,0,0,0,0,0,0,0,0,0,0,0,0,0,0,0,0,0,0,0,0,0,0,0,1,0,0,No Offer,8,Q3,31,2021
07-08-2021,32029080,0,0,0,0,0,0,0,0,0,0,0,0,0,0,0,0,0,0,0,0,0,0,1,0,1,15,15% Discount,8,Q3,31,2021
08-08-2021,24956893,0,0,0,0,1644360,1138808,978096,0,2007768,0,397978,0,0,1693847,790566,331447,980107,184175,0,908735,0,753902,0,0,0,0,No Offer,8,Q3,31,2021
09-08-2021,24065875,0,0,0,0,1990843,1321812,1270814,0,2393455,0,428971,0,0,2047050,797873,264844,959806,200313,0,1311886,0,688934,1,0,0,0,No Offer,8,Q3,32,2021
10-08-2021,21979814,0,0,0,0,1546768,1042162,975123,0,1532380,0,339871,0,0,898592,534479,257590,774932,170635,0,923862,0,773939,0,0,0,0,No Offer,8,Q3,32,2021
11-08-2021,26260035,0,0,0,0,0,0,0,0,0,0,0,0,0,0,0,0,0,0,0,0,0,0,0,0,1,10,10% Discount,8,Q3,32,2021
12-08-2021,26641161,0,0,0,0,0,0,0,0,0,0,0,0,0,0,0,0,0,0,0,0,0,0,0,1,0,0,No Offer,8,Q3,32,2021
13-08-2021,38277430,0,703402,0,0,1051994,838700,425319,0,1835541,0,261945,3928437,0,804282,543476,179799,803372,146974,0,616128,0,447659,1,1,1,25,Buy3Get1,8,Q3,32,2021
14-08-2021,24642576,0,1802539,0,0,1350356,1150577,837977,0,1638677,0,259635,2425083,0,843468,690615,293818,537327,215223,0,1430955,0,518047,0,0,0,0,No Offer,8,Q3,32,2021
15-08-2021,25939168,0,0,0,0,0,0,0,0,0,0,0,0,0,0,0,0,0,0,0,0,0,0,0,1,1,5,5% Discount,8,Q3,32,2021
16-08-2021,27548021,0,1848621,0,0,2295007,1642548,1282624,0,1514067,0,473297,2329742,0,1625521,728556,338606,907608,153723,0,882179,0,666860,0,0,1,10,10% Discount,8,Q3,33,2021
17-08-2021,32018656,0,1972012,0,0,1368543,1242554,1177392,0,1131065,0,212986,3447840,0,1414534,849132,329338,916121,182584,0,1322187,0,576751,1,1,1,10,10% Discount,8,Q3,33,2021
18-08-2021,25861116,0,940332,0,0,821381,606311,567673,0,1060407,0,221725,2105858,0,638180,376948,106665,385585,112557,0,431905,0,182397,0,0,1,10,10% Discount,8,Q3,33,2021
19-08-2021,23935413,0,0,0,0,0,0,0,0,0,0,0,0,0,0,0,0,0,0,0,0,0,0,0,1,0,0,No Offer,8,Q3,33,2021
20-08-2021,25654197,0,0,0,0,0,0,0,0,0,0,0,0,0,0,0,0,0,0,0,0,0,0,0,0,1,5,5% Discount,8,Q3,33,2021
21-08-2021,26871866,3888726,0,0,0,1127314,801463,609311,0,704416,0,308674,1287369,0,715597,466074,168537,331924,83073,136454,560612,0,383075,0,0,1,10,10% Discount,8,Q3,33,2021
22-08-2021,25849138,4419788,0,0,0,585617,614811,618006,0,743427,0,273239,2219786,0,513776,418048,148432,361080,88367,183982,524773,0,311539,1,0,0,0,No Offer,8,Q3,33,2021
23-08-2021,33502381,4310493,0,0,0,962229,533124,494903,0,1248808,0,246547,2729152,0,731914,312325,220529,551922,117732,173911,673434,0,358894,1,1,1,10,10% Discount,8,Q3,34,2021
24-08-2021,30864083,6274951,0,0,0,1032731,694988,640340,0,1171001,0,160080,1957597,0,754228,274134,128008,504160,114320,95785,575982,0,538868,1,1,0,0,No Offer,8,Q3,34,2021
25-08-2021,27580850,5565963,0,0,0,746569,743480,502865,0,1299509,0,159790,1246318,0,560316,292327,130647,473709,120600,216948,1055260,0,446096,1,0,0,0,No Offer,8,Q3,34,2021
26-08-2021,26539165,0,0,0,0,0,0,0,0,0,0,0,0,0,0,0,0,0,0,0,0,0,0,0,1,0,0,No Offer,8,Q3,34,2021
27-08-2021,25952345,3837215,0,0,0,1547008,1275103,927800,0,1851197,0,340294,1965024,0,1319513,854284,289026,613575,151807,271160,0,733362,0,0,0,0,0,No Offer,8,Q3,34,2021
28-08-2021,34007383,5265892,0,0,0,1343793,1031084,1060988,0,1705110,0,392014,1959298,0,1148416,761245,221025,808230,227817,282967,0,843467,0,1,1,1,15,15% Discount,8,Q3,34,2021
29-08-2021,26351409,0,0,0,0,0,0,0,0,0,0,0,0,0,0,0,0,0,0,0,0,0,0,1,0,0,0,No Offer,8,Q3,34,2021
30-08-2021,27264585,2439210,0,0,0,685497,560146,613072,0,443065,0,237899,2283883,0,731658,299276,231306,571163,79364,147688,0,981775,0,0,1,1,5,5% Discount,8,Q3,35,2021
31-08-2021,31938328,0,0,0,0,0,0,0,0,0,0,0,0,0,0,0,0,0,0,0,0,0,0,1,1,1,5,5% Discount,8,Q3,35,2021
01-09-2021,24924202,3222308,0,0,0,1181777,948752,699580,0,823114,0,82804,1217707,0,670001,403603,208130,448168,112119,231783,0,432938,0,0,1,1,5,5% Discount,9,Q3,35,2021
02-09-2021,23861770,3703876,0,0,0,709975,534138,432645,0,574259,0,142116,1612485,0,781914,383650,146680,382671,88039,95244,0,0,0,0,0,0,0,No Offer,9,Q3,35,2021
03-09-2021,33099226,4431295,0,0,0,1070295,683565,765983,0,1382447,0,103264,2118475,0,682246,527419,134994,715838,147975,145023,0,0,0,1,1,1,5,5% Discount,9,Q3,35,2021
04-09-2021,31624314,0,0,0,0,0,0,0,0,0,0,0,0,0,0,0,0,0,0,0,0,0,0,0,1,1,10,10% Discount,9,Q3,35,2021
05-09-2021,27903620,0,0,0,0,0,0,0,0,0,0,0,0,0,0,0,0,0,0,0,0,0,0,0,0,1,5,5% Discount,9,Q3,35,2021
06-09-2021,29835832,0,0,0,0,0,0,0,0,0,0,0,0,0,0,0,0,0,0,0,0,0,0,1,0,0,0,No Offer,9,Q3,36,2021
07-09-2021,27521873,4569359,0,0,0,734568,493520,592205,0,556717,0,146816,997662,0,628931,353115,159333,458700,70844,173083,0,0,0,0,1,0,0,No Offer,9,Q3,36,2021
08-09-2021,26574894,0,0,0,0,0,0,0,0,0,0,0,0,0,0,0,0,0,0,0,0,0,0,0,0,1,15,15% Discount,9,Q3,36,2021
09-09-2021,28071902,0,0,0,0,0,0,0,0,0,0,0,0,0,0,0,0,0,0,0,0,0,0,0,1,1,5,5% Discount,9,Q3,36,2021
10-09-2021,26936031,6775669,0,0,0,1246876,887460,687854,0,948057,0,286574,2105469,0,584655,504149,195941,732152,112296,204900,749285,0,278889,1,1,0,0,No Offer,9,Q3,36,2021
11-09-2021,32985829,5824320,0,0,0,976844,800237,434842,0,1290746,0,220240,1105316,0,648666,355721,121574,396279,90054,105007,433162,0,359712,1,1,0,0,No Offer,9,Q3,36,2021
12-09-2021,24058050,3955329,0,0,0,699159,693204,619600,0,693879,0,187769,1055989,0,626250,322400,136091,412122,110538,148408,265447,0,494848,0,0,0,0,No Offer,9,Q3,36,2021
13-09-2021,25470742,0,0,0,0,0,0,0,0,0,0,0,0,0,0,0,0,0,0,0,0,0,0,0,0,1,5,5% Discount,9,Q3,37,2021
14-09-2021,32550722,0,0,0,0,0,0,0,0,0,0,0,0,0,0,0,0,0,0,0,0,0,0,1,0,1,10,10% Discount,9,Q3,37,2021
15-09-2021,25669603,0,0,0,0,0,0,0,0,0,0,0,0,0,0,0,0,0,0,0,0,0,0,0,1,1,5,5% Discount,9,Q3,37,2021
16-09-2021,30702061,5226905,0,0,0,989277,671552,569634,0,1306903,0,176682,1034020,0,543092,444161,142548,475373,105132,220925,761693,0,380957,1,1,1,10,10% Discount,9,Q3,37,2021
17-09-2021,27774649,0,0,0,0,0,0,0,0,0,0,0,0,0,0,0,0,0,0,0,0,0,0,0,1,0,0,No Offer,9,Q3,37,2021
18-09-2021,29235417,0,0,0,0,0,0,0,0,0,0,0,0,0,0,0,0,0,0,0,0,0,0,1,0,0,0,No Offer,9,Q3,37,2021
19-09-2021,27222701,0,0,0,0,0,0,0,0,0,0,0,0,0,0,0,0,0,0,0,0,0,0,0,1,0,0,No Offer,9,Q3,37,2021
20-09-2021,29461091,3957384,0,0,0,998319,542492,477256,0,577460,0,178208,1568916,0,538292,358286,161585,309712,76710,204921,337116,0,342288,0,1,1,10,10% Discount,9,Q3,38,2021
21-09-2021,31737089,6180142,0,0,0,1102961,886867,973650,0,1251770,0,273518,1840407,0,777122,565138,231093,876370,216210,239942,881401,0,378301,1,0,1,5,5% Discount,9,Q3,38,2021
22-09-2021,28392206,3758056,0,0,0,1125386,580705,480537,0,659405,0,185447,1000949,0,684063,394531,128073,299634,80026,238537,371281,0,198774,0,1,0,0,No Offer,9,Q3,38,2021
23-09-2021,28173107,0,0,0,0,0,0,0,0,0,0,0,0,0,0,0,0,0,0,0,0,0,0,0,1,0,0,No Offer,9,Q3,38,2021
24-09-2021,26505779,2778076,0,0,0,771736,499217,464093,0,831941,0,155296,608505,0,490566,321920,112480,301307,90606,121623,494487,0,384896,0,0,0,0,No Offer,9,Q3,38,2021
25-09-2021,25867560,0,0,0,0,0,0,0,0,0,0,0,0,0,0,0,0,0,0,0,0,0,0,0,0,1,5,5% Discount,9,Q3,38,2021
26-09-2021,28634899,3256159,0,0,0,835588,523386,500446,0,651082,0,122936,1195225,0,571865,412723,152948,353123,115764,116567,220322,0,431649,0,0,0,0,No Offer,9,Q3,38,2021
27-09-2021,22699762,3416514,0,0,0,1044648,582238,609450,0,1267064,0,118165,1773358,0,788157,459963,151974,427013,103642,166898,324583,0,323268,0,0,1,5,5% Discount,9,Q3,39,2021
28-09-2021,30859358,3841558,0,0,0,762637,734878,641175,0,1389021,0,172813,2421694,0,649233,295289,114739,564537,126554,122115,522088,0,395285,1,0,0,0,No Offer,9,Q3,39,2021
29-09-2021,33601477,5032665,0,0,0,1585339,861641,859040,0,1179309,0,184764,2282656,0,900997,448646,201184,475982,116737,322163,451887,0,365798,1,1,1,5,5% Discount,9,Q3,39,2021
30-09-2021,25718976,0,0,0,0,1730227,973715,976763,0,1794490,0,249038,1602689,0,1112125,615206,322580,778095,227368,340641,850303,826860,1153262,0,0,0,0,No Offer,9,Q3,39,2021
01-10-2021,29285379,0,0,0,0,0,0,0,0,0,0,0,0,0,0,0,0,0,0,0,0,0,0,0,1,0,0,No Offer,10,Q4,39,2021
02-10-2021,27806652,0,0,0,0,1558745,1209869,964565,0,1382081,0,575210,2603642,0,1130727,684539,208674,621359,219150,538697,870728,768407,528390,0,0,1,5,5% Discount,10,Q4,39,2021
03-10-2021,32324161,0,0,0,0,0,0,0,0,0,0,0,0,0,0,0,0,0,0,0,0,0,0,0,1,1,5,5% Discount,10,Q4,39,2021
04-10-2021,28006777,0,0,0,0,0,0,0,0,0,0,0,0,0,0,0,0,0,0,0,0,0,0,0,0,1,5,5% Discount,10,Q4,40,2021
05-10-2021,30113743,0,0,0,0,0,0,0,0,0,0,0,0,0,0,0,0,0,0,0,0,0,0,0,1,1,10,10% Discount,10,Q4,40,2021
06-10-2021,30737268,0,0,0,0,0,0,0,0,0,0,0,0,0,0,0,0,0,0,0,0,0,0,0,0,1,10,10% Discount,10,Q4,40,2021
07-10-2021,29569305,5274274,0,0,476007,659995,491356,361180,0,701841,0,142503,0,0,521156,314544,95155,236880,75067,0,439001,288744,354870,0,0,0,0,No Offer,10,Q4,40,2021
08-10-2021,28887477,0,0,0,0,0,0,0,0,0,0,0,0,0,0,0,0,0,0,0,0,0,0,1,0,1,10,10% Discount,10,Q4,40,2021
09-10-2021,33292488,0,0,0,0,0,0,0,0,0,0,0,0,0,0,0,0,0,0,0,0,0,0,0,1,0,0,No Offer,10,Q4,40,2021
10-10-2021,26342543,0,0,0,0,0,0,0,0,0,0,0,0,0,0,0,0,0,0,0,0,0,0,0,0,1,5,5% Discount,10,Q4,40,2021
11-10-2021,25455637,4217443,0,0,392179,681827,625836,801431,0,738091,0,216571,0,0,773496,377712,133975,437364,151058,0,545336,583669,299484,0,0,0,0,No Offer,10,Q4,41,2021
12-10-2021,31445516,6185280,0,0,652346,1139493,899883,789880,0,1163765,0,218381,0,0,954900,433742,210684,524666,213065,0,1129138,853992,561689,1,1,1,5,5% Discount,10,Q4,41,2021
13-10-2021,30260708,0,0,0,0,0,0,0,0,0,0,0,0,0,0,0,0,0,0,0,0,0,0,1,0,0,0,No Offer,10,Q4,41,2021
14-10-2021,33794302,4554133,1504042,0,0,775683,530420,489631,0,888602,0,197521,0,0,648655,374915,176340,502183,147171,0,353752,478565,433706,1,1,1,15,15% Discount,10,Q4,41,2021
15-10-2021,30414531,5399418,773719,0,0,926736,760362,676492,0,594966,0,153559,0,0,821101,331914,218287,494558,185092,0,783021,398358,293215,1,1,0,0,No Offer,10,Q4,41,2021
16-10-2021,29017284,0,0,0,0,0,0,0,0,0,0,0,0,0,0,0,0,0,0,0,0,0,0,1,0,0,0,No Offer,10,Q4,41,2021
17-10-2021,30522060,0,0,0,0,0,0,0,0,0,0,0,0,0,0,0,0,0,0,0,0,0,0,1,0,0,0,No Offer,10,Q4,41,2021
18-10-2021,33156041,0,0,0,0,0,0,0,0,0,0,0,0,0,0,0,0,0,0,0,0,0,0,1,0,1,10,10% Discount,10,Q4,42,2021
19-10-2021,32531037,0,0,0,0,0,0,0,0,0,0,0,0,0,0,0,0,0,0,0,0,0,0,1,0,0,0,No Offer,10,Q4,42,2021
20-10-2021,32492232,0,0,0,0,0,0,0,0,0,0,0,0,0,0,0,0,0,0,0,0,0,0,1,0,0,0,No Offer,10,Q4,42,2021
21-10-2021,36000894,7010231,1648621,0,0,885147,978775,556254,0,1027789,0,345024,0,0,778147,698973,167888,833473,136633,261400,0,378324,750775,1,0,1,15,15% Discount,10,Q4,42,2021
22-10-2021,28744866,3662681,1028545,0,0,1354955,1225099,836142,0,856626,0,148625,0,0,963883,504986,188898,559642,143747,174206,0,1348475,897018,0,1,0,0,No Offer,10,Q4,42,2021
23-10-2021,25017401,0,0,0,0,0,0,0,0,0,0,0,0,0,0,0,0,0,0,0,0,0,0,0,0,1,5,5% Discount,10,Q4,42,2021
24-10-2021,26904133,0,0,0,0,0,0,0,0,0,0,0,0,0,0,0,0,0,0,0,0,0,0,1,0,0,0,No Offer,10,Q4,42,2021
25-10-2021,34714737,6183002,1233039,0,0,790810,757775,487830,0,720544,0,186206,0,0,469712,487834,118673,467967,181449,187056,0,531694,305761,1,1,0,0,No Offer,10,Q4,43,2021
26-10-2021,34376462,0,0,0,0,0,0,0,0,0,0,0,0,0,0,0,0,0,0,0,0,0,0,1,1,0,0,No Offer,10,Q4,43,2021
27-10-2021,31512259,4337995,1512857,0,0,955604,756113,453392,0,1387195,0,167390,0,0,691620,492165,217881,777146,177516,154767,0,1059632,364732,1,0,1,10,10% Discount,10,Q4,43,2021
28-10-2021,29897186,4964419,554362,272981,0,775508,507438,446490,0,539564,236982,107336,0,0,437261,262785,102523,410160,124737,115220,484629,299601,316645,1,1,0,0,No Offer,10,Q4,43,2021
29-10-2021,27386526,0,0,0,0,0,0,0,0,0,0,0,0,0,0,0,0,0,0,0,0,0,0,0,0,1,10,10% Discount,10,Q4,43,2021
30-10-2021,30625400,6228262,920738,362253,0,556979,609560,692739,0,928425,390599,150519,0,0,550213,421556,119842,418720,101821,224609,711277,398150,190423,1,0,0,0,No Offer,10,Q4,43,2021
31-10-2021,29537692,0,0,0,0,0,0,0,0,0,0,0,0,0,0,0,0,0,0,0,0,0,0,0,1,0,0,No Offer,10,Q4,43,2021
01-11-2021,31869498,0,0,0,0,0,0,0,0,0,0,0,0,0,0,0,0,0,0,0,0,0,0,0,1,0,0,No Offer,11,Q4,44,2021
02-11-2021,33995443,0,0,0,0,0,0,0,0,0,0,0,0,0,0,0,0,0,0,0,0,0,0,1,1,1,5,5% Discount,11,Q4,44,2021
03-11-2021,29559759,3690148,389630,210396,0,452957,368093,270094,0,344771,240813,67380,0,0,324391,216750,82298,194610,55183,58725,306851,382340,241779,0,1,0,0,No Offer,11,Q4,44,2021
04-11-2021,32027538,0,0,0,0,0,0,0,0,0,0,0,0,0,0,0,0,0,0,0,0,0,0,0,0,1,10,10% Discount,11,Q4,44,2021
05-11-2021,27148486,0,0,0,0,0,0,0,0,0,0,0,0,0,0,0,0,0,0,0,0,0,0,1,0,0,0,No Offer,11,Q4,44,2021
06-11-2021,28313932,2791265,716566,176084,0,516122,373803,215645,0,483370,98577,121765,812632,0,530076,139194,65286,214367,71261,0,192064,206710,0,0,0,0,0,No Offer,11,Q4,44,2021
07-11-2021,32937515,3528174,1172480,261688,0,832962,478297,334634,0,631416,214530,74194,1538317,0,502383,394855,104789,613836,95949,0,272135,555041,0,1,1,0,0,No Offer,11,Q4,44,2021
08-11-2021,28978398,1374340,478234,141103,0,673300,444434,427777,0,575387,173418,89365,1168806,0,519585,305189,129391,275514,79609,0,313563,419354,0,0,0,0,0,No Offer,11,Q4,45,2021
09-11-2021,34651848,4909160,803038,187248,0,464763,410259,425053,0,733125,193943,134715,869515,0,440146,292177,100582,397230,108662,0,329200,652426,0,1,1,0,0,No Offer,11,Q4,45,2021
10-11-2021,28764650,0,0,0,0,0,0,0,0,0,0,0,0,0,0,0,0,0,0,0,0,0,0,0,0,1,10,10% Discount,11,Q4,45,2021
11-11-2021,28029693,0,0,0,0,0,0,0,0,0,0,0,0,0,0,0,0,0,0,0,0,0,0,0,0,1,5,5% Discount,11,Q4,45,2021
12-11-2021,26835940,3492648,508445,142167,579638,643093,514064,603566,0,827618,272945,71459,1627033,0,481026,447603,124164,307703,106745,100313,424741,414562,0,1,0,0,0,No Offer,11,Q4,45,2021
13-11-2021,36549657,0,0,0,0,0,0,0,0,0,0,0,0,0,0,0,0,0,0,0,0,0,0,1,1,1,5,5% Discount,11,Q4,45,2021
14-11-2021,31590350,0,0,0,0,0,0,0,0,0,0,0,0,0,0,0,0,0,0,0,0,0,0,0,0,1,15,15% Discount,11,Q4,45,2021
15-11-2021,34964343,0,0,0,0,0,0,0,0,0,0,0,0,0,0,0,0,0,0,0,0,0,0,0,0,1,20,20% Discount,11,Q4,46,2021
16-11-2021,30488612,2597282,730645,272532,762174,1044912,807911,657432,0,1040075,669079,286234,1150696,0,934600,420191,181420,591807,117141,225621,594541,436533,0,0,1,1,5,5% Discount,11,Q4,46,2021
17-11-2021,32860071,2612003,734872,281427,548656,605877,591916,488918,0,600717,214878,142789,1129122,0,409952,278410,116699,493001,115131,86096,302251,349261,0,1,0,0,0,No Offer,11,Q4,46,2021
18-11-2021,27071660,2956944,577878,318515,834945,1241686,777892,554740,0,1134466,447904,228446,1031816,0,578717,429614,215639,390849,123066,151162,565818,0,0,0,0,1,5,5% Discount,11,Q4,46,2021
19-11-2021,26100593,2971825,944638,161143,1141151,603249,593818,408424,0,603806,211625,98517,1203847,0,575391,258458,107452,515078,116544,49331,435837,0,0,1,0,0,0,No Offer,11,Q4,46,2021
20-11-2021,29876663,4070807,825150,370790,697348,1381921,910550,584021,0,1025951,368797,127788,1056032,0,720569,398377,154097,405265,96580,279534,412037,0,0,0,1,0,0,No Offer,11,Q4,46,2021
21-11-2021,32511537,0,0,0,0,0,0,0,0,0,0,0,0,0,0,0,0,0,0,0,0,0,0,1,1,0,0,No Offer,11,Q4,46,2021
22-11-2021,29200791,0,0,0,0,0,0,0,0,0,0,0,0,0,0,0,0,0,0,0,0,0,0,1,0,0,0,No Offer,11,Q4,47,2021
23-11-2021,34162199,2923699,1015537,132783,559660,640808,392561,269962,0,747814,307752,167956,1536707,0,410083,308904,101029,342172,134582,218272,395054,0,0,1,0,1,5,5% Discount,11,Q4,47,2021
24-11-2021,33431413,2965860,751426,181558,297752,656489,353233,345196,0,598100,431670,96219,2170322,0,419425,266311,93092,403797,102014,177531,545641,0,0,1,0,0,0,No Offer,11,Q4,47,2021
25-11-2021,36592010,4759416,568773,0,1036286,693543,587262,475728,0,709966,209249,177384,0,0,611215,260308,94333,406684,130577,136500,580040,0,200938,1,1,1,10,10% Discount,11,Q4,47,2021
26-11-2021,33302950,2245026,502152,0,774054,632066,517162,411487,0,674543,301538,95865,0,0,516613,397275,91112,432316,110369,113666,398982,0,252579,1,1,0,0,No Offer,11,Q4,47,2021
27-11-2021,31297741,3362926,849819,0,492249,551281,369936,476211,0,779561,343485,89248,0,0,413264,181210,97670,244501,110010,112979,396508,0,232607,1,0,0,0,No Offer,11,Q4,47,2021
28-11-2021,33653015,0,0,0,0,0,0,0,0,0,0,0,0,0,0,0,0,0,0,0,0,0,0,1,1,1,5,5% Discount,11,Q4,47,2021
29-11-2021,38686804,3014580,1051550,0,225001,852999,410601,429749,0,1475473,321396,70193,0,0,510634,263657,111649,447881,104254,72216,451052,0,324929,1,0,1,25,Buy3Get1,11,Q4,48,2021
30-11-2021,25275454,2366755,770582,0,397630,978644,601727,528083,0,784274,363808,175392,0,0,623936,268571,126403,426290,106440,101179,500193,0,234968,0,0,0,0,No Offer,11,Q4,48,2021
01-12-2021,27602765,2762551,368172,0,359867,556058,394714,288240,0,371565,407798,99827,0,0,421488,252905,107832,202312,95529,70046,435948,0,255834,0,0,0,0,No Offer,12,Q4,48,2021
02-12-2021,28104260,2922833,943797,335029,374838,1311475,732466,530513,0,1147681,344730,305753,0,0,638981,417484,236852,318097,169583,265857,762801,0,421500,0,0,0,0,No Offer,12,Q4,48,2021
03-12-2021,30466255,2188212,711850,392318,489408,1009471,563860,446888,0,1474912,411407,141769,0,0,843503,378823,139196,349064,130156,162264,522969,0,386226,0,0,0,0,No Offer,12,Q4,48,2021
04-12-2021,30133975,0,0,0,0,0,0,0,0,0,0,0,0,0,0,0,0,0,0,0,0,0,0,0,0,1,5,5% Discount,12,Q4,48,2021
05-12-2021,34476114,0,0,0,0,0,0,0,0,0,0,0,0,0,0,0,0,0,0,0,0,0,0,0,1,0,0,No Offer,12,Q4,48,2021
06-12-2021,34651405,4639364,986662,211940,669239,751893,631760,532589,0,878909,189499,139033,0,0,492690,334786,157261,352262,128988,182340,790801,0,339672,1,0,0,0,No Offer,12,Q4,49,2021
07-12-2021,29224050,0,0,0,0,0,0,0,0,0,0,0,0,0,0,0,0,0,0,0,0,0,0,0,0,1,5,5% Discount,12,Q4,49,2021
08-12-2021,33095219,0,0,0,0,0,0,0,0,0,0,0,0,0,0,0,0,0,0,0,0,0,0,0,1,0,0,No Offer,12,Q4,49,2021
09-12-2021,32257468,0,0,0,0,0,0,0,0,0,0,0,0,0,0,0,0,0,0,0,0,0,0,1,0,0,0,No Offer,12,Q4,49,2021
10-12-2021,32794750,0,0,0,0,0,0,0,0,0,0,0,0,0,0,0,0,0,0,0,0,0,0,0,0,1,10,10% Discount,12,Q4,49,2021
11-12-2021,31039148,2789681,680407,349910,556107,673143,518937,348844,0,525748,349021,119694,0,0,435001,345946,140906,271485,87081,79482,0,870655,219959,0,0,0,0,No Offer,12,Q4,49,2021
12-12-2021,39523619,4632167,1186481,444800,562031,781107,962105,835563,0,606690,776859,182168,0,0,498496,388385,164196,655697,196110,156757,0,616754,518425,1,0,1,15,15% Discount,12,Q4,49,2021
13-12-2021,36159217,0,0,0,0,0,0,0,0,0,0,0,0,0,0,0,0,0,0,0,0,0,0,1,1,0,0,No Offer,12,Q4,50,2021
14-12-2021,39159822,4553293,797041,316453,1011448,771842,732228,623583,0,817111,496946,174929,0,0,654978,327154,155226,622165,203581,156967,0,910532,233054,1,1,0,0,No Offer,12,Q4,50,2021
15-12-2021,39613365,4631203,2055723,353309,735704,1026842,699490,799871,0,904347,547938,277293,0,0,726885,459439,212595,499782,224598,105707,0,937790,600273,1,1,1,10,10% Discount,12,Q4,50,2021
16-12-2021,36025804,0,0,0,0,0,0,0,0,0,0,0,0,0,0,0,0,0,0,0,0,0,0,1,1,0,0,No Offer,12,Q4,50,2021
17-12-2021,29010315,4462517,413837,321770,678815,1216060,940434,530922,0,874747,356871,207843,0,0,522198,457061,173981,596010,121219,190872,0,748740,0,0,0,0,0,No Offer,12,Q4,50,2021
18-12-2021,30704504,4104547,724218,263317,670733,881154,604933,550945,0,925627,549944,177198,0,0,821539,646926,156897,387073,114983,148029,0,361884,0,0,1,0,0,No Offer,12,Q4,50,2021
19-12-2021,36646845,6380906,1279942,132278,682836,412313,577387,483457,0,662044,310093,176195,0,0,502821,268553,101943,292808,138011,130647,0,630995,0,1,0,1,10,10% Discount,12,Q4,50,2021
20-12-2021,29733601,4596515,701438,262764,661680,874324,647572,473339,0,495595,766855,144156,0,0,707616,421122,125806,394993,93104,164666,0,502041,0,0,0,0,0,No Offer,12,Q4,51,2021
21-12-2021,36312512,2648722,714464,560941,924790,794118,622144,466535,0,1547849,317695,192392,0,0,512443,282488,106311,452078,141831,111970,0,775234,0,1,1,0,0,No Offer,12,Q4,51,2021
22-12-2021,34062713,0,0,0,0,0,0,0,0,0,0,0,0,0,0,0,0,0,0,0,0,0,0,1,0,0,0,No Offer,12,Q4,51,2021
23-12-2021,36022083,0,0,0,0,0,0,0,0,0,0,0,0,0,0,0,0,0,0,0,0,0,0,0,0,1,25,Buy3Get1,12,Q4,51,2021
24-12-2021,41686475,0,0,0,0,0,0,0,0,0,0,0,0,0,0,0,0,0,0,0,0,0,0,1,1,1,5,5% Discount,12,Q4,51,2021
25-12-2021,30922681,0,0,0,0,0,0,0,0,0,0,0,0,0,0,0,0,0,0,0,0,0,0,0,1,0,0,No Offer,12,Q4,51,2021
26-12-2021,38056710,0,0,0,0,0,0,0,0,0,0,0,0,0,0,0,0,0,0,0,0,0,0,1,0,1,15,15% Discount,12,Q4,51,2021
27-12-2021,31503924,0,0,0,0,0,0,0,0,0,0,0,0,0,0,0,0,0,0,0,0,0,0,0,1,0,0,No Offer,12,Q4,52,2021
28-12-2021,26217268,4859662,0,254808,705443,918602,735417,905490,0,1097993,0,192619,0,0,875204,549707,173860,626561,184999,241723,0,900872,0,0,0,1,5,5% Discount,12,Q4,52,2021
29-12-2021,32744883,0,0,0,0,0,0,0,0,0,0,0,0,0,0,0,0,0,0,0,0,0,0,1,0,0,0,No Offer,12,Q4,52,2021
30-12-2021,31270854,3771778,0,247902,811798,910657,846159,667159,0,1132689,0,259514,0,0,646235,376826,122054,588304,233949,134663,0,577842,0,1,0,0,0,No Offer,12,Q4,52,2021
31-12-2021,35643045,4818588,0,541310,628223,1481503,1242522,863515,0,1072064,0,362503,0,0,1087486,433934,222801,599458,199803,281889,0,944605,0,0,1,1,15,15% Discount,12,Q4,52,2021
01-01-2022,25360350,3645504,0,423938,552049,1375004,641938,812949,0,1278817,0,202600,0,0,767468,423021,117423,541679,178497,274560,0,953031,0,0,1,1,10,10% Discount,1,Q1,52,2022
02-01-2022,25027717,4179364,0,568375,1293667,1272977,1042181,870539,0,1986888,0,174878,0,0,890896,615395,176109,631329,215714,98188,0,655129,0,0,1,1,5,5% Discount,1,Q1,52,2022
03-01-2022,26452939,5198988,0,250558,726529,1145372,725004,536437,0,1172234,0,274667,0,0,841848,412387,179474,480031,336642,160770,0,624502,0,1,0,1,15,15% Discount,1,Q1,1,2022
04-01-2022,23872023,0,0,0,0,0,0,0,0,0,0,0,0,0,0,0,0,0,0,0,0,0,0,0,1,1,5,5% Discount,1,Q1,1,2022
05-01-2022,25425065,0,0,0,0,0,0,0,0,0,0,0,0,0,0,0,0,0,0,0,0,0,0,1,0,0,0,No Offer,1,Q1,1,2022
06-01-2022,26077365,4813516,0,0,869318,1031296,624779,544175,0,1076335,0,194265,0,0,630467,360703,137553,447705,224291,186551,0,0,0,1,1,1,5,5% Discount,1,Q1,1,2022
07-01-2022,23448884,0,0,0,0,0,0,0,0,0,0,0,0,0,0,0,0,0,0,0,0,0,0,1,0,1,10,10% Discount,1,Q1,1,2022
08-01-2022,22876366,0,0,0,0,0,0,0,0,0,0,0,0,0,0,0,0,0,0,0,0,0,0,0,0,1,5,5% Discount,1,Q1,1,2022
09-01-2022,28054818,5012178,0,0,836441,1253081,980173,1176033,0,1540206,0,309741,0,0,940203,815773,283381,850766,288696,273050,0,0,0,1,0,1,10,10% Discount,1,Q1,1,2022
10-01-2022,28551865,7454248,0,0,686339,1082656,747881,759274,0,777823,0,177999,0,0,591423,355382,167560,530573,235258,222547,0,0,0,1,1,1,5,5% Discount,1,Q1,2,2022
11-01-2022,27709384,5977976,0,0,796631,840898,845988,651114,0,1340196,0,206351,0,0,656062,330694,99214,587528,180398,114265,0,0,0,1,1,1,5,5% Discount,1,Q1,2,2022
12-01-2022,26322359,5033984,0,0,945246,1423358,1395901,950744,0,1737686,0,295007,0,0,936818,652996,287529,738787,349872,322660,0,0,0,0,1,1,5,5% Discount,1,Q1,2,2022
13-01-2022,28082995,3326261,2548779,0,1236678,1480280,665926,819008,0,1127882,0,459200,0,0,1101120,602095,237659,919524,356928,0,0,0,0,1,1,0,0,No Offer,1,Q1,2,2022
14-01-2022,23934992,3844626,967925,0,984920,1415676,995398,632943,0,1246887,0,231287,0,0,817474,480485,221709,544450,258920,0,0,0,0,1,0,0,0,No Offer,1,Q1,2,2022
15-01-2022,23014486,3998802,835388,0,408968,614794,404318,419511,0,405941,0,177540,0,0,637862,301519,81284,256639,105465,0,0,0,0,0,0,1,5,5% Discount,1,Q1,2,2022
16-01-2022,23962572,0,0,0,0,0,0,0,0,0,0,0,0,0,0,0,0,0,0,0,0,0,0,0,1,0,0,No Offer,1,Q1,2,2022
17-01-2022,26243523,0,0,0,0,0,0,0,0,0,0,0,0,0,0,0,0,0,0,0,0,0,0,1,1,0,0,No Offer,1,Q1,3,2022
18-01-2022,25159657,0,0,0,0,0,0,0,0,0,0,0,0,0,0,0,0,0,0,0,0,0,0,0,1,0,0,No Offer,1,Q1,3,2022
19-01-2022,21614510,2711015,560528,0,391122,1148347,607957,616518,0,910962,0,181349,0,0,649212,344493,153673,427865,150531,0,0,0,0,0,0,0,0,No Offer,1,Q1,3,2022
20-01-2022,22853707,0,0,0,0,0,0,0,0,0,0,0,0,0,0,0,0,0,0,0,0,0,0,0,0,1,10,10% Discount,1,Q1,3,2022
21-01-2022,20636251,0,0,0,0,0,0,0,0,0,0,0,0,0,0,0,0,0,0,0,0,0,0,1,0,0,0,No Offer,1,Q1,3,2022
22-01-2022,22436598,0,0,0,0,0,0,0,0,0,0,0,0,0,0,0,0,0,0,0,0,0,0,0,1,0,0,No Offer,1,Q1,3,2022
23-01-2022,21707469,0,0,0,0,0,0,0,0,0,0,0,0,0,0,0,0,0,0,0,0,0,0,0,1,0,0,No Offer,1,Q1,3,2022
24-01-2022,24383453,3862427,1174375,265045,0,1763924,570964,626758,0,1089496,458804,145471,0,0,857120,511865,217458,651377,193435,287001,0,0,0,1,0,0,0,No Offer,1,Q1,4,2022
25-01-2022,25318940,0,0,0,0,0,0,0,0,0,0,0,0,0,0,0,0,0,0,0,0,0,0,1,0,1,15,15% Discount,1,Q1,4,2022
26-01-2022,22625095,3789174,783261,215243,0,1532943,821136,633355,0,724359,392528,200916,0,0,621191,374712,134945,360631,163891,213638,0,0,0,0,0,0,0,No Offer,1,Q1,4,2022
27-01-2022,26075599,0,0,0,0,0,0,0,0,0,0,0,0,0,0,0,0,0,0,0,0,0,0,1,0,0,0,No Offer,1,Q1,4,2022
28-01-2022,25277773,0,0,0,0,0,0,0,0,0,0,0,0,0,0,0,0,0,0,0,0,0,0,0,0,1,20,20% Discount,1,Q1,4,2022
29-01-2022,20544932,4030017,635369,0,0,1226980,670105,631770,0,857798,522391,138235,0,0,653761,388954,182325,575078,147388,151944,624289,0,0,0,0,0,0,No Offer,1,Q1,4,2022
30-01-2022,24876666,0,0,0,0,0,0,0,0,0,0,0,0,0,0,0,0,0,0,0,0,0,0,1,0,0,0,No Offer,1,Q1,4,2022
31-01-2022,27237407,0,0,0,0,0,0,0,0,0,0,0,0,0,0,0,0,0,0,0,0,0,0,1,0,0,0,No Offer,1,Q1,5,2022
01-02-2022,24693655,3265276,698533,0,0,996543,499515,470120,0,564618,260810,179840,0,0,676005,408297,91977,349537,145331,188378,340153,0,0,0,0,0,0,No Offer,2,Q1,5,2022
02-02-2022,22303776,0,0,0,0,0,0,0,0,0,0,0,0,0,0,0,0,0,0,0,0,0,0,0,1,0,0,No Offer,2,Q1,5,2022
03-02-2022,25844853,0,0,0,0,0,0,0,0,0,0,0,0,0,0,0,0,0,0,0,0,0,0,1,0,1,15,15% Discount,2,Q1,5,2022
04-02-2022,22689298,0,0,0,0,0,0,0,0,0,0,0,0,0,0,0,0,0,0,0,0,0,0,1,0,0,0,No Offer,2,Q1,5,2022
05-02-2022,21021696,2393684,0,0,0,919151,476131,545620,0,917452,262226,147374,0,0,583628,466060,123215,438045,161014,0,447623,0,0,0,0,0,0,No Offer,2,Q1,5,2022
06-02-2022,26677961,0,0,0,0,0,0,0,0,0,0,0,0,0,0,0,0,0,0,0,0,0,0,1,0,1,5,5% Discount,2,Q1,5,2022
07-02-2022,23556171,0,0,0,0,0,0,0,0,0,0,0,0,0,0,0,0,0,0,0,0,0,0,0,0,1,10,10% Discount,2,Q1,6,2022
08-02-2022,24963416,0,0,0,0,0,0,0,0,0,0,0,0,0,0,0,0,0,0,0,0,0,0,1,0,1,5,5% Discount,2,Q1,6,2022
09-02-2022,23976303,3604994,0,0,0,881916,688346,650035,0,1300765,273150,158465,0,0,620824,451445,158559,528043,238830,0,564776,0,0,0,0,0,0,No Offer,2,Q1,6,2022
10-02-2022,26158419,0,0,0,0,0,0,0,0,0,0,0,0,0,0,0,0,0,0,0,0,0,0,0,1,1,5,5% Discount,2,Q1,6,2022
11-02-2022,21885712,0,0,0,0,0,0,0,0,0,0,0,0,0,0,0,0,0,0,0,0,0,0,0,1,0,0,No Offer,2,Q1,6,2022
12-02-2022,28915836,0,0,0,0,0,0,0,0,0,0,0,0,0,0,0,0,0,0,0,0,0,0,1,1,0,0,No Offer,2,Q1,6,2022
13-02-2022,25124171,0,0,0,0,0,0,0,0,0,0,0,0,0,0,0,0,0,0,0,0,0,0,0,1,0,0,No Offer,2,Q1,6,2022
14-02-2022,27171763,0,0,0,0,0,0,0,0,0,0,0,0,0,0,0,0,0,0,0,0,0,0,0,1,1,10,10% Discount,2,Q1,7,2022
15-02-2022,24425958,0,0,0,0,0,0,0,0,0,0,0,0,0,0,0,0,0,0,0,0,0,0,1,0,0,0,No Offer,2,Q1,7,2022
16-02-2022,22330134,2133104,992855,240740,1057512,897494,660661,571508,0,944232,388873,253209,0,0,796351,303516,141063,569059,169635,0,673837,522026,0,0,0,0,0,No Offer,2,Q1,7,2022
17-02-2022,22302209,0,0,0,0,0,0,0,0,0,0,0,0,0,0,0,0,0,0,0,0,0,0,1,0,0,0,No Offer,2,Q1,7,2022
18-02-2022,26614750,0,0,0,0,0,0,0,0,0,0,0,0,0,0,0,0,0,0,0,0,0,0,1,0,0,0,No Offer,2,Q1,7,2022
19-02-2022,22935201,2633038,632398,213702,0,766903,729746,315614,0,809357,0,154841,0,607460,497958,307456,139743,359244,131604,0,0,618776,0,0,1,0,0,No Offer,2,Q1,7,2022
20-02-2022,22268679,0,0,0,0,0,0,0,0,0,0,0,0,0,0,0,0,0,0,0,0,0,0,0,0,1,5,5% Discount,2,Q1,7,2022
21-02-2022,25880444,0,0,0,0,0,0,0,0,0,0,0,0,0,0,0,0,0,0,0,0,0,0,1,1,0,0,No Offer,2,Q1,8,2022
22-02-2022,25037553,3415737,639165,352149,0,844309,605812,716793,0,1556315,0,135233,0,413206,750109,358398,141706,327029,205511,0,0,398895,0,0,0,0,0,No Offer,2,Q1,8,2022
23-02-2022,22559655,0,0,0,0,0,0,0,0,0,0,0,0,0,0,0,0,0,0,0,0,0,0,0,0,1,5,5% Discount,2,Q1,8,2022
24-02-2022,27699109,5481441,0,295514,0,1160770,894284,681009,0,1260766,0,191012,0,930678,857860,509482,152739,579918,206145,0,0,0,0,0,0,1,20,20% Discount,2,Q1,8,2022
25-02-2022,26326070,5815311,0,452258,0,1435330,1267819,900658,0,2075601,0,167489,0,749819,851248,598060,291846,661065,361790,0,0,0,0,0,1,1,10,10% Discount,2,Q1,8,2022
26-02-2022,25054837,4955004,0,329793,0,903911,527229,696194,0,1483047,0,172839,0,1040565,811868,388694,143994,528947,180657,0,0,0,0,0,1,1,10,10% Discount,2,Q1,8,2022
27-02-2022,23784969,0,0,0,0,0,0,0,0,0,0,0,0,0,0,0,0,0,0,0,0,0,0,1,0,0,0,No Offer,2,Q1,8,2022
28-02-2022,22626389,0,0,0,0,0,0,0,0,0,0,0,0,0,0,0,0,0,0,0,0,0,0,0,0,1,5,5% Discount,2,Q1,9,2022
01-03-2022,28661544,7360096,0,500783,0,1283744,873354,656315,0,1505502,0,216629,0,556058,725281,426677,187995,843881,325600,0,0,0,0,1,1,0,0,No Offer,3,Q1,9,2022
02-03-2022,28727492,3838798,0,244713,0,770403,680991,508014,0,1111022,0,200748,0,821439,1103551,432939,161352,518384,285404,0,0,0,0,1,0,1,5,5% Discount,3,Q1,9,2022
03-03-2022,24983738,0,1210685,783715,0,1538384,940136,892943,0,748385,0,211967,0,716721,798837,485158,157580,543380,217609,0,356313,0,0,0,1,0,0,No Offer,3,Q1,9,2022
04-03-2022,25851607,0,0,0,0,0,0,0,0,0,0,0,0,0,0,0,0,0,0,0,0,0,0,0,0,1,15,15% Discount,3,Q1,9,2022
05-03-2022,28369344,0,1183586,629032,0,1410273,960808,648956,0,1528864,0,221971,0,609941,748899,561582,165868,813950,264148,0,654030,0,0,1,1,1,5,5% Discount,3,Q1,9,2022
06-03-2022,25785019,0,0,0,0,0,0,0,0,0,0,0,0,0,0,0,0,0,0,0,0,0,0,0,1,1,10,10% Discount,3,Q1,9,2022
07-03-2022,22868594,0,0,0,0,0,0,0,0,0,0,0,0,0,0,0,0,0,0,0,0,0,0,0,0,1,5,5% Discount,3,Q1,10,2022
08-03-2022,27247135,0,0,0,0,0,0,0,0,0,0,0,0,0,0,0,0,0,0,0,0,0,0,0,1,0,0,No Offer,3,Q1,10,2022
09-03-2022,24908416,0,667245,457930,0,1137310,1088031,795354,0,1062377,0,199638,0,442826,936074,575207,126552,644240,247503,0,570684,0,0,0,0,1,10,10% Discount,3,Q1,10,2022
10-03-2022,26049341,0,838095,353074,0,1082978,1045325,686389,0,1123947,0,273015,2161704,1096708,1035397,471676,259713,502043,217789,0,836873,2038664,0,0,1,1,5,5% Discount,3,Q1,10,2022
11-03-2022,27664408,0,0,0,0,0,0,0,0,0,0,0,0,0,0,0,0,0,0,0,0,0,0,0,1,1,15,15% Discount,3,Q1,10,2022
12-03-2022,31664387,0,1043535,389516,0,1475306,1273929,885540,0,1445996,0,250728,1991362,797327,851909,777684,238054,847443,336958,0,976823,681238,0,1,1,1,15,15% Discount,3,Q1,10,2022
13-03-2022,32999761,0,1697504,449846,0,1409858,843635,604320,0,959713,0,204061,2892486,435524,1135774,538124,211170,841628,262217,0,663692,940947,0,1,1,1,15,15% Discount,3,Q1,10,2022
14-03-2022,24059440,0,0,0,0,0,0,0,0,0,0,0,0,0,0,0,0,0,0,0,0,0,0,0,0,1,5,5% Discount,3,Q1,11,2022
15-03-2022,26981799,0,0,0,0,0,0,0,0,0,0,0,0,0,0,0,0,0,0,0,0,0,0,1,0,0,0,No Offer,3,Q1,11,2022
16-03-2022,27931837,0,0,0,0,0,0,0,0,0,0,0,0,0,0,0,0,0,0,0,0,0,0,0,1,0,0,No Offer,3,Q1,11,2022
17-03-2022,25384335,3488306,583946,0,0,1263304,1085997,741699,0,546786,0,201946,1269311,0,845732,381397,163094,618482,220153,218725,0,989917,0,0,0,1,15,15% Discount,3,Q1,11,2022
18-03-2022,23210505,2803479,776476,0,0,805868,595977,384493,0,641680,0,120793,1165607,0,644288,306081,130634,396183,129124,92763,0,592411,0,0,0,0,0,No Offer,3,Q1,11,2022
19-03-2022,24758337,3727166,1136608,0,0,593847,538294,429782,0,540308,0,222993,1022002,0,476474,264277,104799,250460,127759,141310,0,283498,0,0,0,0,0,No Offer,3,Q1,11,2022
20-03-2022,31432159,4563569,1094798,0,0,888881,593495,617401,0,743833,0,118795,1706149,0,720044,386794,158764,583471,180248,133238,0,544606,0,1,1,0,0,No Offer,3,Q1,11,2022
21-03-2022,24716519,0,0,0,0,0,0,0,0,0,0,0,0,0,0,0,0,0,0,0,0,0,0,1,0,0,0,No Offer,3,Q1,12,2022
22-03-2022,25902766,0,0,0,0,0,0,0,0,0,0,0,0,0,0,0,0,0,0,0,0,0,0,1,1,0,0,No Offer,3,Q1,12,2022
23-03-2022,25757262,0,0,0,0,0,0,0,0,0,0,0,0,0,0,0,0,0,0,0,0,0,0,0,0,1,10,10% Discount,3,Q1,12,2022
24-03-2022,26548188,0,0,0,0,0,0,0,0,0,0,0,0,0,0,0,0,0,0,0,0,0,0,1,0,0,0,No Offer,3,Q1,12,2022
25-03-2022,24856756,0,692816,439369,0,973234,1054107,828262,0,969572,0,228037,939807,0,543414,516367,235784,540571,254033,252281,0,0,743874,0,0,0,0,No Offer,3,Q1,12,2022
26-03-2022,25626246,0,1149665,548339,0,1044697,1228154,791665,0,1081947,0,207330,2299348,0,773462,529352,221354,516879,244895,269263,0,0,460941,0,0,1,5,5% Discount,3,Q1,12,2022
27-03-2022,28801103,0,0,0,0,0,0,0,0,0,0,0,0,0,0,0,0,0,0,0,0,0,0,1,0,1,10,10% Discount,3,Q1,12,2022
28-03-2022,25363409,0,1397729,451275,0,1228851,804885,685979,0,1357250,0,206420,1402780,0,870801,509831,193321,451610,127801,243698,0,0,573166,0,0,0,0,No Offer,3,Q1,13,2022
29-03-2022,25635012,0,0,0,0,0,0,0,0,0,0,0,0,0,0,0,0,0,0,0,0,0,0,1,0,0,0,No Offer,3,Q1,13,2022
30-03-2022,27146261,0,0,0,0,0,0,0,0,0,0,0,0,0,0,0,0,0,0,0,0,0,0,0,1,1,5,5% Discount,3,Q1,13,2022
31-03-2022,24782174,0,0,0,0,0,0,0,0,0,0,0,0,0,0,0,0,0,0,0,0,0,0,1,0,0,0,No Offer,3,Q1,13,2022
01-04-2022,29353309,0,0,353086,0,1117856,1118023,1018215,0,1859950,0,175461,2598622,0,937969,483901,199725,738262,398252,0,0,0,0,1,1,1,5,5% Discount,4,Q2,13,2022
02-04-2022,23051446,0,0,0,0,0,0,0,0,0,0,0,0,0,0,0,0,0,0,0,0,0,0,0,1,0,0,No Offer,4,Q2,13,2022
03-04-2022,21830638,0,0,546085,0,2157576,1098450,1229895,0,897761,0,529864,1445710,0,1361082,558373,389331,857432,514931,0,0,0,0,0,0,0,0,No Offer,4,Q2,13,2022
04-04-2022,27863196,0,0,0,0,0,0,0,0,0,0,0,0,0,0,0,0,0,0,0,0,0,0,0,1,0,0,No Offer,4,Q2,14,2022
05-04-2022,20839626,0,0,373770,0,1789043,1225124,1073647,0,855164,0,422642,1756654,0,1106378,644929,184629,696606,310510,0,0,0,0,0,0,0,0,No Offer,4,Q2,14,2022
06-04-2022,27941012,0,0,1030165,0,2236487,1368676,1568400,0,2897865,0,591302,2658748,0,1748114,1267889,391507,1852555,523362,0,0,0,0,1,1,0,0,No Offer,4,Q2,14,2022
07-04-2022,24567478,4089799,0,271788,0,1041333,613221,544565,0,1018303,0,107937,1618112,0,637173,369544,99147,254861,135024,127160,0,0,0,0,0,0,0,No Offer,4,Q2,14,2022
08-04-2022,29711133,5974010,0,507928,0,618509,635301,529606,0,1336771,0,210842,1803454,0,731107,393452,144609,497213,221964,222937,0,0,0,1,0,0,0,No Offer,4,Q2,14,2022
09-04-2022,32051872,6375957,0,283688,0,864134,705784,591196,0,1211399,0,212950,1959999,0,929627,448879,197783,668902,258301,278884,0,0,0,1,1,1,15,15% Discount,4,Q2,14,2022
10-04-2022,26590277,3473924,0,353838,0,585379,460247,518675,0,644376,0,177680,1802411,0,567329,385997,111752,509525,214254,173240,0,0,0,1,0,0,0,No Offer,4,Q2,14,2022
11-04-2022,28389586,0,0,0,0,0,0,0,0,0,0,0,0,0,0,0,0,0,0,0,0,0,0,1,1,0,0,No Offer,4,Q2,15,2022
12-04-2022,24902060,2648576,0,203366,0,663764,492306,468350,0,752803,0,105215,1415352,0,710372,339493,99553,273050,114235,97916,0,0,0,0,0,0,0,No Offer,4,Q2,15,2022
13-04-2022,26908470,0,0,0,0,0,0,0,0,0,0,0,0,0,0,0,0,0,0,0,0,0,0,1,0,0,0,No Offer,4,Q2,15,2022
14-04-2022,26339443,0,0,0,0,854738,1249413,532979,0,1873134,0,175583,1555222,860863,706416,436115,231115,527733,297933,323858,1009717,0,0,1,0,1,5,5% Discount,4,Q2,15,2022
15-04-2022,27989804,0,0,0,0,0,0,0,0,0,0,0,0,0,0,0,0,0,0,0,0,0,0,1,0,0,0,No Offer,4,Q2,15,2022
16-04-2022,24597780,0,0,0,0,0,0,0,0,0,0,0,0,0,0,0,0,0,0,0,0,0,0,0,0,1,10,10% Discount,4,Q2,15,2022
17-04-2022,23722257,0,0,0,0,0,0,0,0,0,0,0,0,0,0,0,0,0,0,0,0,0,0,1,0,0,0,No Offer,4,Q2,15,2022
18-04-2022,26652919,0,0,0,0,1281929,1324333,856758,0,1587308,0,234135,1493204,529586,1136636,435728,200794,1091229,426269,292060,643165,0,0,1,1,1,5,5% Discount,4,Q2,16,2022
19-04-2022,25001110,0,0,0,0,0,0,0,0,0,0,0,0,0,0,0,0,0,0,0,0,0,0,0,1,0,0,No Offer,4,Q2,16,2022
20-04-2022,31943582,0,0,0,0,1176130,742581,752350,0,782099,0,259203,3251054,569023,773372,457669,177705,652308,269825,254204,895333,0,0,1,1,1,15,15% Discount,4,Q2,16,2022
21-04-2022,28744784,0,0,513235,0,1269394,1302646,723918,0,1217629,0,254092,1219277,845124,1224088,561815,225364,736242,181142,179649,797678,0,415792,0,0,1,20,20% Discount,4,Q2,16,2022
22-04-2022,26286727,0,0,0,0,0,0,0,0,0,0,0,0,0,0,0,0,0,0,0,0,0,0,0,1,0,0,No Offer,4,Q2,16,2022
23-04-2022,23552859,0,0,547305,0,1328839,1092051,991828,0,1131622,0,394508,1967453,592259,893200,637240,262792,704140,207371,450420,914874,0,381305,0,0,0,0,No Offer,4,Q2,16,2022
24-04-2022,30077286,0,0,0,0,0,0,0,0,0,0,0,0,0,0,0,0,0,0,0,0,0,0,1,1,0,0,No Offer,4,Q2,16,2022
25-04-2022,29431760,0,0,0,0,0,0,0,0,0,0,0,0,0,0,0,0,0,0,0,0,0,0,1,0,1,15,15% Discount,4,Q2,17,2022
26-04-2022,22496850,0,0,0,0,0,0,0,0,0,0,0,0,0,0,0,0,0,0,0,0,0,0,0,0,1,5,5% Discount,4,Q2,17,2022
27-04-2022,23033076,0,0,0,0,0,0,0,0,0,0,0,0,0,0,0,0,0,0,0,0,0,0,0,1,0,0,No Offer,4,Q2,17,2022
28-04-2022,28361522,0,0,0,0,0,0,0,0,0,0,0,0,0,0,0,0,0,0,0,0,0,0,0,1,1,5,5% Discount,4,Q2,17,2022
29-04-2022,23671004,0,716562,349955,0,1095863,851184,579407,0,1724657,0,214118,1255733,744179,712678,581053,206095,610048,207155,336585,716646,0,629988,0,1,1,10,10% Discount,4,Q2,17,2022
30-04-2022,24100185,0,0,0,0,0,0,0,0,0,0,0,0,0,0,0,0,0,0,0,0,0,0,0,0,1,5,5% Discount,4,Q2,17,2022
01-05-2022,32237530,0,0,0,0,0,0,0,0,0,0,0,0,0,0,0,0,0,0,0,0,0,0,1,0,0,0,No Offer,5,Q2,17,2022
02-05-2022,31563414,0,2113422,512003,0,1633585,1124775,1224868,0,1140236,0,326061,1767857,922120,1129559,518552,251409,742040,350644,243629,1243805,0,488719,1,1,1,5,5% Discount,5,Q2,18,2022
03-05-2022,29168748,0,0,0,0,0,0,0,0,0,0,0,0,0,0,0,0,0,0,0,0,0,0,1,1,0,0,No Offer,5,Q2,18,2022
04-05-2022,21953898,0,707104,447558,0,978177,614104,853279,0,1107081,0,211365,1628049,572667,723440,666646,209196,591506,241704,182930,508806,0,351371,0,0,0,0,No Offer,5,Q2,18,2022
05-05-2022,35003685,0,0,0,0,0,0,0,0,0,0,0,0,0,0,0,0,0,0,0,0,0,0,1,1,1,10,10% Discount,5,Q2,18,2022
06-05-2022,28302163,0,0,0,0,0,0,0,0,0,0,0,0,0,0,0,0,0,0,0,0,0,0,0,0,1,10,10% Discount,5,Q2,18,2022
07-05-2022,27467329,0,0,0,0,0,0,0,0,0,0,0,0,0,0,0,0,0,0,0,0,0,0,0,1,0,0,No Offer,5,Q2,18,2022
08-05-2022,26384854,3914482,626848,253123,0,832543,410688,471321,0,576560,0,76809,827781,300699,534689,274140,101253,312777,113571,107430,0,301192,214874,0,1,0,0,No Offer,5,Q2,18,2022
09-05-2022,27293845,0,0,0,0,0,0,0,0,0,0,0,0,0,0,0,0,0,0,0,0,0,0,0,1,0,0,No Offer,5,Q2,19,2022
10-05-2022,24217865,1796168,343139,142151,0,452126,449240,340643,0,431286,0,104927,1446155,256055,349892,197948,70419,261696,135979,80186,0,722229,232133,0,0,0,0,No Offer,5,Q2,19,2022
11-05-2022,27834048,0,0,0,0,0,0,0,0,0,0,0,0,0,0,0,0,0,0,0,0,0,0,1,1,0,0,No Offer,5,Q2,19,2022
12-05-2022,37511160,0,1512186,853133,0,1188215,1242774,931498,0,0,0,281074,1626922,1843731,1028406,810709,259735,889661,414077,0,0,1758927,561187,1,1,1,25,Buy3Get1,5,Q2,19,2022
13-05-2022,30654878,0,1248271,518866,0,1174410,896953,740549,0,0,0,232241,2036904,399376,719895,371871,160871,695069,391629,0,0,874909,517162,1,1,1,5,5% Discount,5,Q2,19,2022
14-05-2022,28316257,0,1218780,323111,0,1309162,857596,602662,0,0,0,145250,1487647,707286,869169,484918,200093,409410,197637,0,0,1053191,402447,0,1,1,5,5% Discount,5,Q2,19,2022
15-05-2022,25240185,0,1075767,230972,0,1004612,1255651,814722,0,0,0,218856,1919016,1386287,846133,604261,263019,753739,374719,0,0,1148290,782145,0,0,1,5,5% Discount,5,Q2,19,2022
16-05-2022,32644749,0,0,0,0,0,0,0,0,0,0,0,0,0,0,0,0,0,0,0,0,0,0,1,0,1,20,20% Discount,5,Q2,20,2022
17-05-2022,29550936,0,1254561,309785,0,1221912,1183668,1045893,0,0,0,295083,1692971,822691,1188537,711922,218832,690437,222736,0,0,517157,411888,0,1,1,15,15% Discount,5,Q2,20,2022
18-05-2022,27236237,0,0,0,0,0,0,0,0,0,0,0,0,0,0,0,0,0,0,0,0,0,0,0,0,1,15,15% Discount,5,Q2,20,2022
19-05-2022,30693762,5496834,1416628,197586,698201,1072621,846155,610712,0,0,0,242188,0,638787,697205,381517,145793,294392,210240,218701,0,0,0,0,1,1,20,20% Discount,5,Q2,20,2022
20-05-2022,32259887,0,0,0,0,0,0,0,0,0,0,0,0,0,0,0,0,0,0,0,0,0,0,1,0,0,0,No Offer,5,Q2,20,2022
21-05-2022,25638291,4019756,858820,502789,452861,1224458,704180,707819,0,0,0,337278,0,825619,967093,536916,192677,501049,281187,196907,0,0,0,0,0,0,0,No Offer,5,Q2,20,2022
22-05-2022,28258659,3293982,521849,127902,384066,811000,493808,381015,0,0,0,83221,0,368314,483345,342789,163291,271876,162035,198376,0,0,0,0,0,0,0,No Offer,5,Q2,20,2022
23-05-2022,27387671,0,0,0,0,0,0,0,0,0,0,0,0,0,0,0,0,0,0,0,0,0,0,1,0,0,0,No Offer,5,Q2,21,2022
24-05-2022,25934820,6016454,577591,418706,789140,1070315,848058,714258,0,0,0,149015,0,564899,608567,490084,121350,450136,235419,185799,0,0,0,0,0,1,10,10% Discount,5,Q2,21,2022
25-05-2022,27690863,4796761,1483662,516608,1355149,1763519,1417521,1316520,0,0,0,275153,0,981329,1162697,673513,301034,931399,687635,306513,0,0,0,1,0,1,10,10% Discount,5,Q2,21,2022
26-05-2022,26826010,4269948,977577,404005,0,1160244,725644,641707,0,0,0,212869,0,982984,749462,475177,129221,688688,334084,288850,0,597977,0,0,0,0,0,No Offer,5,Q2,21,2022
27-05-2022,26959293,5009881,2084239,460310,0,1340054,916122,969463,0,0,0,131869,0,687081,771447,669704,232186,1298500,366732,226490,0,1328922,0,1,0,1,5,5% Discount,5,Q2,21,2022
28-05-2022,30390060,2865613,799465,264683,0,621523,510379,336805,0,0,0,95590,0,420738,501296,291204,117657,419079,179988,87300,0,265142,0,1,0,0,0,No Offer,5,Q2,21,2022
29-05-2022,27804159,3257353,1354645,428135,0,1631620,1176054,929343,0,0,0,210363,0,1125995,922928,908936,215162,734914,430245,298376,0,653936,0,1,1,0,0,No Offer,5,Q2,21,2022
30-05-2022,27846056,4418112,1094528,529405,0,1344511,937378,1067514,0,0,0,221072,0,1203307,616137,390523,190227,495098,230244,267265,0,742599,0,0,0,1,10,10% Discount,5,Q2,22,2022
31-05-2022,23917770,0,0,0,0,0,0,0,0,0,0,0,0,0,0,0,0,0,0,0,0,0,0,0,0,1,10,10% Discount,5,Q2,22,2022
01-06-2022,27257439,0,0,0,0,0,0,0,0,0,0,0,0,0,0,0,0,0,0,0,0,0,0,0,1,1,10,10% Discount,6,Q2,22,2022
02-06-2022,31232048,0,0,0,0,0,0,0,0,0,0,0,0,0,0,0,0,0,0,0,0,0,0,1,0,1,20,20% Discount,6,Q2,22,2022
03-06-2022,28001171,6408834,0,320024,0,876006,758407,892880,0,0,0,149308,0,442126,1003262,464968,186797,633135,315009,195761,0,673190,0,1,1,0,0,No Offer,6,Q2,22,2022
04-06-2022,28749919,0,0,0,0,0,0,0,0,0,0,0,0,0,0,0,0,0,0,0,0,0,0,1,1,0,0,No Offer,6,Q2,22,2022
05-06-2022,30815258,0,0,0,0,0,0,0,0,0,0,0,0,0,0,0,0,0,0,0,0,0,0,0,1,1,25,Buy3Get1,6,Q2,22,2022
06-06-2022,31584905,0,0,0,0,0,0,0,0,0,0,0,0,0,0,0,0,0,0,0,0,0,0,1,0,1,15,15% Discount,6,Q2,23,2022
07-06-2022,28465317,6391660,0,294696,0,1701922,1380321,1560930,0,0,0,483248,0,774655,1360223,810580,314128,1005587,536792,357981,0,949252,0,1,1,1,15,15% Discount,6,Q2,23,2022
08-06-2022,25066403,0,0,0,0,0,0,0,0,0,0,0,0,0,0,0,0,0,0,0,0,0,0,0,0,1,10,10% Discount,6,Q2,23,2022
09-06-2022,32495717,4667685,0,332280,0,992840,875115,878585,0,861379,0,180478,1178926,1005031,906784,473450,154412,552241,376543,110105,889692,820011,526779,1,1,1,5,5% Discount,6,Q2,23,2022
10-06-2022,30041877,0,0,0,0,0,0,0,0,0,0,0,0,0,0,0,0,0,0,0,0,0,0,1,1,0,0,No Offer,6,Q2,23,2022
11-06-2022,26894769,0,0,0,0,0,0,0,0,0,0,0,0,0,0,0,0,0,0,0,0,0,0,0,0,1,5,5% Discount,6,Q2,23,2022
12-06-2022,32820967,0,0,0,0,0,0,0,0,0,0,0,0,0,0,0,0,0,0,0,0,0,0,1,1,1,10,10% Discount,6,Q2,23,2022
13-06-2022,24267264,5209673,0,237454,0,852100,799459,418755,0,1067487,0,151880,1351008,424853,928464,404297,98188,345277,232271,351698,444204,494818,314781,0,0,1,10,10% Discount,6,Q2,24,2022
14-06-2022,26986285,0,0,0,0,0,0,0,0,0,0,0,0,0,0,0,0,0,0,0,0,0,0,0,1,0,0,No Offer,6,Q2,24,2022
15-06-2022,24180965,3361442,0,533033,0,937859,604069,880705,0,796331,0,178754,748799,576641,850833,410109,205088,614263,342673,183499,575264,932317,484939,0,0,0,0,No Offer,6,Q2,24,2022
16-06-2022,34355491,0,0,0,0,0,0,0,0,0,0,0,0,0,0,0,0,0,0,0,0,0,0,1,1,1,5,5% Discount,6,Q2,24,2022
17-06-2022,35356206,0,0,0,0,0,0,0,0,0,0,0,0,0,0,0,0,0,0,0,0,0,0,1,1,1,20,20% Discount,6,Q2,24,2022
18-06-2022,25790049,0,0,0,0,0,0,0,0,0,0,0,0,0,0,0,0,0,0,0,0,0,0,0,0,1,5,5% Discount,6,Q2,24,2022
19-06-2022,28012466,0,0,0,0,0,0,0,0,0,0,0,0,0,0,0,0,0,0,0,0,0,0,1,0,0,0,No Offer,6,Q2,24,2022
20-06-2022,27690916,0,0,0,0,0,0,0,0,0,0,0,0,0,0,0,0,0,0,0,0,0,0,1,0,0,0,No Offer,6,Q2,25,2022
21-06-2022,27649762,0,0,0,0,0,0,0,0,0,0,0,0,0,0,0,0,0,0,0,0,0,0,1,0,0,0,No Offer,6,Q2,25,2022
22-06-2022,26583559,3001060,1103113,0,244170,772666,584483,337461,0,717216,0,150964,963736,498218,531123,272236,165186,341270,157011,148781,473643,470845,297763,0,1,1,5,5% Discount,6,Q2,25,2022
23-06-2022,28958250,0,0,0,0,0,0,0,0,0,0,0,0,0,0,0,0,0,0,0,0,0,0,0,1,1,10,10% Discount,6,Q2,25,2022
24-06-2022,28557843,2041807,735417,0,411764,590817,569059,465010,0,781167,0,80396,0,418141,564228,284100,114672,342031,123821,0,499423,587925,0,0,1,1,5,5% Discount,6,Q2,25,2022
25-06-2022,28659958,0,0,0,0,0,0,0,0,0,0,0,0,0,0,0,0,0,0,0,0,0,0,1,0,0,0,No Offer,6,Q2,25,2022
26-06-2022,29605279,4170378,1007230,0,885834,543774,425448,372021,0,635264,0,102448,0,262859,675221,286061,128904,519758,247835,0,279160,373461,0,1,0,1,5,5% Discount,6,Q2,25,2022
27-06-2022,29473217,3237391,804035,0,621922,657854,548534,537578,0,569341,0,118643,0,626366,704667,329570,104923,284372,184080,0,668206,815721,0,0,1,1,5,5% Discount,6,Q2,26,2022
28-06-2022,32221348,7161172,824956,0,731849,609550,840994,576330,0,1106042,0,148253,0,612473,518333,307986,98385,345963,247556,0,442960,851548,0,1,0,1,15,15% Discount,6,Q2,26,2022
29-06-2022,27972143,0,0,0,0,0,0,0,0,0,0,0,0,0,0,0,0,0,0,0,0,0,0,1,0,0,0,No Offer,6,Q2,26,2022
30-06-2022,27116905,3368400,1073975,0,715903,748901,791364,729633,0,742689,0,131143,0,339291,518106,417942,91346,527151,271538,122048,0,0,0,1,1,0,0,No Offer,6,Q2,26,2022
01-07-2022,27933692,5091399,1007201,0,993402,934708,636622,439676,0,930707,0,117128,0,636791,609348,236687,187414,593899,239206,133038,0,0,0,1,1,0,0,No Offer,7,Q3,26,2022
02-07-2022,29547169,0,0,0,0,0,0,0,0,0,0,0,0,0,0,0,0,0,0,0,0,0,0,1,0,1,10,10% Discount,7,Q3,26,2022
03-07-2022,26857703,0,0,0,0,0,0,0,0,0,0,0,0,0,0,0,0,0,0,0,0,0,0,0,0,1,10,10% Discount,7,Q3,26,2022
04-07-2022,29031770,3360742,940105,0,474118,545291,699582,359184,0,647012,0,88377,0,584801,613573,442050,121395,272397,116672,149072,0,0,0,0,0,1,10,10% Discount,7,Q3,27,2022
05-07-2022,23146481,0,0,0,0,0,0,0,0,0,0,0,0,0,0,0,0,0,0,0,0,0,0,1,0,0,0,No Offer,7,Q3,27,2022
06-07-2022,23267776,2930781,956102,0,554574,746382,617565,431189,0,450272,0,120297,0,504736,465988,346345,110962,317509,188715,130864,0,0,0,0,0,0,0,No Offer,7,Q3,27,2022
07-07-2022,29657847,6004716,1467282,0,733776,983249,909771,734712,0,553725,0,240649,0,0,840440,400292,160552,801006,369909,277591,0,0,0,1,1,0,0,No Offer,7,Q3,27,2022
08-07-2022,29343949,0,0,0,0,0,0,0,0,0,0,0,0,0,0,0,0,0,0,0,0,0,0,1,1,1,5,5% Discount,7,Q3,27,2022
09-07-2022,31750933,0,0,0,0,0,0,0,0,0,0,0,0,0,0,0,0,0,0,0,0,0,0,1,0,1,25,Buy3Get1,7,Q3,27,2022
10-07-2022,27037080,3172554,1716768,0,663913,1643557,1018924,971795,0,1229794,0,268269,0,0,1025950,877443,323438,974291,407096,230673,0,0,0,0,1,1,5,5% Discount,7,Q3,27,2022
11-07-2022,25281288,0,0,0,0,0,0,0,0,0,0,0,0,0,0,0,0,0,0,0,0,0,0,0,1,0,0,No Offer,7,Q3,28,2022
12-07-2022,25562495,0,0,0,0,0,0,0,0,0,0,0,0,0,0,0,0,0,0,0,0,0,0,0,1,0,0,No Offer,7,Q3,28,2022
13-07-2022,31148053,0,0,0,0,0,0,0,0,0,0,0,0,0,0,0,0,0,0,0,0,0,0,0,0,1,20,20% Discount,7,Q3,28,2022
14-07-2022,27797890,0,0,0,0,0,0,0,0,0,0,0,0,0,0,0,0,0,0,0,0,0,0,0,1,0,0,No Offer,7,Q3,28,2022
15-07-2022,28041154,5798246,0,0,0,1138788,977802,513678,0,1502434,0,161097,0,0,701593,509550,148121,627316,209460,190513,0,0,0,0,1,0,0,No Offer,7,Q3,28,2022
16-07-2022,27750844,0,0,0,0,0,0,0,0,0,0,0,0,0,0,0,0,0,0,0,0,0,0,1,0,0,0,No Offer,7,Q3,28,2022
17-07-2022,28444004,0,0,0,0,0,0,0,0,0,0,0,0,0,0,0,0,0,0,0,0,0,0,0,0,1,10,10% Discount,7,Q3,28,2022
18-07-2022,36616433,6993299,0,0,0,1669512,766940,1017866,0,1139925,0,367168,0,0,788427,778761,230063,589950,419857,153331,0,0,0,1,1,1,20,20% Discount,7,Q3,29,2022
19-07-2022,32364298,0,0,0,0,0,0,0,0,0,0,0,0,0,0,0,0,0,0,0,0,0,0,1,1,1,5,5% Discount,7,Q3,29,2022
20-07-2022,25771652,4409899,0,0,0,898847,848608,795617,0,1219402,0,140604,0,0,1011170,467284,191801,441221,320262,333006,0,0,0,0,1,0,0,No Offer,7,Q3,29,2022
21-07-2022,26115465,4760662,675921,0,0,1055668,647384,970415,0,1015609,0,354421,0,0,838951,537644,233140,627993,265721,242517,0,0,0,0,1,0,0,No Offer,7,Q3,29,2022
22-07-2022,28532786,3354955,723165,0,0,692534,831768,668893,0,1021239,0,126741,0,0,598162,532014,136492,454433,208556,281172,0,0,0,0,1,0,0,No Offer,7,Q3,29,2022
23-07-2022,29120015,0,0,0,0,0,0,0,0,0,0,0,0,0,0,0,0,0,0,0,0,0,0,1,1,0,0,No Offer,7,Q3,29,2022
24-07-2022,27730945,0,0,0,0,0,0,0,0,0,0,0,0,0,0,0,0,0,0,0,0,0,0,1,1,0,0,No Offer,7,Q3,29,2022
25-07-2022,28051642,0,0,0,0,0,0,0,0,0,0,0,0,0,0,0,0,0,0,0,0,0,0,0,1,1,10,10% Discount,7,Q3,30,2022
26-07-2022,29350514,0,0,0,0,0,0,0,0,0,0,0,0,0,0,0,0,0,0,0,0,0,0,0,1,0,0,No Offer,7,Q3,30,2022
27-07-2022,25017872,0,0,0,0,0,0,0,0,0,0,0,0,0,0,0,0,0,0,0,0,0,0,0,0,1,5,5% Discount,7,Q3,30,2022
28-07-2022,28385761,0,0,0,0,0,0,0,0,0,0,0,0,0,0,0,0,0,0,0,0,0,0,1,0,0,0,No Offer,7,Q3,30,2022
29-07-2022,27885053,0,0,0,0,0,0,0,0,0,0,0,0,0,0,0,0,0,0,0,0,0,0,1,0,1,5,5% Discount,7,Q3,30,2022
30-07-2022,28079020,4600935,1144115,0,0,1148286,512650,924794,0,1173287,0,166724,0,0,975337,670273,291171,457839,236767,360285,0,0,0,0,1,0,0,No Offer,7,Q3,30,2022
31-07-2022,31042460,0,0,0,0,0,0,0,0,0,0,0,0,0,0,0,0,0,0,0,0,0,0,1,1,0,0,No Offer,7,Q3,30,2022
01-08-2022,24926231,3145067,1900173,0,0,1278026,790464,510029,0,957362,0,218118,0,0,811854,720081,156904,509952,293653,281298,0,0,0,0,0,1,10,10% Discount,8,Q3,31,2022
02-08-2022,28848668,7995715,752908,0,0,851052,831117,369594,0,929668,0,155584,0,0,597649,428779,145411,515852,231170,138332,0,0,0,1,0,0,0,No Offer,8,Q3,31,2022
03-08-2022,24616369,3995749,895578,0,0,1280977,993514,842377,0,1031776,0,229532,0,0,829146,379489,153644,586189,364912,186736,0,0,0,0,1,0,0,No Offer,8,Q3,31,2022
04-08-2022,24511825,4109625,1234308,0,0,1382541,994829,806890,0,1007952,0,276090,1257629,0,993110,602205,146945,627387,251990,0,559813,871276,0,0,0,0,0,No Offer,8,Q3,31,2022
05-08-2022,28461496,2750572,664860,0,0,1063146,1000212,648339,0,823440,0,165473,1077661,0,857236,383679,140443,543052,225542,0,731443,706279,0,0,1,1,5,5% Discount,8,Q3,31,2022
06-08-2022,34073825,4611795,713915,0,0,995172,1078125,899226,0,937475,0,138967,1678757,0,767267,538477,137354,585037,442945,0,772780,842246,0,1,0,1,10,10% Discount,8,Q3,31,2022
07-08-2022,28946929,0,0,0,0,0,0,0,0,0,0,0,0,0,0,0,0,0,0,0,0,0,0,1,0,0,0,No Offer,8,Q3,31,2022
08-08-2022,26132381,0,0,0,0,0,0,0,0,0,0,0,0,0,0,0,0,0,0,0,0,0,0,0,1,0,0,No Offer,8,Q3,32,2022
09-08-2022,27949230,3451580,1178516,0,0,905229,664357,859482,0,958997,0,189785,1230756,0,525405,374186,152268,564934,217446,0,356319,465417,0,0,1,1,5,5% Discount,8,Q3,32,2022
10-08-2022,29988481,2974883,1061612,0,0,730718,570694,400418,0,611192,0,166208,775633,0,420435,355202,118342,528454,237041,0,437366,458987,0,1,0,0,0,No Offer,8,Q3,32,2022
11-08-2022,30473366,0,0,0,0,0,0,0,0,0,0,0,0,0,0,0,0,0,0,0,0,0,0,1,1,1,5,5% Discount,8,Q3,32,2022
12-08-2022,30288595,0,0,0,0,0,0,0,0,0,0,0,0,0,0,0,0,0,0,0,0,0,0,1,0,0,0,No Offer,8,Q3,32,2022
13-08-2022,26545653,0,0,0,0,0,0,0,0,0,0,0,0,0,0,0,0,0,0,0,0,0,0,0,1,0,0,No Offer,8,Q3,32,2022
14-08-2022,29011368,4905832,0,367866,0,852073,845528,807131,0,1343404,0,141145,1759098,0,675406,453146,211379,606645,360296,0,0,0,0,1,1,0,0,No Offer,8,Q3,32,2022
15-08-2022,33371096,0,0,0,0,0,0,0,0,0,0,0,0,0,0,0,0,0,0,0,0,0,0,1,1,1,15,15% Discount,8,Q3,33,2022
16-08-2022,24754815,0,0,0,0,0,0,0,0,0,0,0,0,0,0,0,0,0,0,0,0,0,0,0,0,1,10,10% Discount,8,Q3,33,2022
17-08-2022,26703056,0,0,0,0,0,0,0,0,0,0,0,0,0,0,0,0,0,0,0,0,0,0,1,0,1,10,10% Discount,8,Q3,33,2022
18-08-2022,30556428,2527186,969137,0,0,846021,529281,549387,0,834946,0,145701,1474974,0,570465,372280,155490,669658,283079,137465,0,0,0,1,1,0,0,No Offer,8,Q3,33,2022
19-08-2022,27310097,0,0,0,0,0,0,0,0,0,0,0,0,0,0,0,0,0,0,0,0,0,0,0,1,0,0,No Offer,8,Q3,33,2022
20-08-2022,27845316,5492485,1269630,0,0,1005313,737194,670842,0,659538,0,172763,1334160,0,909697,431994,141684,491134,214468,145031,0,0,0,0,0,1,10,10% Discount,8,Q3,33,2022
21-08-2022,34222422,6285531,699301,0,0,569428,431838,512065,0,528168,0,109131,2657204,0,570840,423970,118620,400477,246537,208734,0,0,0,1,1,1,15,15% Discount,8,Q3,33,2022
22-08-2022,32512084,2179374,845579,0,0,720158,906265,624502,0,623360,0,204356,865242,0,558855,370527,163121,370715,204964,83666,0,0,0,0,1,1,5,5% Discount,8,Q3,34,2022
23-08-2022,31033021,0,0,0,0,0,0,0,0,0,0,0,0,0,0,0,0,0,0,0,0,0,0,1,1,0,0,No Offer,8,Q3,34,2022
24-08-2022,25167730,3303242,1403961,0,0,1531624,880209,766481,0,962222,0,192603,1005940,0,501426,693628,210825,697424,274939,214489,0,0,0,0,0,1,10,10% Discount,8,Q3,34,2022
25-08-2022,27488085,0,0,0,0,0,0,0,0,0,0,0,0,0,0,0,0,0,0,0,0,0,0,0,0,1,20,20% Discount,8,Q3,34,2022
26-08-2022,34419386,3822059,917247,0,0,1328411,869170,556404,0,2655803,0,157834,0,0,994685,380423,173619,571390,274128,263098,0,0,456568,1,1,1,15,15% Discount,8,Q3,34,2022
27-08-2022,29930909,0,0,0,0,0,0,0,0,0,0,0,0,0,0,0,0,0,0,0,0,0,0,1,0,1,10,10% Discount,8,Q3,34,2022
28-08-2022,23537619,2647893,1127934,0,0,1358409,635564,598966,0,827269,0,169137,0,0,1183305,696129,157130,517966,291482,186178,0,0,663417,0,0,0,0,No Offer,8,Q3,34,2022
29-08-2022,30630945,5764299,962157,0,0,1037588,887426,658321,0,979586,0,238527,0,0,745581,544753,171262,918524,330683,295130,0,0,407320,1,0,1,10,10% Discount,8,Q3,35,2022
30-08-2022,34340013,6395856,2338788,0,0,1692452,1061520,847167,0,1000076,0,220991,0,0,786628,622273,238165,935083,433127,216079,0,0,288869,1,1,1,15,15% Discount,8,Q3,35,2022
31-08-2022,36383800,0,0,0,0,0,0,0,0,0,0,0,0,0,0,0,0,0,0,0,0,0,0,1,1,1,10,10% Discount,8,Q3,35,2022
01-09-2022,26685791,0,0,0,0,0,0,0,0,0,0,0,0,0,0,0,0,0,0,0,0,0,0,0,1,0,0,No Offer,9,Q3,35,2022
02-09-2022,25493217,0,1926349,0,0,2480796,1429520,1470320,0,1313328,0,0,0,0,1250048,739492,450788,860839,461849,299546,0,0,0,0,0,0,0,No Offer,9,Q3,35,2022
03-09-2022,32179569,0,0,0,0,0,0,0,0,0,0,0,0,0,0,0,0,0,0,0,0,0,0,0,1,1,5,5% Discount,9,Q3,35,2022
04-09-2022,29869286,0,0,0,0,0,0,0,0,0,0,0,0,0,0,0,0,0,0,0,0,0,0,1,0,0,0,No Offer,9,Q3,35,2022
05-09-2022,26685628,0,0,0,0,0,0,0,0,0,0,0,0,0,0,0,0,0,0,0,0,0,0,0,1,0,0,No Offer,9,Q3,36,2022
06-09-2022,26037868,0,1456102,0,0,1204812,1668429,1291163,0,1141521,0,0,0,0,1826432,612132,519601,609988,618857,383629,0,0,0,0,0,1,5,5% Discount,9,Q3,36,2022
07-09-2022,30425204,0,3182732,0,0,1192061,1338868,1587335,0,1613386,0,0,0,0,1642785,795229,310670,1430859,743723,344482,0,0,0,1,0,1,15,15% Discount,9,Q3,36,2022
08-09-2022,27335638,0,0,0,0,0,0,0,0,0,0,0,0,0,0,0,0,0,0,0,0,0,0,0,0,1,5,5% Discount,9,Q3,36,2022
09-09-2022,33607771,3873139,1333264,214260,737162,694780,919598,467676,0,1175617,0,0,1882828,0,735960,401172,136200,568456,271409,191302,0,0,0,1,1,0,0,No Offer,9,Q3,36,2022
10-09-2022,34749847,3095277,489627,308822,827388,693607,485014,391224,0,737605,0,0,911937,0,337291,262473,103453,315526,185227,87275,0,0,0,1,1,0,0,No Offer,9,Q3,36,2022
11-09-2022,25743289,0,0,0,0,0,0,0,0,0,0,0,0,0,0,0,0,0,0,0,0,0,0,0,1,0,0,No Offer,9,Q3,36,2022
12-09-2022,33309200,2621181,1060593,386958,889153,1046654,863697,988009,0,1491066,0,0,1878331,0,1034926,556967,203053,579758,470701,211007,0,0,0,0,1,1,15,15% Discount,9,Q3,37,2022
13-09-2022,28547634,0,0,0,0,0,0,0,0,0,0,0,0,0,0,0,0,0,0,0,0,0,0,0,1,0,0,No Offer,9,Q3,37,2022
14-09-2022,26796576,3880249,1134784,260877,518147,1381105,815541,850161,0,1049689,0,0,1777908,0,1177302,711413,159975,701731,482956,185498,0,0,0,0,0,1,5,5% Discount,9,Q3,37,2022
15-09-2022,30874053,0,0,0,0,0,0,0,0,0,0,0,0,0,0,0,0,0,0,0,0,0,0,1,0,1,10,10% Discount,9,Q3,37,2022
16-09-2022,29140548,3404998,1442184,285800,0,771447,455544,378198,0,796545,0,0,1354391,0,486151,293147,147822,437331,185243,122620,0,471299,0,1,1,1,5,5% Discount,9,Q3,37,2022
17-09-2022,32885230,4124015,782334,200765,0,848884,454143,597829,0,533417,0,0,1279937,0,644455,540395,148957,351675,285410,183086,0,583031,0,1,1,0,0,No Offer,9,Q3,37,2022
18-09-2022,27008475,3212300,841868,334688,0,750377,517856,692999,0,673677,0,0,1442280,0,498015,349720,155091,391601,278147,122043,0,481839,0,1,0,0,0,No Offer,9,Q3,37,2022
19-09-2022,31466744,0,0,0,0,0,0,0,0,0,0,0,0,0,0,0,0,0,0,0,0,0,0,1,1,1,5,5% Discount,9,Q3,38,2022
20-09-2022,30070400,2175053,1211838,175318,0,608472,608433,428355,0,722350,0,0,1017541,0,416001,355248,94085,347996,193696,168122,0,523171,0,1,0,0,0,No Offer,9,Q3,38,2022
21-09-2022,23338994,1578004,633978,199022,0,601321,425613,348449,0,642551,0,0,739478,0,405812,197050,80922,238906,153269,184261,0,364448,0,0,0,0,0,No Offer,9,Q3,38,2022
22-09-2022,27979765,0,0,0,0,0,0,0,0,0,0,0,0,0,0,0,0,0,0,0,0,0,0,0,0,1,20,20% Discount,9,Q3,38,2022
23-09-2022,31488296,4976821,911282,304989,0,1360651,665251,399802,0,1222521,0,0,0,0,543520,335057,157265,392427,223390,198337,0,257645,0,0,0,1,15,15% Discount,9,Q3,38,2022
24-09-2022,28504628,3877868,1165206,258863,0,1307902,1159244,619930,0,1141204,0,0,0,0,998236,466370,236393,719237,365122,358128,0,626097,0,0,1,0,0,No Offer,9,Q3,38,2022
25-09-2022,29349605,4183144,649641,205320,0,1026247,715972,609687,0,671284,0,0,0,0,664716,402579,112757,497627,251332,218891,0,529468,0,0,1,1,10,10% Discount,9,Q3,38,2022
26-09-2022,29572693,5831745,936321,371376,0,699308,727213,591420,0,919418,0,0,0,0,671096,389020,213404,576746,297010,142236,0,694043,0,1,0,0,0,No Offer,9,Q3,39,2022
27-09-2022,31797499,0,0,0,0,0,0,0,0,0,0,0,0,0,0,0,0,0,0,0,0,0,0,0,1,1,10,10% Discount,9,Q3,39,2022
28-09-2022,30218116,0,0,0,0,0,0,0,0,0,0,0,0,0,0,0,0,0,0,0,0,0,0,0,0,1,10,10% Discount,9,Q3,39,2022
29-09-2022,26420720,4224263,474596,0,0,1240955,801929,741764,0,1126330,0,0,0,0,943310,441401,174233,732669,259234,160530,0,507701,0,0,1,0,0,No Offer,9,Q3,39,2022
30-09-2022,26571942,0,0,0,0,0,0,0,0,0,0,0,0,0,0,0,0,0,0,0,0,0,0,0,1,0,0,No Offer,9,Q3,39,2022
01-10-2022,28936372,3379813,1616368,0,0,1036736,592220,737045,0,1396531,0,0,0,0,727194,436118,167681,470001,288686,251454,0,813546,0,0,0,0,0,No Offer,10,Q4,39,2022
02-10-2022,37875185,0,0,0,0,0,0,0,0,0,0,0,0,0,0,0,0,0,0,0,0,0,0,1,1,1,10,10% Discount,10,Q4,39,2022
03-10-2022,31051468,0,0,0,0,0,0,0,0,0,0,0,0,0,0,0,0,0,0,0,0,0,0,1,0,1,10,10% Discount,10,Q4,40,2022
04-10-2022,28372445,5904628,1117894,0,0,1035790,952001,694067,0,919355,0,0,0,0,1002943,580002,272876,486218,331023,249519,0,1111923,0,0,1,0,0,No Offer,10,Q4,40,2022
05-10-2022,29811153,2767706,1136851,0,0,1005748,1358554,847281,0,1871297,0,0,0,0,952012,567745,306052,805706,467726,267834,0,629485,0,0,1,0,0,No Offer,10,Q4,40,2022
06-10-2022,29088418,3940473,964433,495019,0,1131696,894371,802827,0,956497,0,0,1163496,0,975111,533401,205162,631386,229847,244304,0,706319,562085,0,0,1,5,5% Discount,10,Q4,40,2022
07-10-2022,30261282,0,0,0,0,0,0,0,0,0,0,0,0,0,0,0,0,0,0,0,0,0,0,0,1,0,0,No Offer,10,Q4,40,2022
08-10-2022,31034517,4468781,1026926,150494,0,913641,779113,577002,0,602546,0,0,1892387,0,555205,437978,174328,624702,375246,157484,0,456784,440882,1,1,0,0,No Offer,10,Q4,40,2022
09-10-2022,33878342,6300125,860059,268882,0,1342922,664219,639699,0,618851,0,0,2086678,0,891359,480231,152360,614446,343908,173618,0,737285,435186,1,0,1,10,10% Discount,10,Q4,40,2022
10-10-2022,32341934,3223538,486457,184684,0,646858,484239,494268,0,681130,0,0,1211869,0,635679,299593,107138,395748,249966,96047,0,399843,159221,1,1,0,0,No Offer,10,Q4,41,2022
11-10-2022,29105954,0,0,0,0,0,0,0,0,0,0,0,0,0,0,0,0,0,0,0,0,0,0,1,0,0,0,No Offer,10,Q4,41,2022
12-10-2022,35031613,0,0,0,0,0,0,0,0,0,0,0,0,0,0,0,0,0,0,0,0,0,0,1,0,1,15,15% Discount,10,Q4,41,2022
13-10-2022,40292016,0,0,0,0,0,0,0,0,0,0,0,0,0,0,0,0,0,0,0,0,0,0,1,1,1,25,Buy3Get1,10,Q4,41,2022
14-10-2022,31638590,3433782,811332,0,0,1177558,695322,862665,0,891431,0,0,0,0,983988,460582,195807,885517,334262,139350,399235,0,485807,0,1,0,0,No Offer,10,Q4,41,2022
15-10-2022,28629799,3362564,992656,0,0,1317832,1065575,750540,0,985420,0,0,0,0,1136348,448916,268254,912615,369641,290144,709067,0,730756,0,1,0,0,No Offer,10,Q4,41,2022
16-10-2022,33022181,0,0,0,0,0,0,0,0,0,0,0,0,0,0,0,0,0,0,0,0,0,0,1,0,1,5,5% Discount,10,Q4,41,2022
17-10-2022,28365947,0,0,0,0,0,0,0,0,0,0,0,0,0,0,0,0,0,0,0,0,0,0,1,0,0,0,No Offer,10,Q4,42,2022
18-10-2022,33263537,0,0,0,0,0,0,0,0,0,0,0,0,0,0,0,0,0,0,0,0,0,0,0,1,1,15,15% Discount,10,Q4,42,2022
19-10-2022,34765397,4132289,1059040,0,0,1229480,578474,556857,0,1318444,0,0,0,0,706404,518700,162759,782443,360482,195018,539115,0,300579,1,0,1,10,10% Discount,10,Q4,42,2022
20-10-2022,34939755,6897823,0,0,0,986005,765173,643560,0,1995533,0,0,1271886,0,683860,483702,287274,686527,344991,0,579160,847499,0,1,1,0,0,No Offer,10,Q4,42,2022
21-10-2022,31211402,4106684,0,0,0,1516879,994265,1096273,0,1425829,0,0,1271879,0,1071032,590636,238333,933468,423485,0,744306,704840,0,0,0,1,10,10% Discount,10,Q4,42,2022
22-10-2022,34152957,0,0,0,0,0,0,0,0,0,0,0,0,0,0,0,0,0,0,0,0,0,0,1,0,1,5,5% Discount,10,Q4,42,2022
23-10-2022,29403282,0,0,0,0,0,0,0,0,0,0,0,0,0,0,0,0,0,0,0,0,0,0,0,1,0,0,No Offer,10,Q4,42,2022
24-10-2022,34846319,0,0,0,0,0,0,0,0,0,0,0,0,0,0,0,0,0,0,0,0,0,0,1,0,1,10,10% Discount,10,Q4,43,2022
25-10-2022,34849549,3481688,0,0,0,663899,662600,440961,0,1135932,0,0,1300113,0,731035,365851,118443,358884,217479,0,550195,652088,0,1,0,0,0,No Offer,10,Q4,43,2022
26-10-2022,27196875,3065665,0,0,0,578154,642518,457974,0,536987,0,0,899304,0,662936,357206,125628,366331,221814,0,361413,685576,0,0,0,0,0,No Offer,10,Q4,43,2022
27-10-2022,32725146,0,0,0,0,0,0,0,0,0,0,0,0,0,0,0,0,0,0,0,0,0,0,0,1,0,0,No Offer,10,Q4,43,2022
28-10-2022,30636300,0,0,0,0,0,0,0,0,0,0,0,0,0,0,0,0,0,0,0,0,0,0,0,0,1,5,5% Discount,10,Q4,43,2022
29-10-2022,28643198,0,0,0,0,0,0,0,0,0,0,0,0,0,0,0,0,0,0,0,0,0,0,0,0,1,5,5% Discount,10,Q4,43,2022
30-10-2022,34727054,0,0,0,0,0,0,0,0,0,0,0,0,0,0,0,0,0,0,0,0,0,0,1,0,1,15,15% Discount,10,Q4,43,2022
31-10-2022,31575884,0,0,0,0,0,0,0,0,0,0,0,0,0,0,0,0,0,0,0,0,0,0,1,0,0,0,No Offer,10,Q4,44,2022
01-11-2022,35155779,0,0,0,0,0,0,0,0,0,0,0,0,0,0,0,0,0,0,0,0,0,0,0,1,1,10,10% Discount,11,Q4,44,2022
02-11-2022,35590589,0,0,0,0,0,0,0,0,0,0,0,0,0,0,0,0,0,0,0,0,0,0,1,1,0,0,No Offer,11,Q4,44,2022
03-11-2022,30146200,0,0,0,0,0,0,0,0,0,0,0,0,0,0,0,0,0,0,0,0,0,0,0,0,1,10,10% Discount,11,Q4,44,2022
04-11-2022,28162403,0,0,0,0,0,0,0,0,0,0,0,0,0,0,0,0,0,0,0,0,0,0,1,0,0,0,No Offer,11,Q4,44,2022
05-11-2022,34679622,3899344,640666,0,0,956446,664426,575830,0,0,0,130558,0,0,710975,349970,150934,475779,293663,0,503396,0,391986,0,0,1,20,20% Discount,11,Q4,44,2022
06-11-2022,28456372,0,0,0,0,0,0,0,0,0,0,0,0,0,0,0,0,0,0,0,0,0,0,1,0,0,0,No Offer,11,Q4,44,2022
07-11-2022,33194142,6463409,1161487,0,0,1124680,871809,873531,0,0,0,168457,0,0,662147,477438,131950,589551,341204,0,567662,0,327443,1,1,1,5,5% Discount,11,Q4,45,2022
08-11-2022,30295011,3461054,548561,0,0,768163,775457,733060,0,0,0,168230,0,0,810501,335813,114977,373738,272064,0,609997,0,386319,0,1,0,0,No Offer,11,Q4,45,2022
09-11-2022,31046100,3991141,1246476,0,0,1206436,812925,459777,0,0,0,176055,0,0,714815,391221,167543,580977,619531,0,769062,0,300832,1,0,1,5,5% Discount,11,Q4,45,2022
10-11-2022,35438942,3729486,0,0,0,1130702,862946,791888,0,0,0,195297,1904631,0,819026,638852,273466,695788,584731,0,1223268,0,569318,1,0,1,10,10% Discount,11,Q4,45,2022
11-11-2022,35527939,0,0,0,0,0,0,0,0,0,0,0,0,0,0,0,0,0,0,0,0,0,0,1,1,1,5,5% Discount,11,Q4,45,2022
12-11-2022,33819938,0,0,0,0,0,0,0,0,0,0,0,0,0,0,0,0,0,0,0,0,0,0,0,1,1,5,5% Discount,11,Q4,45,2022
13-11-2022,27023437,7337556,0,0,0,1369702,974755,826151,0,0,0,170229,580699,0,910829,433236,142307,774557,374266,0,680660,0,306192,0,0,1,5,5% Discount,11,Q4,45,2022
14-11-2022,34743744,0,0,0,0,0,0,0,0,0,0,0,0,0,0,0,0,0,0,0,0,0,0,1,1,1,5,5% Discount,11,Q4,46,2022
15-11-2022,36089911,4434414,0,0,0,1142039,627983,585193,0,0,0,194502,2807280,0,736607,453417,162279,609127,389944,0,818630,0,331555,1,0,1,15,15% Discount,11,Q4,46,2022
16-11-2022,29993363,0,0,0,0,0,0,0,0,0,0,0,0,0,0,0,0,0,0,0,0,0,0,0,0,1,5,5% Discount,11,Q4,46,2022
17-11-2022,33562627,0,0,0,0,0,0,0,0,0,0,0,0,0,0,0,0,0,0,0,0,0,0,1,0,0,0,No Offer,11,Q4,46,2022
18-11-2022,32891960,0,0,0,0,0,0,0,0,0,0,0,0,0,0,0,0,0,0,0,0,0,0,1,0,1,10,10% Discount,11,Q4,46,2022
19-11-2022,31321794,0,0,0,0,0,0,0,0,0,0,0,0,0,0,0,0,0,0,0,0,0,0,1,0,0,0,No Offer,11,Q4,46,2022
20-11-2022,37302342,5810850,0,0,0,1445790,936376,1112123,0,0,0,211431,2842611,0,693803,585033,195891,711501,574130,359004,775940,0,799844,1,1,1,5,5% Discount,11,Q4,46,2022
21-11-2022,32636668,1981513,0,0,0,1021740,432941,586607,0,0,0,97435,1100525,0,639504,390232,132209,628507,345192,125438,498239,0,191891,1,1,1,10,10% Discount,11,Q4,47,2022
22-11-2022,32980049,3562842,0,0,0,766300,1018868,716088,0,0,0,233996,1188781,0,767521,462266,130036,694785,363053,197531,812146,0,613427,1,0,0,0,No Offer,11,Q4,47,2022
23-11-2022,33812508,0,0,0,0,0,0,0,0,0,0,0,0,0,0,0,0,0,0,0,0,0,0,0,1,1,5,5% Discount,11,Q4,47,2022
24-11-2022,29661450,0,0,0,0,0,0,0,0,0,0,0,0,0,0,0,0,0,0,0,0,0,0,1,0,0,0,No Offer,11,Q4,47,2022
25-11-2022,35431048,0,0,0,0,0,0,0,0,0,0,0,0,0,0,0,0,0,0,0,0,0,0,1,0,1,15,15% Discount,11,Q4,47,2022
26-11-2022,40981823,4018958,704473,343173,0,1067298,667078,408326,0,0,292798,161246,1652106,383505,548661,313434,166976,571019,349878,123516,550624,0,0,1,1,1,10,10% Discount,11,Q4,47,2022
27-11-2022,29934789,2681930,848578,271152,0,619717,548431,428559,0,0,474684,167098,939520,599687,627181,321401,159234,363691,235307,199560,316442,0,0,0,0,0,0,No Offer,11,Q4,47,2022
28-11-2022,33212717,2886668,1211985,419819,0,992993,1331553,980798,0,0,326853,188470,1046181,471619,586038,619332,173464,680084,292634,130557,897451,0,0,0,1,1,5,5% Discount,11,Q4,48,2022
29-11-2022,30512425,2505766,775473,249580,0,547287,620665,526538,0,0,459969,142441,1305298,492887,683375,325917,152822,519840,218075,210936,463678,0,0,0,0,0,0,No Offer,11,Q4,48,2022
30-11-2022,38611887,0,0,0,0,0,0,0,0,0,0,0,0,0,0,0,0,0,0,0,0,0,0,1,0,1,10,10% Discount,11,Q4,48,2022
01-12-2022,34311512,0,0,0,0,0,0,0,0,0,0,0,0,0,0,0,0,0,0,0,0,0,0,0,1,1,5,5% Discount,12,Q4,48,2022
02-12-2022,34725210,0,0,0,0,0,0,0,0,0,0,0,0,0,0,0,0,0,0,0,0,0,0,0,1,1,10,10% Discount,12,Q4,48,2022
03-12-2022,34916182,0,0,0,0,0,0,0,0,0,0,0,0,0,0,0,0,0,0,0,0,0,0,0,1,0,0,No Offer,12,Q4,48,2022
04-12-2022,33800582,0,0,0,0,0,0,0,0,0,0,0,0,0,0,0,0,0,0,0,0,0,0,1,0,0,0,No Offer,12,Q4,48,2022
05-12-2022,33575918,0,0,0,0,0,0,0,0,0,0,0,0,0,0,0,0,0,0,0,0,0,0,1,0,1,5,5% Discount,12,Q4,49,2022
06-12-2022,35730011,2945352,1101233,232835,0,782524,526339,414683,0,0,251901,156910,0,373355,567789,343800,107821,332111,317895,94982,550065,0,309353,1,1,0,0,No Offer,12,Q4,49,2022
07-12-2022,43641510,7182253,1125344,392487,0,1154235,784833,547707,0,0,373545,240057,0,571353,1018966,384104,155870,626289,557639,183836,682870,0,409299,1,1,1,20,20% Discount,12,Q4,49,2022
08-12-2022,33370055,0,0,0,0,0,0,0,0,0,0,0,0,0,0,0,0,0,0,0,0,0,0,0,1,1,5,5% Discount,12,Q4,49,2022
09-12-2022,32237160,0,0,0,0,0,0,0,0,0,0,0,0,0,0,0,0,0,0,0,0,0,0,0,0,1,10,10% Discount,12,Q4,49,2022
10-12-2022,33379233,0,0,0,0,0,0,0,0,0,0,0,0,0,0,0,0,0,0,0,0,0,0,1,0,1,5,5% Discount,12,Q4,49,2022
11-12-2022,38638869,2834183,0,309693,0,870334,439461,630709,0,0,327554,272736,1393836,598865,557905,377985,172465,470043,322151,115705,642769,0,225834,1,0,1,5,5% Discount,12,Q4,49,2022
12-12-2022,32309966,2301827,0,252462,0,574302,780959,556499,0,0,172483,132130,1139375,682248,568200,358073,110785,451590,263053,137736,433002,0,413341,0,1,0,0,No Offer,12,Q4,50,2022
13-12-2022,32752434,0,0,0,0,0,0,0,0,0,0,0,0,0,0,0,0,0,0,0,0,0,0,1,0,0,0,No Offer,12,Q4,50,2022
14-12-2022,34339876,3536051,0,242351,0,876762,621937,541143,0,0,380816,133438,966243,478265,594062,433547,179162,295692,252502,239785,414544,0,333949,0,1,1,10,10% Discount,12,Q4,50,2022
15-12-2022,35866928,0,0,260894,0,1080794,1033175,432525,0,0,448066,159221,1773729,504766,929169,428703,170750,803875,470322,224239,1115687,806963,741090,1,0,0,0,No Offer,12,Q4,50,2022
16-12-2022,41063183,0,0,0,0,0,0,0,0,0,0,0,0,0,0,0,0,0,0,0,0,0,0,1,0,1,20,20% Discount,12,Q4,50,2022
17-12-2022,32009327,0,0,473293,0,1482699,607157,705496,0,0,714895,151820,1573962,768891,827273,585441,154756,440003,262614,256410,650539,775984,271020,0,1,0,0,No Offer,12,Q4,50,2022
18-12-2022,37038487,0,0,622737,0,1658182,1390623,883519,0,0,223157,125787,2089317,547421,1056335,538842,183761,837771,554872,265664,1339987,849036,625023,1,1,0,0,No Offer,12,Q4,50,2022
19-12-2022,33557106,0,0,611335,0,1349227,1004115,681520,0,0,473391,255092,1703056,857983,776577,569734,223454,605970,481042,419668,659717,1160846,866538,0,1,0,0,No Offer,12,Q4,51,2022
20-12-2022,32788502,0,0,0,0,0,0,0,0,0,0,0,0,0,0,0,0,0,0,0,0,0,0,1,0,0,0,No Offer,12,Q4,51,2022
21-12-2022,31161771,0,0,400327,0,1423502,939991,644769,0,0,509700,178033,779321,664836,823314,576341,201761,564234,366616,250877,774677,1080508,370008,0,1,1,5,5% Discount,12,Q4,51,2022
22-12-2022,35399930,0,0,0,0,0,0,0,0,0,0,0,0,0,0,0,0,0,0,0,0,0,0,0,1,1,5,5% Discount,12,Q4,51,2022
23-12-2022,31735742,0,0,0,0,0,0,0,0,0,0,0,0,0,0,0,0,0,0,0,0,0,0,0,1,0,0,No Offer,12,Q4,51,2022
24-12-2022,36558083,3459801,0,464422,0,1385135,1094204,1006436,0,0,399593,277422,1509127,0,988837,670394,252316,792496,909501,182472,1380366,0,1091424,1,0,1,5,5% Discount,12,Q4,51,2022
25-12-2022,31169627,4235258,0,378310,0,1069454,977302,869992,0,0,484925,285785,1223562,0,909698,452408,166992,457323,475074,208060,587363,0,269075,0,0,0,0,No Offer,12,Q4,51,2022
26-12-2022,33140606,0,0,0,0,0,0,0,0,0,0,0,0,0,0,0,0,0,0,0,0,0,0,0,1,0,0,No Offer,12,Q4,52,2022
27-12-2022,33380620,0,0,0,0,0,0,0,0,0,0,0,0,0,0,0,0,0,0,0,0,0,0,1,0,0,0,No Offer,12,Q4,52,2022
28-12-2022,31779477,0,0,0,0,0,0,0,0,0,0,0,0,0,0,0,0,0,0,0,0,0,0,0,1,0,0,No Offer,12,Q4,52,2022
29-12-2022,32013578,3725328,0,259848,0,1080542,599135,461164,0,0,482673,271796,1144552,0,574937,442295,214633,412740,331158,133567,768394,0,352376,0,1,1,5,5% Discount,12,Q4,52,2022
30-12-2022,33001901,0,0,0,0,0,0,0,0,0,0,0,0,0,0,0,0,0,0,0,0,0,0,1,0,0,0,No Offer,12,Q4,52,2022
31-12-2022,35438455,4828839,0,508848,0,933471,1119234,787294,0,0,565313,240344,1898925,0,764730,393446,247681,784323,372515,252742,908135,0,460597,1,0,0,0,No Offer,12,Q4,52,2022
01-01-2023,26363314,0,0,0,0,0,0,0,0,0,0,0,0,0,0,0,0,0,0,0,0,0,0,0,1,0,0,No Offer,1,Q1,52,2023
02-01-2023,30461326,0,0,0,0,0,0,0,0,0,0,0,0,0,0,0,0,0,0,0,0,0,0,1,1,1,5,5% Discount,1,Q1,1,2023
03-01-2023,29683588,3784238,0,264247,0,854425,649429,424592,0,0,322414,159576,1213825,0,725156,486029,101927,535411,229377,173017,712539,0,305059,1,1,1,10,10% Discount,1,Q1,1,2023
04-01-2023,26369703,0,0,0,0,0,0,0,0,0,0,0,0,0,0,0,0,0,0,0,0,0,0,0,1,0,0,No Offer,1,Q1,1,2023
05-01-2023,25759563,0,1753698,451935,0,1303425,1493563,1128411,0,0,499534,372010,2834044,0,1087925,613265,458943,1222240,840423,234031,0,0,1089006,1,0,1,5,5% Discount,1,Q1,1,2023
06-01-2023,23280796,0,1405470,352562,0,938110,734573,816677,0,0,339227,210855,2963349,0,712535,490061,185752,491556,365824,343506,0,0,453574,1,0,0,0,No Offer,1,Q1,1,2023
07-01-2023,29272498,0,0,0,0,0,0,0,0,0,0,0,0,0,0,0,0,0,0,0,0,0,0,1,0,1,5,5% Discount,1,Q1,1,2023
08-01-2023,26047078,0,0,0,0,0,0,0,0,0,0,0,0,0,0,0,0,0,0,0,0,0,0,1,0,0,0,No Offer,1,Q1,1,2023
09-01-2023,26731789,0,0,0,0,0,0,0,0,0,0,0,0,0,0,0,0,0,0,0,0,0,0,1,1,1,10,10% Discount,1,Q1,2,2023
10-01-2023,27685101,0,943816,605059,0,1470817,832462,1048212,0,0,317435,263170,1810121,0,1143807,671196,291422,482850,419430,267057,0,0,599434,0,1,1,5,5% Discount,1,Q1,2,2023
11-01-2023,22397969,0,0,0,0,0,0,0,0,0,0,0,0,0,0,0,0,0,0,0,0,0,0,0,0,1,5,5% Discount,1,Q1,2,2023
12-01-2023,27465202,0,0,0,0,0,0,0,0,0,0,0,0,0,0,0,0,0,0,0,0,0,0,1,1,1,5,5% Discount,1,Q1,2,2023
13-01-2023,26799107,2449709,1228566,175388,553733,1255205,813744,520176,0,0,660794,192499,0,0,649027,421010,155545,512957,359264,187353,497018,0,0,1,0,0,0,No Offer,1,Q1,2,2023
14-01-2023,28448915,0,0,0,0,0,0,0,0,0,0,0,0,0,0,0,0,0,0,0,0,0,0,0,1,1,10,10% Discount,1,Q1,2,2023
15-01-2023,22891846,3968960,585900,267319,546926,534454,432880,411037,0,0,204328,107004,0,0,480442,216923,93622,367518,204747,236368,241600,0,0,0,1,0,0,No Offer,1,Q1,2,2023
16-01-2023,25524355,0,0,0,0,0,0,0,0,0,0,0,0,0,0,0,0,0,0,0,0,0,0,0,0,1,5,5% Discount,1,Q1,3,2023
17-01-2023,28712649,6588546,816703,359139,831673,1160245,760873,851902,0,0,490398,159602,0,0,690724,361197,165968,633585,369790,158736,1224018,0,0,1,1,0,0,No Offer,1,Q1,3,2023
18-01-2023,28052845,4861203,1526604,281262,1110668,877516,777157,522102,0,0,468385,168955,0,0,909631,380709,144855,696576,451752,212743,916918,0,0,1,1,1,10,10% Discount,1,Q1,3,2023
19-01-2023,23114510,0,1982505,0,621945,890774,984157,1064646,0,0,312295,229691,1007611,719316,720732,452289,174584,472231,526908,150336,792445,449146,602261,0,0,1,5,5% Discount,1,Q1,3,2023
20-01-2023,26581651,0,0,0,0,0,0,0,0,0,0,0,0,0,0,0,0,0,0,0,0,0,0,0,0,1,10,10% Discount,1,Q1,3,2023
21-01-2023,24736082,0,0,0,0,0,0,0,0,0,0,0,0,0,0,0,0,0,0,0,0,0,0,1,1,0,0,No Offer,1,Q1,3,2023
22-01-2023,29555062,0,0,0,0,0,0,0,0,0,0,0,0,0,0,0,0,0,0,0,0,0,0,1,1,0,0,No Offer,1,Q1,3,2023
23-01-2023,25609512,0,0,0,0,0,0,0,0,0,0,0,0,0,0,0,0,0,0,0,0,0,0,0,1,0,0,No Offer,1,Q1,4,2023
24-01-2023,26123340,0,0,0,0,0,0,0,0,0,0,0,0,0,0,0,0,0,0,0,0,0,0,0,1,1,5,5% Discount,1,Q1,4,2023
25-01-2023,27517085,0,0,0,0,0,0,0,0,0,0,0,0,0,0,0,0,0,0,0,0,0,0,1,0,1,10,10% Discount,1,Q1,4,2023
26-01-2023,31662154,0,0,0,0,0,0,0,0,0,0,0,0,0,0,0,0,0,0,0,0,0,0,1,0,1,15,15% Discount,1,Q1,4,2023
27-01-2023,30776251,0,0,0,0,0,0,0,0,0,0,0,0,0,0,0,0,0,0,0,0,0,0,1,1,0,0,No Offer,1,Q1,4,2023
28-01-2023,23482759,0,2072899,0,277246,1120032,1118030,515849,0,0,235473,143811,1211445,481761,803473,488989,161521,676226,314837,309176,841154,0,522295,0,0,1,10,10% Discount,1,Q1,4,2023
29-01-2023,27265749,0,1905914,0,1641354,1341025,961418,870536,0,0,329105,158502,2024510,1059761,657379,747703,248301,858561,445014,203701,580093,0,693758,1,0,1,5,5% Discount,1,Q1,4,2023
30-01-2023,28134690,0,0,0,0,0,0,0,0,0,0,0,0,0,0,0,0,0,0,0,0,0,0,1,0,0,0,No Offer,1,Q1,5,2023
31-01-2023,26029499,0,0,0,0,0,0,0,0,0,0,0,0,0,0,0,0,0,0,0,0,0,0,1,1,0,0,No Offer,1,Q1,5,2023
01-02-2023,29765826,0,1417182,0,937770,1409461,1109529,1297220,0,0,724049,396679,1927883,633235,1216930,838276,412231,810644,600779,470427,1573641,0,444351,1,1,1,5,5% Discount,2,Q1,5,2023
02-02-2023,24728245,4118782,1100269,0,0,887250,670427,501848,0,0,512261,155213,850934,414476,551349,405796,169412,452832,263436,271890,438367,0,0,0,0,0,0,No Offer,2,Q1,5,2023
03-02-2023,21325842,0,0,0,0,0,0,0,0,0,0,0,0,0,0,0,0,0,0,0,0,0,0,0,0,1,5,5% Discount,2,Q1,5,2023
04-02-2023,30804662,0,0,0,0,0,0,0,0,0,0,0,0,0,0,0,0,0,0,0,0,0,0,1,1,1,5,5% Discount,2,Q1,5,2023
05-02-2023,22678414,2871092,861605,0,0,1012229,858977,557441,0,0,619085,206111,1145255,251858,885530,540941,132055,487130,282565,171728,859611,0,0,0,0,1,5,5% Discount,2,Q1,5,2023
06-02-2023,28547879,0,0,0,0,0,0,0,0,0,0,0,0,0,0,0,0,0,0,0,0,0,0,0,1,1,15,15% Discount,2,Q1,6,2023
07-02-2023,30162677,3508642,566049,0,0,874734,648207,431359,0,0,260623,153187,601778,493077,469103,254896,102449,319130,383815,139920,929714,0,0,1,1,0,0,No Offer,2,Q1,6,2023
08-02-2023,24180889,6221085,724059,0,0,857673,753504,579183,0,0,530839,135316,1004302,602461,622423,267571,131987,487779,282034,132106,1087311,0,0,1,1,0,0,No Offer,2,Q1,6,2023
09-02-2023,27449429,2435391,798405,0,0,1255517,795394,478406,0,0,604761,176272,0,704358,883944,617363,216020,592324,401742,192455,0,0,548218,0,1,1,5,5% Discount,2,Q1,6,2023
10-02-2023,34220022,4237841,1391413,0,0,1206868,623226,702448,0,0,363743,211758,0,457336,799479,515493,123399,917941,549631,168614,0,0,438741,1,1,1,10,10% Discount,2,Q1,6,2023
11-02-2023,24403104,3738072,1587818,0,0,1547683,882741,961492,0,0,221020,274382,0,530617,857416,541612,226591,728211,420675,186559,0,0,431744,0,0,1,10,10% Discount,2,Q1,6,2023
12-02-2023,31551709,5151962,1320014,0,0,906879,813842,726692,0,0,576983,128350,0,500874,898925,394516,206976,429177,421976,183614,0,0,550200,1,1,1,10,10% Discount,2,Q1,6,2023
13-02-2023,28323796,0,0,0,0,0,0,0,0,0,0,0,0,0,0,0,0,0,0,0,0,0,0,0,1,1,5,5% Discount,2,Q1,7,2023
14-02-2023,26489298,0,0,0,0,0,0,0,0,0,0,0,0,0,0,0,0,0,0,0,0,0,0,1,0,1,15,15% Discount,2,Q1,7,2023
15-02-2023,29528654,3412401,1540303,0,0,813471,710741,505336,0,0,225876,144743,0,888698,725926,488885,165881,622207,418418,227267,0,0,435534,1,1,0,0,No Offer,2,Q1,7,2023
16-02-2023,27761873,0,0,0,0,0,0,0,0,0,0,0,0,0,0,0,0,0,0,0,0,0,0,1,0,0,0,No Offer,2,Q1,7,2023
17-02-2023,26189911,0,0,0,0,0,0,0,0,0,0,0,0,0,0,0,0,0,0,0,0,0,0,0,1,0,0,No Offer,2,Q1,7,2023
18-02-2023,25356802,0,0,0,0,0,0,0,0,0,0,0,0,0,0,0,0,0,0,0,0,0,0,0,1,0,0,No Offer,2,Q1,7,2023
19-02-2023,23713668,0,0,0,0,0,0,0,0,0,0,0,0,0,0,0,0,0,0,0,0,0,0,0,1,0,0,No Offer,2,Q1,7,2023
20-02-2023,27336603,0,0,0,0,0,0,0,0,0,0,0,0,0,0,0,0,0,0,0,0,0,0,0,1,0,0,No Offer,2,Q1,8,2023
21-02-2023,24348285,0,0,0,0,0,0,0,0,0,0,0,0,0,0,0,0,0,0,0,0,0,0,0,0,1,5,5% Discount,2,Q1,8,2023
22-02-2023,23866242,0,0,0,0,0,0,0,0,0,0,0,0,0,0,0,0,0,0,0,0,0,0,0,1,0,0,No Offer,2,Q1,8,2023
23-02-2023,27726171,4380913,0,0,0,1296849,695918,685373,0,0,0,202066,1499616,465946,682595,597664,184176,868267,384502,0,511409,728145,552367,1,0,1,10,10% Discount,2,Q1,8,2023
24-02-2023,28892882,3535052,0,0,0,1078955,828254,534745,0,0,0,255038,1229029,373100,511607,432837,215509,504666,347291,0,552921,905340,451573,0,1,1,15,15% Discount,2,Q1,8,2023
25-02-2023,27672276,5183677,0,0,0,1290573,880644,744699,0,0,0,218844,1712529,663579,784822,584864,204288,887652,468392,0,1305114,745383,489175,1,1,1,10,10% Discount,2,Q1,8,2023
26-02-2023,26207021,5832066,0,0,0,773103,532405,490434,0,0,0,153833,996743,265944,543440,386135,132401,531923,438224,0,1337893,468798,449368,1,0,0,0,No Offer,2,Q1,8,2023
27-02-2023,22791389,2975323,0,0,0,843062,592905,527887,0,0,0,189451,971564,422616,686128,327998,120129,402555,203747,0,673900,306354,334415,0,0,0,0,No Offer,2,Q1,9,2023
28-02-2023,25252226,2307120,0,0,0,742647,691177,503672,0,0,0,177502,949275,349142,459974,464522,146207,373660,276245,0,292537,314384,243781,0,0,0,0,No Offer,2,Q1,9,2023
01-03-2023,23589666,0,0,0,0,0,0,0,0,0,0,0,0,0,0,0,0,0,0,0,0,0,0,0,1,0,0,No Offer,3,Q1,9,2023
02-03-2023,31448876,4533030,0,0,0,1060432,668379,798593,0,0,0,122391,999970,358626,740056,376838,119761,559527,483923,0,729875,886271,667560,1,1,0,0,No Offer,3,Q1,9,2023
03-03-2023,32306249,5189450,0,0,0,1085692,1299434,746715,0,0,0,425517,2280103,769159,867298,669629,170671,1236208,522680,0,1386153,952895,472604,1,0,1,10,10% Discount,3,Q1,9,2023
04-03-2023,23656346,3251176,0,0,0,798792,725685,658568,0,0,0,206179,819506,569872,731636,582602,187883,591715,351938,0,809993,584283,275883,0,1,0,0,No Offer,3,Q1,9,2023
05-03-2023,27780212,5088214,0,0,0,970671,966793,1040639,0,0,0,175865,1789752,654001,880172,434134,150185,537278,492542,0,888042,780422,320612,1,1,1,5,5% Discount,3,Q1,9,2023
06-03-2023,30531501,0,0,0,0,0,0,0,0,0,0,0,0,0,0,0,0,0,0,0,0,0,0,1,0,0,0,No Offer,3,Q1,10,2023
07-03-2023,26082543,6157084,0,0,0,828147,720592,490802,0,0,0,126460,806668,418843,438078,356433,130699,670107,411088,0,460146,497834,482352,1,0,0,0,No Offer,3,Q1,10,2023
08-03-2023,30367198,0,0,0,0,0,0,0,0,0,0,0,0,0,0,0,0,0,0,0,0,0,0,0,0,1,5,5% Discount,3,Q1,10,2023
09-03-2023,23716872,3575277,916497,0,0,873703,1181922,817243,0,0,0,294193,0,435189,854024,414130,126773,506881,434887,0,0,647533,429631,0,1,0,0,No Offer,3,Q1,10,2023
10-03-2023,26872673,0,0,0,0,0,0,0,0,0,0,0,0,0,0,0,0,0,0,0,0,0,0,0,1,0,0,No Offer,3,Q1,10,2023
11-03-2023,26566318,3812595,1272834,0,0,970284,749654,687566,0,0,0,169246,0,594461,775941,706237,242963,670641,472413,0,0,861493,491296,0,0,1,10,10% Discount,3,Q1,10,2023
12-03-2023,25300599,0,0,0,0,0,0,0,0,0,0,0,0,0,0,0,0,0,0,0,0,0,0,0,0,1,5,5% Discount,3,Q1,10,2023
13-03-2023,30629281,6308983,1307995,0,0,656549,613515,538103,0,0,0,135736,0,285196,630338,351739,119769,532626,329692,0,0,787726,293031,1,1,0,0,No Offer,3,Q1,11,2023
14-03-2023,28458511,4155876,938871,0,0,827897,737723,576607,0,0,0,110086,0,400597,520720,242749,142788,454026,281135,0,0,539747,218454,0,0,1,15,15% Discount,3,Q1,11,2023
15-03-2023,29506986,4284185,2176496,0,0,955694,910246,971251,0,0,0,286107,0,612872,629088,533327,286353,964413,646534,0,0,1095483,443281,1,1,0,0,No Offer,3,Q1,11,2023
16-03-2023,24996062,0,0,0,0,0,0,0,0,0,0,0,0,0,0,0,0,0,0,0,0,0,0,0,1,0,0,No Offer,3,Q1,11,2023
17-03-2023,26195731,4388001,793182,0,0,660831,702633,553140,0,718677,0,259705,0,413636,771864,399925,146110,464874,300062,153970,0,737536,654523,0,0,0,0,No Offer,3,Q1,11,2023
18-03-2023,28646662,2972060,1379987,0,0,805526,581818,599238,0,747506,0,148014,0,518106,692233,417363,140464,419754,346037,173995,0,516383,266322,1,0,0,0,No Offer,3,Q1,11,2023
19-03-2023,27878087,4020530,1189116,0,0,1355866,1144208,791835,0,1173448,0,161462,0,423125,822690,459791,206506,597364,330235,223424,0,934369,392708,0,1,1,5,5% Discount,3,Q1,11,2023
20-03-2023,26556516,3185658,1029586,0,0,691344,778328,479129,0,964016,0,224218,0,321842,595664,375388,108089,385811,268152,165768,0,272990,419063,0,0,1,5,5% Discount,3,Q1,12,2023
21-03-2023,26824407,5203527,857517,0,0,820583,751673,630751,0,744707,0,119289,0,731226,689893,363063,191047,544746,334485,102399,0,680100,279394,0,0,1,5,5% Discount,3,Q1,12,2023
22-03-2023,23530472,3441720,879983,0,0,865735,569216,477048,0,769841,0,101824,0,426262,544695,372346,150178,427436,374283,233955,0,351547,348215,0,0,0,0,No Offer,3,Q1,12,2023
23-03-2023,25489201,4923513,961487,142904,0,1019901,543794,362865,0,440133,0,137569,0,696353,823959,472643,125791,262783,299668,272367,516597,858566,0,0,0,0,0,No Offer,3,Q1,12,2023
24-03-2023,29994760,7054732,1921081,561811,0,1201417,1112948,726439,0,1284574,0,202433,0,707518,604303,773746,135888,830075,439622,166931,631042,597388,0,1,1,1,5,5% Discount,3,Q1,12,2023
25-03-2023,30152548,4737484,751322,260458,0,876460,850575,657069,0,599368,0,146723,0,497823,822347,401453,124819,294818,270625,148093,397600,549939,0,0,1,1,10,10% Discount,3,Q1,12,2023
26-03-2023,31851259,0,0,0,0,0,0,0,0,0,0,0,0,0,0,0,0,0,0,0,0,0,0,1,1,1,10,10% Discount,3,Q1,12,2023
27-03-2023,28642783,0,0,0,0,0,0,0,0,0,0,0,0,0,0,0,0,0,0,0,0,0,0,1,0,0,0,No Offer,3,Q1,13,2023
28-03-2023,25950884,4779059,1013553,569595,0,870720,1191105,433377,0,692820,0,205982,0,562508,839097,555910,196686,542742,344939,222118,407824,758691,0,0,0,1,10,10% Discount,3,Q1,13,2023
29-03-2023,32182216,4371172,798246,235263,0,836922,749439,649859,0,1386617,0,189423,0,975436,714488,363262,158326,530715,384707,184175,463653,737773,0,1,0,1,15,15% Discount,3,Q1,13,2023
30-03-2023,25084163,0,0,0,0,0,0,0,0,0,0,0,0,0,0,0,0,0,0,0,0,0,0,0,1,0,0,No Offer,3,Q1,13,2023
31-03-2023,26709399,4586601,0,0,0,1631720,911085,690096,0,942463,0,192843,0,446939,1208672,476785,240851,477409,350363,170877,749284,545093,0,0,1,0,0,No Offer,3,Q1,13,2023
01-04-2023,28682138,6847892,0,0,0,1084774,1006530,637353,0,808676,0,270527,0,976983,1146323,275894,188425,630183,597063,165057,941218,590170,0,0,0,1,15,15% Discount,4,Q2,13,2023
02-04-2023,27850167,6257533,0,0,0,1537132,875829,649702,0,978021,0,225013,0,567855,1011632,648373,194539,731292,496482,378647,431789,742419,0,1,0,0,0,No Offer,4,Q2,13,2023
03-04-2023,27405346,0,0,0,0,0,0,0,0,0,0,0,0,0,0,0,0,0,0,0,0,0,0,1,0,0,0,No Offer,4,Q2,14,2023
04-04-2023,28955317,0,0,0,0,0,0,0,0,0,0,0,0,0,0,0,0,0,0,0,0,0,0,0,1,0,0,No Offer,4,Q2,14,2023
05-04-2023,31063357,0,0,0,0,0,0,0,0,0,0,0,0,0,0,0,0,0,0,0,0,0,0,0,1,1,15,15% Discount,4,Q2,14,2023
06-04-2023,30770950,3702304,0,0,0,727383,454642,338762,0,1566628,0,167605,0,273047,584189,260580,94831,495089,434883,120303,524030,0,0,1,1,0,0,No Offer,4,Q2,14,2023
07-04-2023,31643903,0,0,0,0,0,0,0,0,0,0,0,0,0,0,0,0,0,0,0,0,0,0,1,1,1,5,5% Discount,4,Q2,14,2023
08-04-2023,34326359,0,0,0,0,0,0,0,0,0,0,0,0,0,0,0,0,0,0,0,0,0,0,1,1,1,15,15% Discount,4,Q2,14,2023
09-04-2023,29803012,4239852,0,0,0,1894854,1008061,783563,0,1362520,0,192387,0,676574,843709,548125,183754,795454,531354,254769,414332,0,0,1,0,0,0,No Offer,4,Q2,14,2023
10-04-2023,23598963,2786018,0,0,0,605744,741412,574559,0,866153,0,199626,0,508627,656847,473345,179400,446844,321734,392871,611765,0,0,0,0,0,0,No Offer,4,Q2,15,2023
11-04-2023,28754716,0,0,0,0,0,0,0,0,0,0,0,0,0,0,0,0,0,0,0,0,0,0,1,0,0,0,No Offer,4,Q2,15,2023
12-04-2023,24727736,3729765,0,0,0,903166,688345,615483,0,609261,0,193377,0,535623,475460,474179,140547,588973,287614,172922,741727,0,0,0,0,0,0,No Offer,4,Q2,15,2023
13-04-2023,24601733,0,0,0,0,0,0,0,0,0,0,0,0,0,0,0,0,0,0,0,0,0,0,0,0,1,5,5% Discount,4,Q2,15,2023
14-04-2023,29114303,0,0,0,0,0,0,0,0,0,0,0,0,0,0,0,0,0,0,0,0,0,0,1,1,0,0,No Offer,4,Q2,15,2023
15-04-2023,26497641,0,0,0,0,0,0,0,0,0,0,0,0,0,0,0,0,0,0,0,0,0,0,0,1,0,0,No Offer,4,Q2,15,2023
16-04-2023,28894640,4518139,0,273320,0,1236662,1124156,885275,0,1189643,0,201906,1633401,0,727491,758796,219354,1048458,590695,153188,0,0,0,1,1,1,5,5% Discount,4,Q2,15,2023
17-04-2023,27514505,4285093,0,387809,0,1726706,1402751,1434858,0,897959,0,598258,2198526,0,998841,743851,337610,713654,475179,417714,0,0,0,0,0,1,10,10% Discount,4,Q2,16,2023
18-04-2023,29119259,0,0,0,0,0,0,0,0,0,0,0,0,0,0,0,0,0,0,0,0,0,0,1,1,0,0,No Offer,4,Q2,16,2023
19-04-2023,29452021,0,0,0,0,0,0,0,0,0,0,0,0,0,0,0,0,0,0,0,0,0,0,1,1,0,0,No Offer,4,Q2,16,2023
20-04-2023,30517959,0,0,0,0,0,0,0,0,0,0,0,0,0,0,0,0,0,0,0,0,0,0,1,0,1,5,5% Discount,4,Q2,16,2023
21-04-2023,24418087,3588610,0,0,0,1263740,871346,935393,0,1015706,0,234185,1178440,0,866720,603742,288092,596157,620668,258333,0,0,0,0,0,0,0,No Offer,4,Q2,16,2023
22-04-2023,27548621,0,0,0,0,0,0,0,0,0,0,0,0,0,0,0,0,0,0,0,0,0,0,0,0,1,5,5% Discount,4,Q2,16,2023
23-04-2023,26287201,4402924,0,0,0,1013685,1144524,882553,0,1140358,0,298857,1876627,0,1153932,822644,186795,942325,723157,338304,0,0,0,1,0,0,0,No Offer,4,Q2,16,2023
24-04-2023,28481600,5521577,0,0,0,1235798,834754,717655,0,742296,0,212032,1350760,0,1035647,619658,175072,581623,467557,235014,0,0,0,1,1,1,5,5% Discount,4,Q2,17,2023
25-04-2023,25721737,0,0,0,0,0,0,0,0,0,0,0,0,0,0,0,0,0,0,0,0,0,0,0,1,0,0,No Offer,4,Q2,17,2023
26-04-2023,25344042,0,0,0,0,0,0,0,0,0,0,0,0,0,0,0,0,0,0,0,0,0,0,1,1,1,5,5% Discount,4,Q2,17,2023
27-04-2023,27604778,2751083,528491,0,0,1048530,545433,353109,0,812366,0,96809,0,0,725080,291954,117217,282358,248559,161632,0,544583,0,0,1,0,0,No Offer,4,Q2,17,2023
28-04-2023,27498334,0,0,0,0,0,0,0,0,0,0,0,0,0,0,0,0,0,0,0,0,0,0,1,1,0,0,No Offer,4,Q2,17,2023
29-04-2023,30334007,4425805,1391234,0,0,1092588,1216056,553804,0,918032,0,217940,0,0,800049,454918,153348,512842,362844,269863,0,710325,0,1,0,1,20,20% Discount,4,Q2,17,2023
30-04-2023,28326107,5139347,815065,0,0,1159353,725755,684943,0,1382842,0,202587,0,0,791095,436724,184796,900414,549980,260657,0,615493,0,1,0,0,0,No Offer,4,Q2,17,2023
01-05-2023,25421446,2610302,1011687,0,0,1444235,1254067,860247,0,601852,0,220601,0,0,1009076,755365,207357,842373,369061,360196,0,932630,0,0,0,0,0,No Offer,5,Q2,18,2023
02-05-2023,27525181,0,0,0,0,0,0,0,0,0,0,0,0,0,0,0,0,0,0,0,0,0,0,1,0,0,0,No Offer,5,Q2,18,2023
03-05-2023,27877863,0,0,0,0,0,0,0,0,0,0,0,0,0,0,0,0,0,0,0,0,0,0,1,1,1,5,5% Discount,5,Q2,18,2023
04-05-2023,29395853,3642183,1149354,0,0,731906,1100010,450603,0,577906,0,172319,0,0,823928,362019,171630,518677,414268,319986,0,762098,0,0,1,0,0,No Offer,5,Q2,18,2023
05-05-2023,29507027,3814938,1082595,0,0,806631,680163,551533,0,707979,0,106575,0,0,687461,342510,130504,639769,385525,132966,0,661242,0,1,0,0,0,No Offer,5,Q2,18,2023
06-05-2023,31771107,0,0,0,0,0,0,0,0,0,0,0,0,0,0,0,0,0,0,0,0,0,0,1,0,0,0,No Offer,5,Q2,18,2023
07-05-2023,24350933,3427910,1041925,0,0,912146,781537,690013,0,684113,0,221408,0,0,933727,420195,238437,511177,348161,238381,0,588196,0,0,0,0,0,No Offer,5,Q2,18,2023
08-05-2023,23974895,3611922,1679514,0,0,1093095,1052267,651384,0,950548,0,172702,0,0,596053,335518,141557,516938,317250,227253,0,539496,0,0,0,1,5,5% Discount,5,Q2,19,2023
09-05-2023,32377045,5889436,1303944,0,0,1223400,1217497,764765,0,1082366,0,176520,0,0,708124,360640,197695,1172910,378251,297209,0,400715,0,1,0,1,10,10% Discount,5,Q2,19,2023
10-05-2023,29092464,3626009,1365141,0,0,1110551,812362,728021,0,1185536,0,238806,0,0,632587,319547,147819,542992,583057,448904,0,362627,0,1,0,1,5,5% Discount,5,Q2,19,2023
11-05-2023,29361756,0,0,0,0,0,0,0,0,0,0,0,0,0,0,0,0,0,0,0,0,0,0,1,0,0,0,No Offer,5,Q2,19,2023
12-05-2023,38897235,3973407,975528,0,0,612474,605816,450613,0,419344,256012,96480,0,361476,477842,296399,71670,392358,236471,131035,0,378036,0,1,1,1,20,20% Discount,5,Q2,19,2023
13-05-2023,29042202,0,0,0,0,0,0,0,0,0,0,0,0,0,0,0,0,0,0,0,0,0,0,0,1,1,5,5% Discount,5,Q2,19,2023
14-05-2023,27566040,0,0,0,0,0,0,0,0,0,0,0,0,0,0,0,0,0,0,0,0,0,0,0,0,1,10,10% Discount,5,Q2,19,2023
15-05-2023,33471078,4406077,799740,0,0,1246645,721296,765074,0,1129291,429631,216188,0,731135,869269,458909,174738,745277,571266,157024,0,746750,0,1,1,1,10,10% Discount,5,Q2,20,2023
16-05-2023,24615455,0,0,0,0,0,0,0,0,0,0,0,0,0,0,0,0,0,0,0,0,0,0,0,1,0,0,No Offer,5,Q2,20,2023
17-05-2023,30192649,3812078,1034573,0,0,987932,555182,398248,0,1768755,324845,152172,0,459910,448403,333961,145875,696989,334426,149620,0,538404,0,1,0,0,0,No Offer,5,Q2,20,2023
18-05-2023,32728487,3767710,0,235378,636101,632281,990634,581291,0,609067,375278,134355,0,387276,687624,306453,158403,603895,416707,190485,572446,404722,412315,1,1,0,0,No Offer,5,Q2,20,2023
19-05-2023,32681270,1928260,0,313306,469677,563578,514917,624460,0,329443,399732,146569,0,405645,408212,263258,130388,317661,182979,155091,345165,509570,238677,0,1,1,20,20% Discount,5,Q2,20,2023
20-05-2023,24823896,0,0,0,0,0,0,0,0,0,0,0,0,0,0,0,0,0,0,0,0,0,0,0,1,0,0,No Offer,5,Q2,20,2023
21-05-2023,30363957,0,0,0,0,0,0,0,0,0,0,0,0,0,0,0,0,0,0,0,0,0,0,1,1,0,0,No Offer,5,Q2,20,2023
22-05-2023,29668936,0,0,0,0,0,0,0,0,0,0,0,0,0,0,0,0,0,0,0,0,0,0,0,1,0,0,No Offer,5,Q2,21,2023
23-05-2023,29553315,0,0,0,0,0,0,0,0,0,0,0,0,0,0,0,0,0,0,0,0,0,0,1,1,0,0,No Offer,5,Q2,21,2023
24-05-2023,30341104,0,0,0,0,0,0,0,0,0,0,0,0,0,0,0,0,0,0,0,0,0,0,1,0,0,0,No Offer,5,Q2,21,2023
25-05-2023,28424425,0,0,0,0,0,0,0,0,0,0,0,0,0,0,0,0,0,0,0,0,0,0,1,0,0,0,No Offer,5,Q2,21,2023
26-05-2023,31908123,3625029,1022275,240500,749802,839071,714018,642925,0,550580,419767,194541,0,594530,584586,379948,164891,530786,372282,428726,447301,0,394560,1,0,1,10,10% Discount,5,Q2,21,2023
27-05-2023,29845945,2358912,996101,413412,944446,1015332,825103,778574,0,414146,443513,287730,0,584823,757081,433828,179645,718047,498804,114522,729571,0,581713,1,1,0,0,No Offer,5,Q2,21,2023
28-05-2023,30760390,3905723,279053,307929,581630,428355,364781,459371,0,591946,238789,69446,0,359872,410197,205311,111305,348272,202340,129850,711079,0,226243,1,1,0,0,No Offer,5,Q2,21,2023
29-05-2023,28044820,2394582,994278,326325,559829,937137,728254,492752,0,775823,304732,167796,0,1131764,725947,464172,161416,490251,380464,326559,811091,0,702836,0,1,0,0,No Offer,5,Q2,22,2023
30-05-2023,26501282,2153208,1166185,260789,278081,926941,617480,539877,0,569561,521404,171181,0,910792,675052,331462,178221,606970,376284,165840,651270,0,580209,0,0,1,15,15% Discount,5,Q2,22,2023
31-05-2023,32361448,0,0,0,0,0,0,0,0,0,0,0,0,0,0,0,0,0,0,0,0,0,0,1,1,1,5,5% Discount,5,Q2,22,2023
01-06-2023,23375974,1584932,927572,183479,0,738630,647078,444274,0,1084247,358622,164639,0,322948,557171,351298,130679,381563,315971,185677,521504,445459,407849,0,1,1,5,5% Discount,6,Q2,22,2023
02-06-2023,24878290,0,0,0,0,0,0,0,0,0,0,0,0,0,0,0,0,0,0,0,0,0,0,0,0,1,5,5% Discount,6,Q2,22,2023
03-06-2023,28704737,3243838,1137720,259999,0,753503,695043,374564,0,571521,332892,109959,0,388687,529621,454148,136846,406602,316728,169080,664177,474417,456985,0,0,1,15,15% Discount,6,Q2,22,2023
04-06-2023,29668707,0,0,0,0,0,0,0,0,0,0,0,0,0,0,0,0,0,0,0,0,0,0,1,0,0,0,No Offer,6,Q2,22,2023
05-06-2023,26548980,0,0,0,0,0,0,0,0,0,0,0,0,0,0,0,0,0,0,0,0,0,0,0,0,1,5,5% Discount,6,Q2,23,2023
06-06-2023,25558414,0,0,0,0,0,0,0,0,0,0,0,0,0,0,0,0,0,0,0,0,0,0,0,1,1,5,5% Discount,6,Q2,23,2023
07-06-2023,33169027,3684207,610699,267171,0,1076794,735691,579115,0,714422,438541,114196,0,261505,644876,348473,135091,572607,367836,247648,1173351,615657,442153,1,1,1,5,5% Discount,6,Q2,23,2023
08-06-2023,27981989,3819001,913436,457512,0,771330,724112,674473,0,543970,265118,163403,0,0,588666,350305,177208,707871,406130,124392,634645,328718,0,1,1,0,0,No Offer,6,Q2,23,2023
09-06-2023,27807556,0,0,0,0,0,0,0,0,0,0,0,0,0,0,0,0,0,0,0,0,0,0,0,1,0,0,No Offer,6,Q2,23,2023
10-06-2023,23187034,3155731,1148039,297377,0,1173419,564486,661965,0,381286,434052,139780,0,0,739038,362189,222824,494980,342397,298195,719492,470193,0,0,0,0,0,No Offer,6,Q2,23,2023
11-06-2023,26602760,0,0,0,0,0,0,0,0,0,0,0,0,0,0,0,0,0,0,0,0,0,0,0,1,1,5,5% Discount,6,Q2,23,2023
12-06-2023,26223636,0,0,0,0,0,0,0,0,0,0,0,0,0,0,0,0,0,0,0,0,0,0,1,0,0,0,No Offer,6,Q2,24,2023
13-06-2023,27052482,1879078,846945,263979,0,1094912,586704,478614,0,688203,441034,101366,0,0,849233,391071,122224,517526,348308,222249,476424,802101,0,0,1,0,0,No Offer,6,Q2,24,2023
14-06-2023,28598435,0,0,0,0,0,0,0,0,0,0,0,0,0,0,0,0,0,0,0,0,0,0,1,0,1,5,5% Discount,6,Q2,24,2023
15-06-2023,30971291,0,0,281243,0,1126457,755233,560501,0,885345,311762,215364,1781139,0,611010,556530,151899,674326,676097,298031,0,665228,0,1,1,0,0,No Offer,6,Q2,24,2023
16-06-2023,28791605,0,0,0,0,0,0,0,0,0,0,0,0,0,0,0,0,0,0,0,0,0,0,0,0,1,20,20% Discount,6,Q2,24,2023
17-06-2023,24394141,0,0,0,0,0,0,0,0,0,0,0,0,0,0,0,0,0,0,0,0,0,0,0,1,0,0,No Offer,6,Q2,24,2023
18-06-2023,30559148,0,0,362681,0,1386771,1174786,870195,0,1112172,721665,166665,3374104,0,1262487,428455,177846,727963,526922,214691,0,808315,0,1,1,0,0,No Offer,6,Q2,24,2023
19-06-2023,24894116,0,0,0,0,0,0,0,0,0,0,0,0,0,0,0,0,0,0,0,0,0,0,1,0,0,0,No Offer,6,Q2,25,2023
20-06-2023,27455661,0,0,804035,0,1487048,1401201,1283983,0,1906757,633396,295752,1729792,0,1541705,728279,272096,747036,650152,336240,0,2153585,0,0,1,1,10,10% Discount,6,Q2,25,2023
21-06-2023,26261738,0,0,0,0,0,0,0,0,0,0,0,0,0,0,0,0,0,0,0,0,0,0,0,0,1,10,10% Discount,6,Q2,25,2023
22-06-2023,31634007,0,0,0,0,0,0,0,0,0,0,0,0,0,0,0,0,0,0,0,0,0,0,1,1,1,10,10% Discount,6,Q2,25,2023
23-06-2023,25166434,0,0,0,0,0,0,0,0,0,0,0,0,0,0,0,0,0,0,0,0,0,0,0,1,1,5,5% Discount,6,Q2,25,2023
24-06-2023,32552244,0,0,450872,0,1164733,1273124,813561,0,1325277,307126,171147,1975825,0,1129514,452917,275030,796144,1062227,161570,0,634211,0,1,1,0,0,No Offer,6,Q2,25,2023
25-06-2023,30693744,0,0,0,0,0,0,0,0,0,0,0,0,0,0,0,0,0,0,0,0,0,0,0,1,1,5,5% Discount,6,Q2,25,2023
26-06-2023,30487273,0,0,0,0,0,0,0,0,0,0,0,0,0,0,0,0,0,0,0,0,0,0,0,1,0,0,No Offer,6,Q2,26,2023
27-06-2023,29860525,0,0,741243,0,1832973,1210431,866954,0,1478350,534407,398051,1408238,0,1544304,715242,380654,822529,599507,284785,0,955644,0,0,1,1,5,5% Discount,6,Q2,26,2023
28-06-2023,26227309,0,0,319508,0,988555,788964,767577,0,1271156,737140,153687,1088053,0,819158,671203,158606,684750,577435,304859,0,355987,0,0,1,0,0,No Offer,6,Q2,26,2023
29-06-2023,27172307,5723826,0,286625,0,1103638,786558,584300,0,497454,427984,138332,909257,0,456592,497141,110630,406851,504664,72189,0,532246,0,1,0,0,0,No Offer,6,Q2,26,2023
30-06-2023,29249011,0,0,0,0,0,0,0,0,0,0,0,0,0,0,0,0,0,0,0,0,0,0,1,1,0,0,No Offer,6,Q2,26,2023
01-07-2023,29828338,0,0,0,0,0,0,0,0,0,0,0,0,0,0,0,0,0,0,0,0,0,0,0,0,1,5,5% Discount,7,Q3,26,2023
02-07-2023,29687728,2762053,0,349276,0,991897,737530,403988,0,900807,396849,192719,1098570,0,692970,307879,98844,408325,303162,186392,0,422579,0,0,1,1,10,10% Discount,7,Q3,26,2023
03-07-2023,29791170,0,0,0,0,0,0,0,0,0,0,0,0,0,0,0,0,0,0,0,0,0,0,0,1,0,0,No Offer,7,Q3,27,2023
04-07-2023,30763281,0,0,0,0,0,0,0,0,0,0,0,0,0,0,0,0,0,0,0,0,0,0,1,0,0,0,No Offer,7,Q3,27,2023
05-07-2023,32617690,7351218,0,547667,0,668441,1230438,746607,0,970264,459526,300155,1794683,0,1395274,496720,195378,568832,681934,326864,0,605885,0,1,1,1,5,5% Discount,7,Q3,27,2023
06-07-2023,26289753,3775794,1038527,301756,0,1076899,916954,709705,0,939187,0,0,982628,0,1177639,437261,210004,546369,457822,212950,0,490128,254228,0,1,1,5,5% Discount,7,Q3,27,2023
07-07-2023,33308530,2932939,1017006,287080,0,729117,600091,604592,0,828639,0,0,979613,0,643385,335379,137319,724046,345041,185289,0,464798,253447,1,1,1,10,10% Discount,7,Q3,27,2023
08-07-2023,33610244,5515931,2097623,493248,0,1070147,1211833,557461,0,716226,0,0,1224068,0,1293829,375793,246654,993349,465283,223289,0,759020,652110,1,0,1,20,20% Discount,7,Q3,27,2023
09-07-2023,27612534,2420984,1243303,282036,0,1089762,687146,645442,0,687798,0,0,1146838,0,627140,341352,150286,436520,301483,190718,0,778188,440204,0,0,0,0,No Offer,7,Q3,27,2023
10-07-2023,27732607,2931607,736344,253587,0,843221,808796,591349,0,549676,0,0,1046448,0,723255,377425,167822,281848,212391,169593,0,620887,383311,0,1,0,0,No Offer,7,Q3,28,2023
11-07-2023,26645457,0,0,0,0,0,0,0,0,0,0,0,0,0,0,0,0,0,0,0,0,0,0,1,0,0,0,No Offer,7,Q3,28,2023
12-07-2023,32869106,0,0,0,0,0,0,0,0,0,0,0,0,0,0,0,0,0,0,0,0,0,0,1,1,0,0,No Offer,7,Q3,28,2023
13-07-2023,25304991,2018830,678777,234658,0,509188,996571,495252,0,713031,0,0,997923,0,553499,307754,142777,330799,389165,222659,585740,340635,261889,0,0,0,0,No Offer,7,Q3,28,2023
14-07-2023,24347952,0,0,0,0,0,0,0,0,0,0,0,0,0,0,0,0,0,0,0,0,0,0,1,0,0,0,No Offer,7,Q3,28,2023
15-07-2023,32815304,0,0,0,0,0,0,0,0,0,0,0,0,0,0,0,0,0,0,0,0,0,0,1,0,1,15,15% Discount,7,Q3,28,2023
16-07-2023,31973540,3014788,706303,295562,0,695805,508134,428365,0,1195901,0,0,1054515,0,381790,227469,91353,389877,374322,116787,352930,361334,235032,1,1,0,0,No Offer,7,Q3,28,2023
17-07-2023,24366376,2421024,552727,220172,0,849411,675841,590829,0,561522,0,0,2021710,0,631820,454837,116443,415705,274936,156795,555973,353484,276325,0,0,0,0,No Offer,7,Q3,29,2023
18-07-2023,31825281,3892523,869006,243234,0,924289,666615,504039,0,543068,0,0,1190904,0,475872,285620,161734,556040,332938,104721,369635,443188,274484,1,0,1,15,15% Discount,7,Q3,29,2023
19-07-2023,36147395,4722673,1397768,478303,0,1271090,950373,805447,0,1059138,0,0,1255788,0,1002915,378583,172794,551820,565777,159519,721939,1015351,332568,1,1,1,15,15% Discount,7,Q3,29,2023
20-07-2023,30497117,0,0,0,0,0,0,0,0,0,0,0,0,0,0,0,0,0,0,0,0,0,0,1,0,1,5,5% Discount,7,Q3,29,2023
21-07-2023,23266388,0,721179,438572,0,952012,971035,730334,0,813386,0,0,1214200,0,943958,581681,154519,606935,413516,244692,592728,0,701904,0,0,0,0,No Offer,7,Q3,29,2023
22-07-2023,34630172,0,1971252,324867,0,1652999,918679,953557,0,1406615,0,0,2004341,0,851119,540572,223321,714385,629291,241068,866873,0,581452,1,0,1,15,15% Discount,7,Q3,29,2023
23-07-2023,31794433,0,0,0,0,0,0,0,0,0,0,0,0,0,0,0,0,0,0,0,0,0,0,0,1,1,5,5% Discount,7,Q3,29,2023
24-07-2023,32521080,0,2628566,492323,0,1499778,889201,830550,0,1493530,0,0,2715941,0,1154915,672762,264160,1140897,711845,231395,1192575,0,530495,1,1,1,10,10% Discount,7,Q3,30,2023
25-07-2023,29706317,0,2777447,473463,0,1302350,1047900,587801,0,1754886,0,0,2289712,0,973729,563484,220560,856671,795133,211770,1199490,0,543341,1,1,1,10,10% Discount,7,Q3,30,2023
26-07-2023,30098098,0,1422572,640530,0,1517474,1343314,989211,0,1575680,0,0,1727454,0,996522,539225,232901,874368,816608,275493,576300,0,658054,1,0,0,0,No Offer,7,Q3,30,2023
27-07-2023,25635828,0,0,0,0,0,0,0,0,0,0,0,0,0,0,0,0,0,0,0,0,0,0,0,0,1,5,5% Discount,7,Q3,30,2023
28-07-2023,35921028,0,2665906,257165,0,1295062,1511595,1102059,0,1724980,0,0,1917991,0,1740457,598333,339714,1302850,758005,296217,1457561,0,678113,1,1,1,15,15% Discount,7,Q3,30,2023
29-07-2023,31413375,0,0,0,0,0,0,0,0,0,0,0,0,0,0,0,0,0,0,0,0,0,0,0,1,0,0,No Offer,7,Q3,30,2023
30-07-2023,29203047,0,0,0,0,0,0,0,0,0,0,0,0,0,0,0,0,0,0,0,0,0,0,0,1,1,20,20% Discount,7,Q3,30,2023
31-07-2023,29596672,0,0,0,0,0,0,0,0,0,0,0,0,0,0,0,0,0,0,0,0,0,0,1,1,0,0,No Offer,7,Q3,31,2023
01-08-2023,32571667,0,1310729,388998,0,1398063,1534159,1010558,0,1263709,0,0,1748361,0,771779,635396,210800,1004030,646178,229415,1159269,0,526991,1,1,1,5,5% Discount,8,Q3,31,2023
02-08-2023,31618156,0,0,0,0,0,0,0,0,0,0,0,0,0,0,0,0,0,0,0,0,0,0,0,0,1,15,15% Discount,8,Q3,31,2023
03-08-2023,39994117,0,0,0,0,0,0,0,0,0,0,0,0,0,0,0,0,0,0,0,0,0,0,1,1,1,5,5% Discount,8,Q3,31,2023
04-08-2023,32167042,0,0,0,0,0,0,0,0,0,0,0,0,0,0,0,0,0,0,0,0,0,0,1,1,0,0,No Offer,8,Q3,31,2023
05-08-2023,25531663,0,0,0,0,0,0,0,0,0,0,0,0,0,0,0,0,0,0,0,0,0,0,0,1,0,0,No Offer,8,Q3,31,2023
06-08-2023,27719217,0,0,0,0,0,0,0,0,0,0,0,0,0,0,0,0,0,0,0,0,0,0,0,1,0,0,No Offer,8,Q3,31,2023
07-08-2023,30231528,0,0,528499,0,1572886,1109590,811291,0,1949849,0,224491,1347752,584810,1136103,551007,255685,758868,1027825,0,856200,812078,0,1,1,0,0,No Offer,8,Q3,32,2023
08-08-2023,35727711,0,0,0,0,0,0,0,0,0,0,0,0,0,0,0,0,0,0,0,0,0,0,1,1,1,10,10% Discount,8,Q3,32,2023
09-08-2023,35022564,0,0,600749,0,1462161,982389,989702,0,1046437,0,302110,1964597,877378,959322,498292,248549,914422,958763,0,1194601,881650,0,1,1,1,10,10% Discount,8,Q3,32,2023
10-08-2023,32110152,0,0,0,0,0,0,0,0,0,0,0,0,0,0,0,0,0,0,0,0,0,0,1,1,1,10,10% Discount,8,Q3,32,2023
11-08-2023,32362618,0,0,0,0,0,0,0,0,0,0,0,0,0,0,0,0,0,0,0,0,0,0,1,0,1,20,20% Discount,8,Q3,32,2023
12-08-2023,31034408,3523595,0,0,0,627565,684416,488466,0,1195542,0,112223,764512,377836,746245,318223,107484,536655,352874,210741,349044,0,334998,1,1,0,0,No Offer,8,Q3,32,2023
13-08-2023,31266895,1869668,0,0,0,755250,510747,347355,0,458458,0,125767,1122535,343349,500060,241248,96599,344286,305035,68073,508230,0,330842,1,1,0,0,No Offer,8,Q3,32,2023
14-08-2023,31644987,4558845,0,0,0,720011,744064,405592,0,1376453,0,108301,821227,359283,754691,257669,153419,513935,394548,162192,315028,0,452358,1,1,0,0,No Offer,8,Q3,33,2023
15-08-2023,26307168,2346354,0,0,0,1074686,756530,566279,0,765483,0,192799,1217721,447719,761182,507403,169451,586396,318508,127225,521556,0,323583,0,0,0,0,No Offer,8,Q3,33,2023
16-08-2023,38171733,0,0,0,0,0,0,0,0,0,0,0,0,0,0,0,0,0,0,0,0,0,0,1,1,1,15,15% Discount,8,Q3,33,2023
17-08-2023,25611234,3549797,988907,0,0,823930,802321,544897,0,1086385,0,146820,0,365926,606032,373702,194031,376936,375352,0,615778,0,510527,0,0,0,0,No Offer,8,Q3,33,2023
18-08-2023,28427319,3414650,750606,0,0,1232689,1300256,680861,0,894054,0,385917,0,970600,1095521,375276,216702,759755,521261,0,611218,0,712233,0,0,1,15,15% Discount,8,Q3,33,2023
19-08-2023,27104876,2620959,860178,0,0,690386,691643,525595,0,914345,0,90427,0,301799,490858,305536,179454,522332,249733,0,459205,0,222491,0,1,1,5,5% Discount,8,Q3,33,2023
20-08-2023,27960578,0,0,0,0,0,0,0,0,0,0,0,0,0,0,0,0,0,0,0,0,0,0,0,1,0,0,No Offer,8,Q3,33,2023
21-08-2023,32232988,0,0,0,0,0,0,0,0,0,0,0,0,0,0,0,0,0,0,0,0,0,0,1,1,0,0,No Offer,8,Q3,34,2023
22-08-2023,33017832,3782039,1520297,0,0,1245053,1175738,772526,0,1932118,0,195599,0,685520,1036167,553632,174285,898265,876984,0,1108591,0,688333,1,1,1,20,20% Discount,8,Q3,34,2023
23-08-2023,32342236,0,0,0,0,0,0,0,0,0,0,0,0,0,0,0,0,0,0,0,0,0,0,1,1,1,5,5% Discount,8,Q3,34,2023
24-08-2023,33964062,2353515,1167631,0,0,1026447,1142761,749663,0,977104,0,192333,1618990,631992,979287,585416,209936,647249,716469,0,0,833060,469140,0,1,1,15,15% Discount,8,Q3,34,2023
25-08-2023,27274755,1802938,786461,0,0,541863,509401,332120,0,543515,0,141072,471369,220309,402054,273090,104766,251335,394268,0,0,551499,327649,0,0,0,0,No Offer,8,Q3,34,2023
26-08-2023,27917919,2510767,895119,0,0,765550,541385,428721,0,558808,0,133498,518322,232034,413853,312923,115094,375329,263026,0,0,407068,263152,0,0,1,5,5% Discount,8,Q3,34,2023
27-08-2023,29415860,0,0,0,0,0,0,0,0,0,0,0,0,0,0,0,0,0,0,0,0,0,0,0,1,0,0,No Offer,8,Q3,34,2023
28-08-2023,28399364,0,0,0,0,0,0,0,0,0,0,0,0,0,0,0,0,0,0,0,0,0,0,1,0,0,0,No Offer,8,Q3,35,2023
29-08-2023,27160819,3915075,444476,0,0,855467,633892,570240,0,1040455,0,173023,1229463,576992,567275,373567,164432,486508,371157,0,0,338264,369435,0,1,0,0,No Offer,8,Q3,35,2023
30-08-2023,30531161,0,0,0,0,0,0,0,0,0,0,0,0,0,0,0,0,0,0,0,0,0,0,0,1,0,0,No Offer,8,Q3,35,2023
31-08-2023,29779363,0,0,0,0,0,0,0,0,0,0,0,0,0,0,0,0,0,0,0,0,0,0,0,1,0,0,No Offer,8,Q3,35,2023
01-09-2023,28907790,0,0,0,0,0,0,0,0,0,0,0,0,0,0,0,0,0,0,0,0,0,0,1,0,0,0,No Offer,9,Q3,35,2023
02-09-2023,26853898,0,0,0,0,0,0,0,0,0,0,0,0,0,0,0,0,0,0,0,0,0,0,1,0,0,0,No Offer,9,Q3,35,2023
03-09-2023,26882711,0,0,0,0,0,0,0,0,0,0,0,0,0,0,0,0,0,0,0,0,0,0,0,0,1,5,5% Discount,9,Q3,35,2023
04-09-2023,27909013,4803928,785330,0,0,1056307,794086,593505,0,0,0,193959,0,570526,1104445,404644,159623,796419,506948,0,623097,559956,307395,0,0,0,0,No Offer,9,Q3,36,2023
05-09-2023,29077907,0,0,0,0,0,0,0,0,0,0,0,0,0,0,0,0,0,0,0,0,0,0,1,0,0,0,No Offer,9,Q3,36,2023
06-09-2023,32154999,2214983,1380059,0,0,1054408,820007,869761,0,0,0,97129,0,393545,747155,495455,233447,602787,460525,0,648014,664867,384919,0,1,1,10,10% Discount,9,Q3,36,2023
07-09-2023,32952176,5469467,1053690,290197,0,1263197,1028194,753835,0,0,0,151417,0,698456,905476,706834,251662,659653,541278,0,696625,0,451882,0,1,1,5,5% Discount,9,Q3,36,2023
08-09-2023,27961707,0,0,0,0,0,0,0,0,0,0,0,0,0,0,0,0,0,0,0,0,0,0,0,0,1,5,5% Discount,9,Q3,36,2023
09-09-2023,28515899,2589141,803991,273173,0,1485736,887977,1076446,0,0,0,162679,0,712156,1017139,789709,235336,722036,563551,0,493448,0,662012,0,0,1,5,5% Discount,9,Q3,36,2023
10-09-2023,31621704,0,0,0,0,0,0,0,0,0,0,0,0,0,0,0,0,0,0,0,0,0,0,0,1,1,5,5% Discount,9,Q3,36,2023
11-09-2023,29456041,5239334,1745693,298285,0,914146,718095,801629,0,0,0,195769,0,276347,906718,543027,180646,822797,612980,0,764421,0,441763,1,0,1,5,5% Discount,9,Q3,37,2023
12-09-2023,26823930,0,0,0,0,0,0,0,0,0,0,0,0,0,0,0,0,0,0,0,0,0,0,0,0,1,5,5% Discount,9,Q3,37,2023
13-09-2023,34144184,0,0,0,0,0,0,0,0,0,0,0,0,0,0,0,0,0,0,0,0,0,0,1,0,1,10,10% Discount,9,Q3,37,2023
14-09-2023,34105884,7600055,1210901,485955,659045,1015677,753480,572232,0,0,0,205962,0,475914,425573,353445,137714,696715,459980,0,999098,0,466163,1,1,1,5,5% Discount,9,Q3,37,2023
15-09-2023,29431703,0,0,0,0,0,0,0,0,0,0,0,0,0,0,0,0,0,0,0,0,0,0,0,1,0,0,No Offer,9,Q3,37,2023
16-09-2023,30363608,0,0,0,0,0,0,0,0,0,0,0,0,0,0,0,0,0,0,0,0,0,0,1,0,0,0,No Offer,9,Q3,37,2023
17-09-2023,28647007,2313739,1206063,494889,429511,1082616,980270,764099,0,0,0,248270,0,502290,748290,459941,193152,559779,405218,0,1122578,0,462427,0,0,0,0,No Offer,9,Q3,37,2023
18-09-2023,31100799,0,0,0,0,0,0,0,0,0,0,0,0,0,0,0,0,0,0,0,0,0,0,1,0,0,0,No Offer,9,Q3,38,2023
19-09-2023,32416954,3585767,861599,239406,429597,994374,1274851,800044,0,0,0,206511,0,474637,1094207,399822,167187,602113,781896,0,798224,0,250006,0,1,1,10,10% Discount,9,Q3,38,2023
20-09-2023,31374759,2104338,1144008,202089,741996,969571,728972,446030,0,0,0,159479,0,430012,453976,321052,120476,442801,502328,0,573928,0,436256,0,1,0,0,No Offer,9,Q3,38,2023
21-09-2023,30864639,0,0,0,0,0,0,0,0,0,0,0,0,0,0,0,0,0,0,0,0,0,0,0,0,1,5,5% Discount,9,Q3,38,2023
22-09-2023,33172022,0,0,0,0,0,0,0,0,0,0,0,0,0,0,0,0,0,0,0,0,0,0,0,1,0,0,No Offer,9,Q3,38,2023
23-09-2023,30313761,0,0,0,0,0,0,0,0,0,0,0,0,0,0,0,0,0,0,0,0,0,0,0,0,1,20,20% Discount,9,Q3,38,2023
24-09-2023,34817568,0,0,0,0,0,0,0,0,0,0,0,0,0,0,0,0,0,0,0,0,0,0,0,0,1,15,15% Discount,9,Q3,38,2023
25-09-2023,26307826,5385416,905263,440480,0,1361840,847546,969615,0,0,0,242224,0,539263,1137828,639724,227946,627647,731074,0,1095307,0,0,0,0,1,5,5% Discount,9,Q3,39,2023
26-09-2023,40946975,0,0,0,0,0,0,0,0,0,0,0,0,0,0,0,0,0,0,0,0,0,0,1,1,1,15,15% Discount,9,Q3,39,2023
27-09-2023,31513122,3870112,1450855,365111,0,1483278,709933,783101,0,0,0,221596,0,690788,1064315,547008,207601,561674,573971,0,527043,0,0,0,1,1,15,15% Discount,9,Q3,39,2023
28-09-2023,26973035,3436427,0,358210,0,796202,831171,657926,0,0,0,223377,1263081,0,751165,549439,131984,632144,433578,0,342067,595186,0,0,0,0,0,No Offer,9,Q3,39,2023
29-09-2023,29287067,0,0,0,0,0,0,0,0,0,0,0,0,0,0,0,0,0,0,0,0,0,0,0,1,0,0,No Offer,9,Q3,39,2023
30-09-2023,30816831,4744550,0,238455,0,1112920,586049,551667,0,0,0,200695,685086,0,741460,569659,219093,489931,390766,0,347776,487775,0,0,0,1,25,Buy3Get1,9,Q3,39,2023
01-10-2023,31318202,0,0,0,0,0,0,0,0,0,0,0,0,0,0,0,0,0,0,0,0,0,0,0,0,1,10,10% Discount,10,Q4,39,2023
02-10-2023,30732123,0,0,0,0,0,0,0,0,0,0,0,0,0,0,0,0,0,0,0,0,0,0,1,0,0,0,No Offer,10,Q4,40,2023
03-10-2023,33607546,0,0,0,0,0,0,0,0,0,0,0,0,0,0,0,0,0,0,0,0,0,0,1,1,1,5,5% Discount,10,Q4,40,2023
04-10-2023,37608820,4024033,0,472967,0,1305438,1176992,777648,0,0,0,284405,1217448,0,900000,596630,265587,1080781,669257,0,1312131,805741,0,1,1,1,10,10% Discount,10,Q4,40,2023
05-10-2023,34140222,0,0,0,0,0,0,0,0,0,0,0,0,0,0,0,0,0,0,0,0,0,0,0,1,0,0,No Offer,10,Q4,40,2023
06-10-2023,31831643,0,0,0,0,0,0,0,0,0,0,0,0,0,0,0,0,0,0,0,0,0,0,1,0,0,0,No Offer,10,Q4,40,2023
07-10-2023,34152392,0,0,0,0,0,0,0,0,0,0,0,0,0,0,0,0,0,0,0,0,0,0,1,0,0,0,No Offer,10,Q4,40,2023
08-10-2023,31961018,4371240,0,630057,0,883760,627662,703511,0,0,0,227773,1181736,0,724530,451002,189505,324222,432382,0,0,1008888,0,0,1,1,10,10% Discount,10,Q4,40,2023
09-10-2023,28777145,0,0,0,0,0,0,0,0,0,0,0,0,0,0,0,0,0,0,0,0,0,0,0,1,0,0,No Offer,10,Q4,41,2023
10-10-2023,29657396,2667627,0,537091,0,2078780,681508,666584,0,0,0,182512,1315826,0,776041,644487,189673,625128,774116,0,0,936034,0,0,0,0,0,No Offer,10,Q4,41,2023
11-10-2023,35745027,0,0,0,0,0,0,0,0,0,0,0,0,0,0,0,0,0,0,0,0,0,0,1,0,0,0,No Offer,10,Q4,41,2023
12-10-2023,29238317,0,0,659941,0,1549224,1556012,1161818,0,0,0,249074,2054675,0,1105585,600300,231846,644934,695227,0,0,1355557,0,0,0,0,0,No Offer,10,Q4,41,2023
13-10-2023,36664421,0,0,0,0,0,0,0,0,0,0,0,0,0,0,0,0,0,0,0,0,0,0,1,1,0,0,No Offer,10,Q4,41,2023
14-10-2023,36709249,0,0,0,0,0,0,0,0,0,0,0,0,0,0,0,0,0,0,0,0,0,0,0,1,1,10,10% Discount,10,Q4,41,2023
15-10-2023,28820630,0,0,338865,0,1300778,1234234,769066,0,0,0,252596,1245246,0,914650,428412,207459,1198154,478230,0,0,907680,0,0,0,0,0,No Offer,10,Q4,41,2023
16-10-2023,29767852,0,0,0,0,0,0,0,0,0,0,0,0,0,0,0,0,0,0,0,0,0,0,0,0,1,5,5% Discount,10,Q4,42,2023
17-10-2023,33272209,0,0,0,0,0,0,0,0,0,0,0,0,0,0,0,0,0,0,0,0,0,0,0,0,1,15,15% Discount,10,Q4,42,2023
18-10-2023,30018394,0,0,440875,0,1800478,1488322,1314698,0,0,0,377990,1980054,0,1317700,636050,350207,834048,848995,0,0,957000,0,0,0,0,0,No Offer,10,Q4,42,2023
19-10-2023,30703818,4354722,0,230533,596739,1183718,897643,652284,0,0,0,218368,912773,0,932934,674874,158317,552858,574049,0,0,846024,825371,0,0,1,20,20% Discount,10,Q4,42,2023
20-10-2023,30585796,0,0,0,0,0,0,0,0,0,0,0,0,0,0,0,0,0,0,0,0,0,0,0,0,1,5,5% Discount,10,Q4,42,2023
21-10-2023,32365826,3553174,0,183983,602233,945850,669253,493399,0,0,0,184513,847598,0,602823,399739,116467,671993,484149,0,0,361588,435936,1,0,0,0,No Offer,10,Q4,42,2023
22-10-2023,34635671,0,0,0,0,0,0,0,0,0,0,0,0,0,0,0,0,0,0,0,0,0,0,1,1,1,5,5% Discount,10,Q4,42,2023
23-10-2023,32237264,0,0,0,0,0,0,0,0,0,0,0,0,0,0,0,0,0,0,0,0,0,0,1,0,0,0,No Offer,10,Q4,43,2023
24-10-2023,32520986,0,0,0,0,0,0,0,0,0,0,0,0,0,0,0,0,0,0,0,0,0,0,1,1,0,0,No Offer,10,Q4,43,2023
25-10-2023,29527397,3884073,0,300227,343583,905129,697811,747682,0,0,0,138570,732578,0,917467,562201,129331,592168,421327,0,0,727604,740113,0,1,1,5,5% Discount,10,Q4,43,2023
26-10-2023,35112214,0,0,0,0,0,0,0,0,0,0,0,0,0,0,0,0,0,0,0,0,0,0,0,1,1,15,15% Discount,10,Q4,43,2023
27-10-2023,36868040,0,0,0,0,0,0,0,0,0,0,0,0,0,0,0,0,0,0,0,0,0,0,1,1,0,0,No Offer,10,Q4,43,2023
28-10-2023,34249260,5231090,1089095,318131,0,790914,643374,930890,0,1268506,0,198468,0,0,858278,444996,181675,597414,732397,218598,1339214,677432,0,1,1,0,0,No Offer,10,Q4,43,2023
29-10-2023,30522919,5596471,771793,358902,0,856439,829629,551798,0,1856916,0,91917,0,0,555514,443971,149717,564813,606708,194297,606185,611532,0,1,0,0,0,No Offer,10,Q4,43,2023
30-10-2023,29726711,0,0,0,0,0,0,0,0,0,0,0,0,0,0,0,0,0,0,0,0,0,0,0,1,0,0,No Offer,10,Q4,44,2023
31-10-2023,32267622,0,0,0,0,0,0,0,0,0,0,0,0,0,0,0,0,0,0,0,0,0,0,0,0,1,10,10% Discount,10,Q4,44,2023
01-11-2023,36569557,0,0,0,0,0,0,0,0,0,0,0,0,0,0,0,0,0,0,0,0,0,0,1,0,0,0,No Offer,11,Q4,44,2023
02-11-2023,37566273,0,0,0,0,0,0,0,0,0,0,0,0,0,0,0,0,0,0,0,0,0,0,1,1,0,0,No Offer,11,Q4,44,2023
03-11-2023,35844660,0,0,0,0,0,0,0,0,0,0,0,0,0,0,0,0,0,0,0,0,0,0,1,0,0,0,No Offer,11,Q4,44,2023
04-11-2023,27823547,2003002,1013332,223233,0,583074,469543,335355,0,364073,0,155781,661807,0,485927,296077,83740,494175,337783,113325,0,0,382995,0,0,0,0,No Offer,11,Q4,44,2023
05-11-2023,35756595,0,0,0,0,0,0,0,0,0,0,0,0,0,0,0,0,0,0,0,0,0,0,1,1,0,0,No Offer,11,Q4,44,2023
06-11-2023,34030805,0,0,0,0,0,0,0,0,0,0,0,0,0,0,0,0,0,0,0,0,0,0,0,1,0,0,No Offer,11,Q4,45,2023
07-11-2023,30469023,0,0,0,0,0,0,0,0,0,0,0,0,0,0,0,0,0,0,0,0,0,0,1,0,0,0,No Offer,11,Q4,45,2023
08-11-2023,37266768,3175203,1526115,301861,0,1031837,841386,747716,0,1451787,0,151026,1313503,0,765654,462517,239850,1028750,797310,253896,0,0,708197,1,1,1,10,10% Discount,11,Q4,45,2023
09-11-2023,37959296,4225261,1633739,198795,0,1147032,890499,722163,0,736789,0,248970,0,0,834973,563305,163132,656522,811320,172815,0,460350,0,1,0,1,10,10% Discount,11,Q4,45,2023
10-11-2023,33785998,0,0,0,0,0,0,0,0,0,0,0,0,0,0,0,0,0,0,0,0,0,0,1,0,0,0,No Offer,11,Q4,45,2023
11-11-2023,36562355,0,0,0,0,0,0,0,0,0,0,0,0,0,0,0,0,0,0,0,0,0,0,1,1,1,10,10% Discount,11,Q4,45,2023
12-11-2023,33718415,4251586,1872492,271488,0,1078691,741825,610818,0,789271,0,139153,0,0,654525,395512,167848,422580,305711,167688,0,543981,0,1,1,1,5,5% Discount,11,Q4,45,2023
13-11-2023,41931128,5454134,1196951,400615,0,1187085,739716,541661,0,1004653,0,210024,0,0,679720,337639,222278,651222,576163,229352,0,629120,0,1,1,1,10,10% Discount,11,Q4,46,2023
14-11-2023,26054843,5948460,517225,325008,0,943822,808018,616766,0,898622,0,253714,0,0,542664,464074,150032,334669,334283,184848,0,468445,0,0,0,0,0,No Offer,11,Q4,46,2023
15-11-2023,33313882,0,0,0,0,0,0,0,0,0,0,0,0,0,0,0,0,0,0,0,0,0,0,0,1,0,0,No Offer,11,Q4,46,2023
16-11-2023,32223082,5408270,1801176,0,0,579350,456681,529161,0,776236,0,122755,0,0,509704,337658,109752,484144,290835,192304,877746,289323,232616,1,0,0,0,No Offer,11,Q4,46,2023
17-11-2023,38212665,2230729,1161363,0,0,1227911,695501,671687,0,996386,0,187823,0,0,789020,434233,163296,595841,446001,111716,895318,1231966,304449,0,1,1,15,15% Discount,11,Q4,46,2023
18-11-2023,37454116,5167588,1108497,0,0,1791371,894180,548753,0,1667841,0,266934,0,0,835803,442513,193165,721887,807403,359730,579954,555703,522000,1,0,1,25,Buy3Get1,11,Q4,46,2023
19-11-2023,34393147,4225035,349729,0,0,474471,562264,483946,0,556490,0,89389,0,0,466499,431273,103904,338651,411370,202052,515975,625930,383880,0,0,0,0,No Offer,11,Q4,46,2023
20-11-2023,34103215,0,0,0,0,0,0,0,0,0,0,0,0,0,0,0,0,0,0,0,0,0,0,1,0,0,0,No Offer,11,Q4,47,2023
21-11-2023,35665288,0,0,0,0,0,0,0,0,0,0,0,0,0,0,0,0,0,0,0,0,0,0,0,0,1,20,20% Discount,11,Q4,47,2023
22-11-2023,36842183,4956372,1023680,0,0,931763,694306,447445,0,738708,0,120886,0,0,851369,341003,144065,615425,395364,218136,1224045,647953,359956,1,0,1,20,20% Discount,11,Q4,47,2023
23-11-2023,33041668,0,0,0,0,0,0,0,0,0,0,0,0,0,0,0,0,0,0,0,0,0,0,1,0,0,0,No Offer,11,Q4,47,2023
24-11-2023,38603645,0,0,0,0,0,0,0,0,0,0,0,0,0,0,0,0,0,0,0,0,0,0,1,1,1,10,10% Discount,11,Q4,47,2023
25-11-2023,36904152,0,0,0,0,0,0,0,0,0,0,0,0,0,0,0,0,0,0,0,0,0,0,1,0,0,0,No Offer,11,Q4,47,2023
26-11-2023,36847204,5703245,1021814,331417,0,1296639,994715,919170,0,0,0,241169,0,0,1027107,461581,176812,659608,603727,0,1063492,906633,544188,1,1,0,0,No Offer,11,Q4,47,2023
27-11-2023,33178346,0,0,0,0,0,0,0,0,0,0,0,0,0,0,0,0,0,0,0,0,0,0,0,0,1,10,10% Discount,11,Q4,48,2023
28-11-2023,40109983,6232517,1431927,385463,0,1179125,868658,733838,0,0,0,117587,0,0,520623,541741,150936,600939,693181,0,731635,641141,368735,1,1,1,10,10% Discount,11,Q4,48,2023
29-11-2023,40115991,0,0,0,0,0,0,0,0,0,0,0,0,0,0,0,0,0,0,0,0,0,0,1,0,1,20,20% Discount,11,Q4,48,2023
30-11-2023,30637506,3867664,0,0,0,776960,534290,577888,0,0,0,145285,0,0,618810,445093,159445,527124,626847,143849,798557,750355,530338,0,1,1,5,5% Discount,11,Q4,48,2023
01-12-2023,39763718,0,0,0,0,0,0,0,0,0,0,0,0,0,0,0,0,0,0,0,0,0,0,0,1,1,5,5% Discount,12,Q4,48,2023
02-12-2023,32258178,4278299,0,0,0,1072764,599865,488211,0,0,0,154271,0,0,670673,346384,207448,510709,480549,264916,580296,612844,400500,0,1,0,0,No Offer,12,Q4,48,2023
03-12-2023,35233811,0,0,0,0,0,0,0,0,0,0,0,0,0,0,0,0,0,0,0,0,0,0,1,0,0,0,No Offer,12,Q4,48,2023
04-12-2023,43314695,4613611,0,0,0,717298,1151374,750772,0,0,0,234836,0,0,672322,533240,178659,569072,676283,252011,842546,525532,405819,1,1,1,5,5% Discount,12,Q4,49,2023
05-12-2023,35197693,3670654,0,0,0,1096280,833877,606405,0,0,0,201582,0,0,796598,357416,161836,575337,540667,347358,554121,529923,352517,0,0,0,0,No Offer,12,Q4,49,2023
06-12-2023,39995312,7250241,0,0,0,957091,824596,716126,0,0,0,155200,0,0,668016,530383,213738,600430,733458,309102,520449,670712,478383,1,0,1,10,10% Discount,12,Q4,49,2023
07-12-2023,30587345,4028402,890056,433702,0,1374465,871807,827258,0,0,0,348084,0,0,712541,419205,228566,549011,463541,409008,0,621595,744905,0,0,0,0,No Offer,12,Q4,49,2023
08-12-2023,35601488,0,0,0,0,0,0,0,0,0,0,0,0,0,0,0,0,0,0,0,0,0,0,1,0,0,0,No Offer,12,Q4,49,2023
09-12-2023,40084526,5261054,1185651,467160,0,1596425,857071,805508,0,0,0,169092,0,0,965977,657749,217291,930756,749841,346185,0,746640,487262,1,1,1,5,5% Discount,12,Q4,49,2023
10-12-2023,40172406,5317200,1949635,317548,0,1378855,1003795,965201,0,0,0,193255,0,0,799993,497561,335446,1479805,766898,438011,0,1030018,610725,1,1,1,5,5% Discount,12,Q4,49,2023
11-12-2023,34041091,0,0,0,0,0,0,0,0,0,0,0,0,0,0,0,0,0,0,0,0,0,0,1,0,1,5,5% Discount,12,Q4,50,2023
12-12-2023,41056526,3201511,2787420,601934,0,901918,1370728,729625,0,0,0,194048,0,0,1034359,587782,176903,503082,740814,231189,0,459374,551551,1,1,0,0,No Offer,12,Q4,50,2023
13-12-2023,33086548,0,0,0,0,0,0,0,0,0,0,0,0,0,0,0,0,0,0,0,0,0,0,0,0,1,5,5% Discount,12,Q4,50,2023
14-12-2023,40905698,3594670,2937189,400372,0,855226,900672,515516,0,0,0,220536,0,0,681055,453210,162025,531165,722658,188206,563646,655442,493727,1,1,1,15,15% Discount,12,Q4,50,2023
15-12-2023,37038901,0,0,0,0,0,0,0,0,0,0,0,0,0,0,0,0,0,0,0,0,0,0,1,1,0,0,No Offer,12,Q4,50,2023
16-12-2023,35927990,0,0,0,0,0,0,0,0,0,0,0,0,0,0,0,0,0,0,0,0,0,0,1,0,0,0,No Offer,12,Q4,50,2023
17-12-2023,32474881,4623361,613562,451601,0,1241700,732171,493881,0,0,0,140552,0,0,718839,502663,217351,387847,406822,211326,1257514,693944,797165,0,1,1,5,5% Discount,12,Q4,50,2023
18-12-2023,38767739,0,0,0,0,0,0,0,0,0,0,0,0,0,0,0,0,0,0,0,0,0,0,0,1,1,10,10% Discount,12,Q4,51,2023
19-12-2023,41830527,3851227,1766808,463436,0,1019916,903518,812285,0,0,0,215476,0,0,643452,361477,171914,685991,569800,207643,968025,982892,410434,1,1,1,10,10% Discount,12,Q4,51,2023
20-12-2023,37308680,0,0,0,0,0,0,0,0,0,0,0,0,0,0,0,0,0,0,0,0,0,0,0,1,0,0,No Offer,12,Q4,51,2023
21-12-2023,35535725,0,0,0,0,0,0,0,0,0,0,0,0,0,0,0,0,0,0,0,0,0,0,0,0,1,15,15% Discount,12,Q4,51,2023
22-12-2023,33070749,0,0,0,0,0,0,0,0,0,0,0,0,0,0,0,0,0,0,0,0,0,0,1,0,0,0,No Offer,12,Q4,51,2023
23-12-2023,34148171,0,0,0,0,0,0,0,0,0,0,0,0,0,0,0,0,0,0,0,0,0,0,1,0,1,5,5% Discount,12,Q4,51,2023
24-12-2023,37018915,0,0,0,0,0,0,0,0,0,0,0,0,0,0,0,0,0,0,0,0,0,0,0,0,1,25,Buy3Get1,12,Q4,51,2023
25-12-2023,40565800,3968496,0,0,0,1327875,751443,874459,0,0,0,246161,0,0,905218,629651,234377,615628,804161,161453,1048011,0,648927,1,1,1,10,10% Discount,12,Q4,52,2023
26-12-2023,39553674,0,0,0,0,0,0,0,0,0,0,0,0,0,0,0,0,0,0,0,0,0,0,0,1,1,25,Buy3Get1,12,Q4,52,2023
27-12-2023,39891069,0,0,0,0,0,0,0,0,0,0,0,0,0,0,0,0,0,0,0,0,0,0,0,1,1,20,20% Discount,12,Q4,52,2023
28-12-2023,30477041,2262956,0,0,0,1016414,771928,557554,0,0,0,202486,0,0,760405,418247,195143,497964,486047,198246,586292,0,385807,0,0,0,0,No Offer,12,Q4,52,2023
29-12-2023,40363069,0,0,0,0,0,0,0,0,0,0,0,0,0,0,0,0,0,0,0,0,0,0,1,1,1,5,5% Discount,12,Q4,52,2023
30-12-2023,34293188,0,0,0,0,0,0,0,0,0,0,0,0,0,0,0,0,0,0,0,0,0,0,1,0,0,0,No Offer,12,Q4,52,2023
31-12-2023,36848921,0,0,0,0,0,0,0,0,0,0,0,0,0,0,0,0,0,0,0,0,0,0,0,1,1,5,5% Discount,12,Q4,52,2023
01-01-2024,26596343,0,0,0,0,0,0,0,0,0,0,0,0,0,0,0,0,0,0,0,0,0,0,1,0,1,5,5% Discount,1,Q1,1,2024
02-01-2024,28009138,6670277,0,0,0,1194770,972962,602253,0,0,0,209446,0,0,989737,508081,225721,625183,807535,239248,851666,0,363593,1,0,0,0,No Offer,1,Q1,1,2024
03-01-2024,26115608,3967139,0,0,0,2485626,1405737,1391594,0,0,0,319155,0,0,1266945,957082,382960,788491,571085,412045,1280348,0,503932,0,0,1,10,10% Discount,1,Q1,1,2024
04-01-2024,26367849,3861437,0,0,0,652710,556689,426120,0,0,0,113244,0,0,568144,400809,150142,318221,595801,103241,702384,0,0,1,0,0,0,No Offer,1,Q1,1,2024
05-01-2024,25742569,0,0,0,0,0,0,0,0,0,0,0,0,0,0,0,0,0,0,0,0,0,0,1,0,0,0,No Offer,1,Q1,1,2024
06-01-2024,22847463,0,0,0,0,0,0,0,0,0,0,0,0,0,0,0,0,0,0,0,0,0,0,0,1,0,0,No Offer,1,Q1,1,2024
07-01-2024,31767685,4132015,0,0,0,814489,962654,590959,0,0,0,165943,0,0,880684,507075,173242,387645,830454,161183,752392,0,0,1,1,1,5,5% Discount,1,Q1,1,2024
08-01-2024,27009931,4620069,0,0,0,1329843,893419,799831,0,0,0,232658,0,0,838711,363394,215811,746132,584076,148217,541713,0,0,1,1,0,0,No Offer,1,Q1,2,2024
09-01-2024,26293394,0,0,0,0,0,0,0,0,0,0,0,0,0,0,0,0,0,0,0,0,0,0,0,1,1,5,5% Discount,1,Q1,2,2024
10-01-2024,26616771,0,0,0,0,0,0,0,0,0,0,0,0,0,0,0,0,0,0,0,0,0,0,1,0,0,0,No Offer,1,Q1,2,2024
11-01-2024,24872713,0,0,0,0,0,0,0,0,0,0,0,0,0,0,0,0,0,0,0,0,0,0,0,0,1,10,10% Discount,1,Q1,2,2024
12-01-2024,28283916,2431267,0,0,0,1206655,1129271,740369,0,0,0,225128,0,0,770248,470223,190722,604448,537651,261204,527910,0,703298,0,1,1,5,5% Discount,1,Q1,2,2024
13-01-2024,23310690,0,0,0,0,0,0,0,0,0,0,0,0,0,0,0,0,0,0,0,0,0,0,0,1,0,0,No Offer,1,Q1,2,2024
14-01-2024,32350450,5557043,0,0,0,940495,550113,507457,0,0,0,78584,0,0,1004945,441855,156268,483076,656813,209387,959021,0,420060,1,1,1,5,5% Discount,1,Q1,2,2024
15-01-2024,29312822,7235085,0,0,0,1333241,1016602,614260,0,0,0,164401,0,0,763045,620186,186444,844124,935309,165091,964848,0,426283,1,1,0,0,No Offer,1,Q1,3,2024
16-01-2024,26771730,3575897,0,0,0,1448063,1122832,974813,0,0,0,171442,0,0,1353136,626277,307914,697477,757097,223775,466734,0,455861,0,1,1,10,10% Discount,1,Q1,3,2024
17-01-2024,24807705,3912567,0,0,0,764498,887778,649869,0,0,0,167367,0,0,584107,491811,215829,465748,498631,189143,589313,0,309217,0,1,0,0,No Offer,1,Q1,3,2024
18-01-2024,22690581,3990981,1339386,348002,0,1201731,1354335,587579,0,0,0,234558,0,603785,1133206,715619,215686,635003,803240,441476,831232,0,0,0,1,1,5,5% Discount,1,Q1,3,2024
19-01-2024,23886394,2258834,1405069,359513,0,864763,642276,696772,0,0,0,254731,0,361055,413309,356932,180621,356101,544355,148560,432764,0,0,0,1,0,0,No Offer,1,Q1,3,2024
20-01-2024,25547413,4381834,1449736,445492,0,1178576,1105083,848187,0,0,0,269356,0,692314,688964,674231,155940,975552,728688,396041,717468,0,0,1,0,0,0,No Offer,1,Q1,3,2024
21-01-2024,24495499,0,0,0,0,0,0,0,0,0,0,0,0,0,0,0,0,0,0,0,0,0,0,0,0,1,5,5% Discount,1,Q1,3,2024
22-01-2024,30325543,3533710,1298843,303694,0,1154424,926097,633933,0,0,0,160638,0,481673,824987,486608,184309,737011,525175,201809,900015,0,0,1,1,0,0,No Offer,1,Q1,4,2024
23-01-2024,28253913,0,0,0,0,0,0,0,0,0,0,0,0,0,0,0,0,0,0,0,0,0,0,0,0,1,10,10% Discount,1,Q1,4,2024
24-01-2024,25589586,2072333,877696,489710,0,514894,879066,668017,0,0,0,127154,0,209454,814224,358280,131674,322644,335410,204379,479719,0,0,0,1,0,0,No Offer,1,Q1,4,2024
25-01-2024,28550051,0,0,0,0,0,0,0,0,0,0,0,0,0,0,0,0,0,0,0,0,0,0,1,1,0,0,No Offer,1,Q1,4,2024
26-01-2024,27374791,0,0,0,0,0,0,0,0,0,0,0,0,0,0,0,0,0,0,0,0,0,0,1,1,0,0,No Offer,1,Q1,4,2024
27-01-2024,27328744,0,0,0,0,0,0,0,0,0,0,0,0,0,0,0,0,0,0,0,0,0,0,1,1,1,10,10% Discount,1,Q1,4,2024
28-01-2024,27184200,3077673,1246098,250616,0,929226,1061019,548292,0,0,0,95011,0,356370,716185,476186,190557,444196,479357,92713,436721,0,0,0,1,1,15,15% Discount,1,Q1,4,2024
29-01-2024,24878705,3960598,1147324,364839,0,985605,1430471,753176,0,0,0,234028,0,719167,932850,793520,225226,683924,491073,302344,756614,0,0,0,1,0,0,No Offer,1,Q1,5,2024
30-01-2024,27653414,4320546,752899,187861,0,968867,781511,605151,0,0,0,174935,0,438185,532372,361197,161366,496946,470619,138286,1051610,0,0,1,0,0,0,No Offer,1,Q1,5,2024
31-01-2024,29096487,0,0,0,0,0,0,0,0,0,0,0,0,0,0,0,0,0,0,0,0,0,0,1,0,1,10,10% Discount,1,Q1,5,2024
01-02-2024,26363349,0,0,0,0,0,0,0,0,0,0,0,0,0,0,0,0,0,0,0,0,0,0,0,0,1,10,10% Discount,2,Q1,5,2024
02-02-2024,30376738,3095839,1114280,445375,0,1371561,760166,461245,0,0,0,168874,0,437876,655008,431230,183020,640857,678953,267534,0,0,0,1,1,1,10,10% Discount,2,Q1,5,2024
03-02-2024,22927331,0,0,0,0,0,0,0,0,0,0,0,0,0,0,0,0,0,0,0,0,0,0,0,1,0,0,No Offer,2,Q1,5,2024
04-02-2024,23023587,2361266,928843,198012,0,704865,631128,503629,0,0,0,123212,0,383504,552625,315163,81750,394246,282067,157299,0,0,0,0,1,0,0,No Offer,2,Q1,5,2024
05-02-2024,29388738,0,0,0,0,0,0,0,0,0,0,0,0,0,0,0,0,0,0,0,0,0,0,1,1,1,15,15% Discount,2,Q1,6,2024
06-02-2024,32078578,0,0,0,0,0,0,0,0,0,0,0,0,0,0,0,0,0,0,0,0,0,0,1,1,1,15,15% Discount,2,Q1,6,2024
07-02-2024,30893773,2398779,780574,242968,0,634178,608286,419092,0,0,0,121983,0,324800,431305,309473,129760,591593,573370,252205,0,0,0,1,1,0,0,No Offer,2,Q1,6,2024
08-02-2024,30849275,6344208,1736958,0,0,902374,465573,545086,0,0,0,138516,0,231656,578145,288503,108991,401586,554750,196496,476987,502969,0,1,1,0,0,No Offer,2,Q1,6,2024
09-02-2024,28285813,0,0,0,0,0,0,0,0,0,0,0,0,0,0,0,0,0,0,0,0,0,0,0,0,1,15,15% Discount,2,Q1,6,2024
10-02-2024,28261252,5292936,1500394,0,0,1709798,934765,733261,0,0,0,237554,0,711055,963380,584170,172845,661125,966453,349675,1055820,681902,0,1,0,1,10,10% Discount,2,Q1,6,2024
11-02-2024,27828074,2929130,1162354,0,0,1044449,906401,554633,0,0,0,220166,0,481519,615619,407754,181435,403926,573146,276948,584840,741967,0,0,1,0,0,No Offer,2,Q1,6,2024
12-02-2024,25498343,0,0,0,0,0,0,0,0,0,0,0,0,0,0,0,0,0,0,0,0,0,0,1,0,0,0,No Offer,2,Q1,7,2024
13-02-2024,31890358,0,0,0,0,0,0,0,0,0,0,0,0,0,0,0,0,0,0,0,0,0,0,1,1,1,5,5% Discount,2,Q1,7,2024
14-02-2024,21694459,2190518,755977,0,0,707809,637194,378320,0,0,0,130342,0,355419,632088,366469,115119,303675,255421,89599,410428,598391,0,0,0,0,0,No Offer,2,Q1,7,2024
15-02-2024,22416277,1608927,807223,202894,612880,585944,642011,409334,0,0,0,100656,0,0,420789,283394,135887,434359,435380,0,657791,405218,243592,0,0,0,0,No Offer,2,Q1,7,2024
16-02-2024,26513736,4008838,1282524,165152,418846,1283253,707857,430560,0,0,0,131932,0,0,785437,331811,212670,373125,483486,0,435066,452749,430123,0,0,0,0,No Offer,2,Q1,7,2024
17-02-2024,26688428,0,0,0,0,0,0,0,0,0,0,0,0,0,0,0,0,0,0,0,0,0,0,1,0,0,0,No Offer,2,Q1,7,2024
18-02-2024,26953879,0,0,0,0,0,0,0,0,0,0,0,0,0,0,0,0,0,0,0,0,0,0,1,0,1,5,5% Discount,2,Q1,7,2024
19-02-2024,26753647,0,0,0,0,0,0,0,0,0,0,0,0,0,0,0,0,0,0,0,0,0,0,0,0,1,5,5% Discount,2,Q1,8,2024
20-02-2024,25892846,3655315,941138,316675,714815,1660980,712141,433537,0,0,0,192767,0,0,544232,358898,211736,487699,490688,0,699788,487317,358371,0,0,0,0,No Offer,2,Q1,8,2024
21-02-2024,25385456,0,0,0,0,0,0,0,0,0,0,0,0,0,0,0,0,0,0,0,0,0,0,0,1,0,0,No Offer,2,Q1,8,2024
22-02-2024,27482292,0,0,0,0,0,0,0,0,0,0,0,0,0,0,0,0,0,0,0,0,0,0,1,0,0,0,No Offer,2,Q1,8,2024
23-02-2024,30486765,0,0,0,0,0,0,0,0,0,0,0,0,0,0,0,0,0,0,0,0,0,0,0,1,1,20,20% Discount,2,Q1,8,2024
24-02-2024,21647714,0,0,0,0,0,0,0,0,0,0,0,0,0,0,0,0,0,0,0,0,0,0,0,1,0,0,No Offer,2,Q1,8,2024
25-02-2024,25799615,3540717,0,349795,0,735693,651396,413954,0,0,0,233189,758269,0,796786,444314,138237,430404,486354,0,703937,355706,0,0,1,1,10,10% Discount,2,Q1,8,2024
26-02-2024,30854333,5297441,0,276855,0,1238075,747407,898299,0,0,0,111288,843887,0,686197,562981,160818,595452,558335,0,814167,830469,0,1,1,0,0,No Offer,2,Q1,9,2024
27-02-2024,31076470,6181960,0,465301,0,1176448,1118984,847801,0,0,0,334964,1261591,0,737556,625764,201717,702347,570435,0,516159,819745,0,1,1,1,15,15% Discount,2,Q1,9,2024
28-02-2024,31342434,4546896,0,312990,0,1130477,637402,637369,0,0,0,195692,1481571,0,638970,346326,161195,805291,456847,0,758112,729904,0,1,1,1,5,5% Discount,2,Q1,9,2024
29-02-2024,33232618,7246035,0,0,0,1536556,1066055,778125,0,0,0,282700,1042467,0,1000145,621012,152700,728299,585913,0,1075569,1218158,0,1,1,1,15,15% Discount,2,Q1,9,2024
01-03-2024,34313358,3659110,0,0,0,1113582,759850,915531,0,0,0,98338,2162450,0,687910,445408,155821,598049,742091,0,933822,607182,0,1,1,1,5,5% Discount,3,Q1,9,2024
02-03-2024,27191419,4081454,0,0,0,1463336,908406,668488,0,0,0,149048,1122976,0,1150504,561271,190392,519071,775838,0,751139,405882,0,1,0,1,5,5% Discount,3,Q1,9,2024
03-03-2024,32743245,4702215,0,0,0,1064665,816899,917066,0,0,0,311987,1459396,0,906583,566034,218139,836179,519855,0,570054,647932,0,1,1,1,5,5% Discount,3,Q1,9,2024
04-03-2024,27355700,0,0,0,0,0,0,0,0,0,0,0,0,0,0,0,0,0,0,0,0,0,0,0,0,1,10,10% Discount,3,Q1,10,2024
05-03-2024,24226273,4415598,0,0,0,730493,523731,369953,0,0,0,228790,1004717,0,681664,370908,183181,463550,348987,0,663892,465084,0,0,0,0,0,No Offer,3,Q1,10,2024
06-03-2024,26155083,3788331,0,0,0,1233941,1030709,905488,0,0,0,222692,1116416,0,965619,655785,244169,616029,710521,0,716682,608447,0,0,1,0,0,No Offer,3,Q1,10,2024
07-03-2024,33682061,0,0,0,0,0,0,0,0,0,0,0,0,0,0,0,0,0,0,0,0,0,0,1,1,1,10,10% Discount,3,Q1,10,2024
08-03-2024,33115009,7067598,0,0,0,721813,596894,704375,0,0,0,137635,0,0,551261,455228,138906,603153,457194,130803,501385,0,0,1,0,1,15,15% Discount,3,Q1,10,2024
09-03-2024,26558814,0,0,0,0,0,0,0,0,0,0,0,0,0,0,0,0,0,0,0,0,0,0,0,0,1,5,5% Discount,3,Q1,10,2024
10-03-2024,30950096,5296997,0,0,0,1039350,600496,770874,0,0,0,204019,0,0,1002562,660818,181020,631090,517351,227776,574499,0,0,1,1,0,0,No Offer,3,Q1,10,2024
11-03-2024,32245917,4086311,0,0,0,1593242,1087421,839912,0,0,0,133551,0,0,1052354,767913,193888,666841,970004,286128,1250129,0,0,1,1,1,10,10% Discount,3,Q1,11,2024
12-03-2024,28911594,0,0,0,0,0,0,0,0,0,0,0,0,0,0,0,0,0,0,0,0,0,0,0,1,1,10,10% Discount,3,Q1,11,2024
13-03-2024,28233653,5247686,0,0,0,1597111,1275534,1068291,0,0,0,189055,0,0,1305265,709513,306211,1196526,1211591,410763,966561,0,0,1,0,1,5,5% Discount,3,Q1,11,2024
14-03-2024,24659388,3326907,1411418,0,0,1611090,828807,1081751,0,0,0,158207,0,0,1103572,758467,152264,668037,508886,234593,964657,901565,0,0,0,0,0,No Offer,3,Q1,11,2024
15-03-2024,29525159,5651974,1386594,0,0,1335920,602588,619554,0,0,0,124201,0,0,934398,622683,200982,680147,724712,287275,970016,885149,0,1,0,0,0,No Offer,3,Q1,11,2024
16-03-2024,32096368,0,0,0,0,0,0,0,0,0,0,0,0,0,0,0,0,0,0,0,0,0,0,1,1,0,0,No Offer,3,Q1,11,2024
17-03-2024,26330208,3382754,2250779,0,0,1671426,1108819,706077,0,0,0,555786,0,0,1183503,536427,212175,471930,552758,229680,1115111,1014726,0,0,0,1,15,15% Discount,3,Q1,11,2024
18-03-2024,29140229,0,0,0,0,0,0,0,0,0,0,0,0,0,0,0,0,0,0,0,0,0,0,0,1,1,15,15% Discount,3,Q1,12,2024
19-03-2024,27302370,0,0,0,0,0,0,0,0,0,0,0,0,0,0,0,0,0,0,0,0,0,0,0,0,1,15,15% Discount,3,Q1,12,2024
20-03-2024,28410816,0,0,0,0,0,0,0,0,0,0,0,0,0,0,0,0,0,0,0,0,0,0,1,0,0,0,No Offer,3,Q1,12,2024
21-03-2024,25642379,0,0,0,0,0,0,0,0,0,0,0,0,0,0,0,0,0,0,0,0,0,0,1,0,0,0,No Offer,3,Q1,12,2024
22-03-2024,27021096,0,0,0,0,0,0,0,0,0,0,0,0,0,0,0,0,0,0,0,0,0,0,1,0,0,0,No Offer,3,Q1,12,2024
23-03-2024,28248684,2505475,1344652,0,0,1304697,812448,924980,0,0,0,192219,0,0,873683,601750,170840,503896,452192,381567,0,1322262,409063,0,1,1,15,15% Discount,3,Q1,12,2024
24-03-2024,31553157,0,0,0,0,0,0,0,0,0,0,0,0,0,0,0,0,0,0,0,0,0,0,1,0,1,10,10% Discount,3,Q1,12,2024
25-03-2024,28482014,0,0,0,0,0,0,0,0,0,0,0,0,0,0,0,0,0,0,0,0,0,0,1,0,0,0,No Offer,3,Q1,13,2024
26-03-2024,24770861,2831282,1226979,0,0,1051592,737462,602946,0,0,0,91612,0,0,641461,400463,129955,369404,385806,281556,0,587533,304873,0,0,0,0,No Offer,3,Q1,13,2024
27-03-2024,28854543,3712853,2290425,0,0,1098174,944362,930709,0,0,0,120487,0,0,763119,451077,235348,787566,670963,327838,0,798539,583332,1,1,0,0,No Offer,3,Q1,13,2024
28-03-2024,28885639,0,0,0,0,0,0,0,0,0,0,0,0,0,0,0,0,0,0,0,0,0,0,1,0,1,5,5% Discount,3,Q1,13,2024
29-03-2024,27575680,7521694,1293689,0,0,1102910,774203,699148,0,0,0,185667,0,0,810464,513589,264440,629471,634067,170356,0,732773,0,1,0,0,0,No Offer,3,Q1,13,2024
30-03-2024,36560752,0,0,0,0,0,0,0,0,0,0,0,0,0,0,0,0,0,0,0,0,0,0,1,1,1,10,10% Discount,3,Q1,13,2024
31-03-2024,33982952,0,0,0,0,0,0,0,0,0,0,0,0,0,0,0,0,0,0,0,0,0,0,1,1,1,5,5% Discount,3,Q1,13,2024
01-04-2024,26819672,0,0,0,0,0,0,0,0,0,0,0,0,0,0,0,0,0,0,0,0,0,0,1,0,0,0,No Offer,4,Q2,14,2024
02-04-2024,28258979,0,0,0,0,0,0,0,0,0,0,0,0,0,0,0,0,0,0,0,0,0,0,1,0,0,0,No Offer,4,Q2,14,2024
03-04-2024,27457332,0,0,0,0,0,0,0,0,0,0,0,0,0,0,0,0,0,0,0,0,0,0,0,0,1,5,5% Discount,4,Q2,14,2024
04-04-2024,24910003,0,0,0,0,0,0,0,0,0,0,0,0,0,0,0,0,0,0,0,0,0,0,0,0,1,5,5% Discount,4,Q2,14,2024
05-04-2024,28682226,0,0,0,0,0,0,0,0,0,0,0,0,0,0,0,0,0,0,0,0,0,0,1,0,1,15,15% Discount,4,Q2,14,2024
06-04-2024,26971464,0,0,0,0,0,0,0,0,0,0,0,0,0,0,0,0,0,0,0,0,0,0,1,0,1,10,10% Discount,4,Q2,14,2024
07-04-2024,29054641,3330944,2135235,0,0,1053644,908597,547281,0,0,0,235983,0,0,754756,549690,175812,454127,527792,0,0,499722,624030,0,1,0,0,No Offer,4,Q2,14,2024
08-04-2024,27754368,5593356,1082134,0,0,1194906,1115125,721911,0,0,0,324158,0,0,886670,502104,271547,727081,569392,0,0,666137,775336,0,1,1,5,5% Discount,4,Q2,15,2024
09-04-2024,27470644,0,0,0,0,0,0,0,0,0,0,0,0,0,0,0,0,0,0,0,0,0,0,0,1,0,0,No Offer,4,Q2,15,2024
10-04-2024,32703168,0,0,0,0,0,0,0,0,0,0,0,0,0,0,0,0,0,0,0,0,0,0,1,1,1,15,15% Discount,4,Q2,15,2024
11-04-2024,24949158,0,0,0,0,0,0,0,0,0,0,0,0,0,0,0,0,0,0,0,0,0,0,0,1,0,0,No Offer,4,Q2,15,2024
12-04-2024,30379241,0,0,0,0,0,0,0,0,0,0,0,0,0,0,0,0,0,0,0,0,0,0,1,0,1,20,20% Discount,4,Q2,15,2024
13-04-2024,22995351,2742230,444417,192087,0,695296,464397,309672,0,511417,138103,74100,406682,0,489645,184284,97199,337506,231425,0,356006,227403,0,0,0,0,0,No Offer,4,Q2,15,2024
14-04-2024,27336572,0,0,0,0,0,0,0,0,0,0,0,0,0,0,0,0,0,0,0,0,0,0,0,0,1,5,5% Discount,4,Q2,15,2024
15-04-2024,30521968,2193945,1169447,331422,0,666575,849735,424713,0,941809,246036,152356,1016887,0,695312,367027,222745,672752,651852,0,1052591,787307,0,1,0,0,0,No Offer,4,Q2,16,2024
16-04-2024,28158539,0,0,0,0,0,0,0,0,0,0,0,0,0,0,0,0,0,0,0,0,0,0,0,1,1,5,5% Discount,4,Q2,16,2024
17-04-2024,28522580,5226570,1482163,330045,0,1009622,1047372,620806,0,823357,432734,182624,1577132,0,611985,527276,210246,875182,444277,0,881766,874630,0,1,0,1,15,15% Discount,4,Q2,16,2024
18-04-2024,26794349,0,0,0,0,0,0,0,0,0,0,0,0,0,0,0,0,0,0,0,0,0,0,0,0,1,5,5% Discount,4,Q2,16,2024
19-04-2024,29073150,0,0,0,0,0,0,0,0,0,0,0,0,0,0,0,0,0,0,0,0,0,0,0,1,0,0,No Offer,4,Q2,16,2024
20-04-2024,30888074,2137524,674755,199200,0,934364,663405,527389,0,703289,374176,199867,755147,0,551427,378344,176734,408003,335069,0,358934,293682,0,0,1,1,10,10% Discount,4,Q2,16,2024
21-04-2024,31425891,0,0,0,0,0,0,0,0,0,0,0,0,0,0,0,0,0,0,0,0,0,0,1,1,1,5,5% Discount,4,Q2,16,2024
22-04-2024,27635958,3116276,2129758,359091,0,1157786,784462,647024,0,716735,367571,120091,935776,0,793702,422989,205557,728845,500633,0,999744,396137,0,1,0,0,0,No Offer,4,Q2,17,2024
23-04-2024,32624484,4608416,1327709,208995,0,530784,550790,344374,0,598010,191405,154312,1203096,0,430925,318138,136075,507187,297711,0,610700,385057,0,1,1,1,10,10% Discount,4,Q2,17,2024
24-04-2024,26871596,3872528,1079399,292407,0,1032941,920778,595254,0,660972,285071,214245,1016636,0,816325,341099,165482,596627,436609,0,616279,297128,0,0,0,0,0,No Offer,4,Q2,17,2024
25-04-2024,32834757,0,0,0,0,0,0,0,0,0,0,0,0,0,0,0,0,0,0,0,0,0,0,1,0,1,15,15% Discount,4,Q2,17,2024
26-04-2024,26412801,0,0,0,0,0,0,0,0,0,0,0,0,0,0,0,0,0,0,0,0,0,0,0,1,0,0,No Offer,4,Q2,17,2024
27-04-2024,26374275,0,0,0,0,0,0,0,0,0,0,0,0,0,0,0,0,0,0,0,0,0,0,0,1,0,0,No Offer,4,Q2,17,2024
28-04-2024,24316405,0,0,292701,0,1113586,1118882,549070,0,757477,574650,189405,0,0,851725,464732,231619,550645,635369,0,1126790,625327,665981,0,0,0,0,No Offer,4,Q2,17,2024
29-04-2024,28356206,0,0,0,0,0,0,0,0,0,0,0,0,0,0,0,0,0,0,0,0,0,0,1,0,1,10,10% Discount,4,Q2,18,2024
30-04-2024,30324914,0,0,433773,0,1673398,1005844,1389710,0,1289595,509851,413849,0,0,1190413,990443,376287,1648792,1584618,0,1399492,1063874,421478,1,0,0,0,No Offer,4,Q2,18,2024
01-05-2024,33647534,0,0,584796,0,1856932,951172,1035982,0,2566396,957783,252311,0,0,1234499,719045,277195,1020428,1136367,0,1829471,1577275,456959,1,1,1,15,15% Discount,5,Q2,18,2024
02-05-2024,30058700,0,0,0,0,0,0,0,0,0,0,0,0,0,0,0,0,0,0,0,0,0,0,1,0,0,0,No Offer,5,Q2,18,2024
03-05-2024,27041817,0,0,0,0,0,0,0,0,0,0,0,0,0,0,0,0,0,0,0,0,0,0,0,1,0,0,No Offer,5,Q2,18,2024
04-05-2024,28368577,0,0,0,0,0,0,0,0,0,0,0,0,0,0,0,0,0,0,0,0,0,0,0,0,1,15,15% Discount,5,Q2,18,2024
05-05-2024,31328397,0,0,0,0,0,0,0,0,0,0,0,0,0,0,0,0,0,0,0,0,0,0,1,1,0,0,No Offer,5,Q2,18,2024
06-05-2024,33785322,3470821,2135159,374983,0,1372267,1033769,602877,0,1247482,466830,213588,0,0,833510,533438,223875,690785,627825,401289,555683,428581,334938,1,0,1,15,15% Discount,5,Q2,19,2024
07-05-2024,31058703,0,0,0,0,0,0,0,0,0,0,0,0,0,0,0,0,0,0,0,0,0,0,1,0,1,10,10% Discount,5,Q2,19,2024
08-05-2024,27295802,0,0,0,0,0,0,0,0,0,0,0,0,0,0,0,0,0,0,0,0,0,0,0,1,1,5,5% Discount,5,Q2,19,2024
09-05-2024,26116901,2999947,816004,0,0,1077524,684337,494569,0,827965,0,156104,0,0,914141,457418,175726,436572,409891,266835,506284,920734,596378,0,0,0,0,No Offer,5,Q2,19,2024
10-05-2024,24889180,2219128,770099,0,0,974080,725439,463698,0,682362,0,105618,0,0,576580,431325,165863,417047,400594,139778,740614,490618,368010,0,0,0,0,No Offer,5,Q2,19,2024
11-05-2024,34483793,0,0,0,0,0,0,0,0,0,0,0,0,0,0,0,0,0,0,0,0,0,0,1,0,1,10,10% Discount,5,Q2,19,2024
12-05-2024,32313638,0,0,0,0,0,0,0,0,0,0,0,0,0,0,0,0,0,0,0,0,0,0,1,1,1,5,5% Discount,5,Q2,19,2024
13-05-2024,31422970,3809897,871297,0,0,657968,591653,419312,0,522204,0,181748,0,0,871160,422755,153356,482560,581899,159443,381173,529564,502725,1,0,1,15,15% Discount,5,Q2,20,2024
14-05-2024,34001311,3978978,2093175,0,0,1044912,1154004,591698,0,1029917,0,203085,0,0,904617,523126,143987,574556,621955,191876,664843,449682,551623,1,0,1,5,5% Discount,5,Q2,20,2024
15-05-2024,29438353,0,0,0,0,0,0,0,0,0,0,0,0,0,0,0,0,0,0,0,0,0,0,0,1,0,0,No Offer,5,Q2,20,2024
16-05-2024,28808174,0,0,0,0,0,0,0,0,0,0,0,0,0,0,0,0,0,0,0,0,0,0,0,1,1,10,10% Discount,5,Q2,20,2024
17-05-2024,25860968,0,0,0,0,0,0,0,0,0,0,0,0,0,0,0,0,0,0,0,0,0,0,0,0,1,5,5% Discount,5,Q2,20,2024
18-05-2024,33680857,5619835,0,0,0,932947,618914,424343,0,989510,0,230631,0,0,639004,449027,157487,756079,540941,138104,747785,560703,248025,1,0,1,15,15% Discount,5,Q2,20,2024
19-05-2024,31664622,0,0,0,0,0,0,0,0,0,0,0,0,0,0,0,0,0,0,0,0,0,0,0,1,1,15,15% Discount,5,Q2,20,2024
20-05-2024,28606830,0,0,0,0,0,0,0,0,0,0,0,0,0,0,0,0,0,0,0,0,0,0,0,0,1,5,5% Discount,5,Q2,21,2024
21-05-2024,28084967,3407777,0,0,0,1161831,1062779,878085,0,755810,0,183465,0,0,1021419,542761,180693,406745,507464,385661,831568,1043321,548282,0,0,1,15,15% Discount,5,Q2,21,2024
22-05-2024,30480877,4308476,0,0,0,1075094,873550,802639,0,824557,0,139104,0,0,894243,565202,183748,903396,829179,363566,940166,727325,297361,1,0,0,0,No Offer,5,Q2,21,2024
23-05-2024,25324355,0,2007336,0,0,1639692,1430873,1022679,0,1424547,0,180578,0,0,1267793,710605,269358,986763,873196,466094,1137730,0,868910,1,0,0,0,No Offer,5,Q2,21,2024
24-05-2024,26914071,0,0,0,0,0,0,0,0,0,0,0,0,0,0,0,0,0,0,0,0,0,0,0,0,1,5,5% Discount,5,Q2,21,2024
25-05-2024,28174567,0,1214717,0,0,1360383,846370,758882,0,1082203,0,254864,0,0,860587,514930,158574,759233,489659,201716,813713,0,663298,1,0,0,0,No Offer,5,Q2,21,2024
26-05-2024,28461652,0,0,0,0,0,0,0,0,0,0,0,0,0,0,0,0,0,0,0,0,0,0,1,0,0,0,No Offer,5,Q2,21,2024
27-05-2024,31409051,0,0,0,0,0,0,0,0,0,0,0,0,0,0,0,0,0,0,0,0,0,0,1,1,0,0,No Offer,5,Q2,22,2024
28-05-2024,31264754,0,0,0,0,0,0,0,0,0,0,0,0,0,0,0,0,0,0,0,0,0,0,1,0,0,0,No Offer,5,Q2,22,2024
29-05-2024,29420875,0,1123386,0,0,1252798,1153131,880576,0,1410700,0,235753,0,0,1357942,521234,257228,939280,694671,328127,1274915,0,750226,1,0,1,10,10% Discount,5,Q2,22,2024
30-05-2024,27462186,0,0,0,0,0,0,0,0,0,0,0,0,0,0,0,0,0,0,0,0,0,0,0,1,1,15,15% Discount,5,Q2,22,2024
31-05-2024,24508915,0,1022737,0,235975,1228001,854300,824118,0,689879,0,230387,1140769,0,809447,440923,182442,484983,443996,251585,924653,0,0,0,0,0,0,No Offer,5,Q2,22,2024
01-06-2024,34215427,0,1650583,0,679183,1444255,1243187,798655,0,1202494,0,222335,2296988,0,831454,738526,268607,865438,1012947,172041,578547,0,0,1,1,1,5,5% Discount,6,Q2,22,2024
02-06-2024,27940796,0,1141029,0,817057,738029,919761,751316,0,585573,0,303320,1102170,0,666073,560542,149968,658681,537391,146399,811035,0,0,1,1,0,0,No Offer,6,Q2,22,2024
03-06-2024,31008543,0,0,0,0,0,0,0,0,0,0,0,0,0,0,0,0,0,0,0,0,0,0,0,1,1,20,20% Discount,6,Q2,23,2024
04-06-2024,30155379,0,0,0,0,0,0,0,0,0,0,0,0,0,0,0,0,0,0,0,0,0,0,1,0,0,0,No Offer,6,Q2,23,2024
05-06-2024,26567351,0,0,0,0,0,0,0,0,0,0,0,0,0,0,0,0,0,0,0,0,0,0,0,0,1,5,5% Discount,6,Q2,23,2024
06-06-2024,30746319,0,1554123,0,0,1655839,899150,904215,0,598777,0,162267,640244,0,779197,389406,191131,710606,459912,242966,0,712503,468641,0,1,1,5,5% Discount,6,Q2,23,2024
07-06-2024,28199742,0,1437584,0,0,1861655,1302221,879841,0,948696,0,206584,855095,0,846269,815863,227059,658702,538465,216382,0,893887,353166,0,1,1,20,20% Discount,6,Q2,23,2024
08-06-2024,29291517,0,1393908,0,0,1129241,872616,812336,0,1109372,0,132002,1631951,0,620043,544613,211137,692650,652227,303072,0,948847,493607,1,0,1,5,5% Discount,6,Q2,23,2024
09-06-2024,33508009,0,1659656,0,0,857044,678486,315293,0,1423367,0,231296,903971,0,743775,430062,94899,658157,635521,214711,0,329783,416676,1,1,0,0,No Offer,6,Q2,23,2024
10-06-2024,26781950,0,1089356,0,0,1839242,1305164,887379,0,1031186,0,226223,1979503,0,969570,633641,246750,619657,756899,356887,0,440703,364444,1,0,0,0,No Offer,6,Q2,24,2024
11-06-2024,27241198,0,857867,0,0,1222006,929687,950282,0,715133,0,229076,1677145,0,1038604,693626,182942,634317,604227,251256,0,994314,532791,0,0,0,0,No Offer,6,Q2,24,2024
12-06-2024,33987319,0,0,0,0,0,0,0,0,0,0,0,0,0,0,0,0,0,0,0,0,0,0,1,0,1,25,Buy3Get1,6,Q2,24,2024
13-06-2024,26321349,3368910,744388,0,0,738609,706764,437717,0,421831,0,124059,0,0,616344,320029,145026,395380,322215,201737,0,0,0,0,0,0,0,No Offer,6,Q2,24,2024
14-06-2024,35860613,0,0,0,0,0,0,0,0,0,0,0,0,0,0,0,0,0,0,0,0,0,0,1,0,1,20,20% Discount,6,Q2,24,2024
15-06-2024,31835813,0,0,0,0,0,0,0,0,0,0,0,0,0,0,0,0,0,0,0,0,0,0,1,1,0,0,No Offer,6,Q2,24,2024
16-06-2024,26729475,0,0,0,0,0,0,0,0,0,0,0,0,0,0,0,0,0,0,0,0,0,0,0,1,0,0,No Offer,6,Q2,24,2024
17-06-2024,32087582,3893064,763938,0,0,1178706,706915,499837,0,805374,0,139660,0,0,738582,454000,199010,365599,854161,151087,0,0,0,1,1,0,0,No Offer,6,Q2,25,2024
18-06-2024,25630961,0,0,0,0,0,0,0,0,0,0,0,0,0,0,0,0,0,0,0,0,0,0,0,0,1,5,5% Discount,6,Q2,25,2024
19-06-2024,30428377,5223895,905944,0,0,1085469,904639,633391,0,799594,0,186263,0,0,1149688,625753,247492,563831,389915,380752,0,0,0,0,1,1,10,10% Discount,6,Q2,25,2024
20-06-2024,29865392,4987644,1391157,0,0,1317205,1198007,643569,0,820919,0,229086,0,0,949667,404606,210733,711855,604881,204484,0,0,241276,1,1,1,5,5% Discount,6,Q2,25,2024
21-06-2024,27772952,3407409,1264262,0,0,644486,674944,452506,0,520847,0,135122,0,0,348335,370588,144714,380176,320043,249831,0,0,269116,0,1,0,0,No Offer,6,Q2,25,2024
22-06-2024,32081915,0,0,0,0,0,0,0,0,0,0,0,0,0,0,0,0,0,0,0,0,0,0,0,1,1,10,10% Discount,6,Q2,25,2024
23-06-2024,28321553,2558055,1091025,0,0,960330,613130,529307,0,827437,0,186816,0,0,634821,419979,216261,410938,476423,128764,0,0,342650,0,1,1,5,5% Discount,6,Q2,25,2024
24-06-2024,33097719,0,0,0,0,0,0,0,0,0,0,0,0,0,0,0,0,0,0,0,0,0,0,1,1,0,0,No Offer,6,Q2,26,2024
25-06-2024,34099592,0,0,0,0,0,0,0,0,0,0,0,0,0,0,0,0,0,0,0,0,0,0,1,0,0,0,No Offer,6,Q2,26,2024
26-06-2024,29862404,4624505,1530270,0,0,1054528,732806,621860,0,535562,0,133431,0,0,760457,572856,182123,733016,468100,172996,0,0,326712,1,0,1,5,5% Discount,6,Q2,26,2024
27-06-2024,32212483,2400486,770665,158906,0,601447,572121,542617,0,1067576,0,105965,0,0,601805,324826,106065,732661,528972,152350,0,0,0,1,1,0,0,No Offer,6,Q2,26,2024
28-06-2024,33237623,3976666,1529544,328498,0,1993185,1023565,939520,0,1308621,0,174900,0,0,753472,549445,218774,814139,737769,315945,0,0,0,1,1,1,5,5% Discount,6,Q2,26,2024
29-06-2024,28118427,0,0,0,0,0,0,0,0,0,0,0,0,0,0,0,0,0,0,0,0,0,0,0,0,1,10,10% Discount,6,Q2,26,2024
30-06-2024,36160783,0,0,0,0,0,0,0,0,0,0,0,0,0,0,0,0,0,0,0,0,0,0,1,0,1,25,Buy3Get1,6,Q2,26,2024
01-07-2024,29198309,0,0,0,0,0,0,0,0,0,0,0,0,0,0,0,0,0,0,0,0,0,0,0,0,1,15,15% Discount,7,Q3,27,2024
02-07-2024,30740819,0,0,0,0,0,0,0,0,0,0,0,0,0,0,0,0,0,0,0,0,0,0,0,1,1,15,15% Discount,7,Q3,27,2024
03-07-2024,25968015,0,0,0,0,0,0,0,0,0,0,0,0,0,0,0,0,0,0,0,0,0,0,0,0,1,10,10% Discount,7,Q3,27,2024
04-07-2024,32521976,0,0,0,0,0,0,0,0,0,0,0,0,0,0,0,0,0,0,0,0,0,0,1,0,1,15,15% Discount,7,Q3,27,2024
05-07-2024,35103801,0,0,0,0,0,0,0,0,0,0,0,0,0,0,0,0,0,0,0,0,0,0,1,1,1,5,5% Discount,7,Q3,27,2024
06-07-2024,29139459,5244669,1409912,414857,0,756586,998098,460137,0,724792,0,127971,0,0,842162,428706,141760,600882,492445,230907,688833,0,0,0,1,1,10,10% Discount,7,Q3,27,2024
07-07-2024,34822797,0,0,0,0,0,0,0,0,0,0,0,0,0,0,0,0,0,0,0,0,0,0,0,1,1,25,Buy3Get1,7,Q3,27,2024
08-07-2024,31793423,0,0,0,0,0,0,0,0,0,0,0,0,0,0,0,0,0,0,0,0,0,0,1,1,0,0,No Offer,7,Q3,28,2024
09-07-2024,28555351,6729411,1566801,242287,0,718763,746155,562412,0,939446,0,146156,0,0,754443,329474,133626,731435,623704,208983,637717,0,0,1,0,0,0,No Offer,7,Q3,28,2024
10-07-2024,25422993,0,0,0,0,0,0,0,0,0,0,0,0,0,0,0,0,0,0,0,0,0,0,0,1,0,0,No Offer,7,Q3,28,2024
11-07-2024,36044442,0,0,0,0,0,0,0,0,0,0,0,0,0,0,0,0,0,0,0,0,0,0,1,1,1,5,5% Discount,7,Q3,28,2024
12-07-2024,35678175,0,0,0,0,0,0,0,0,0,0,0,0,0,0,0,0,0,0,0,0,0,0,1,1,1,10,10% Discount,7,Q3,28,2024
13-07-2024,34414992,0,0,0,0,0,0,0,0,0,0,0,0,0,0,0,0,0,0,0,0,0,0,0,0,1,15,15% Discount,7,Q3,28,2024
14-07-2024,28209394,2297474,937422,304796,0,538156,432046,335467,0,383616,0,113696,0,0,515059,281221,106969,264171,241271,147484,305537,0,223715,0,0,0,0,No Offer,7,Q3,28,2024
15-07-2024,28626959,2085712,467395,298072,0,1019073,750775,546720,0,981758,0,248570,0,0,642744,298585,180166,581512,297880,172095,1274101,0,431797,0,0,0,0,No Offer,7,Q3,29,2024
16-07-2024,26562860,5033860,1378709,356237,0,1013953,931055,645676,0,1060166,0,149314,0,0,883808,497611,221804,567656,543166,129853,681034,0,686119,1,0,0,0,No Offer,7,Q3,29,2024
17-07-2024,26534018,0,0,0,0,0,0,0,0,0,0,0,0,0,0,0,0,0,0,0,0,0,0,1,0,0,0,No Offer,7,Q3,29,2024
18-07-2024,37281275,0,0,0,0,0,0,0,0,0,0,0,0,0,0,0,0,0,0,0,0,0,0,1,1,1,20,20% Discount,7,Q3,29,2024
19-07-2024,27640616,0,0,0,0,0,0,0,0,0,0,0,0,0,0,0,0,0,0,0,0,0,0,1,0,0,0,No Offer,7,Q3,29,2024
20-07-2024,30752518,0,0,0,0,0,0,0,0,0,0,0,0,0,0,0,0,0,0,0,0,0,0,1,1,0,0,No Offer,7,Q3,29,2024
21-07-2024,32969960,0,0,0,0,0,0,0,0,0,0,0,0,0,0,0,0,0,0,0,0,0,0,0,0,1,10,10% Discount,7,Q3,29,2024
22-07-2024,35732490,5269809,1926804,639579,0,1268246,1702866,1106029,0,1366250,0,227784,0,0,1023524,699515,203595,843235,946892,0,0,0,0,1,1,1,5,5% Discount,7,Q3,30,2024
23-07-2024,30270989,4159442,1201647,396998,0,1188693,734820,740394,0,1414883,0,102637,0,0,788512,566590,209359,1113786,717933,0,0,0,0,1,1,0,0,No Offer,7,Q3,30,2024
24-07-2024,27520734,0,0,0,0,0,0,0,0,0,0,0,0,0,0,0,0,0,0,0,0,0,0,1,1,0,0,No Offer,7,Q3,30,2024
25-07-2024,25891662,0,0,0,0,0,0,0,0,0,0,0,0,0,0,0,0,0,0,0,0,0,0,0,0,1,5,5% Discount,7,Q3,30,2024
26-07-2024,27685062,0,0,0,0,0,0,0,0,0,0,0,0,0,0,0,0,0,0,0,0,0,0,0,1,0,0,No Offer,7,Q3,30,2024
27-07-2024,27052462,0,0,0,0,0,0,0,0,0,0,0,0,0,0,0,0,0,0,0,0,0,0,0,0,1,5,5% Discount,7,Q3,30,2024
28-07-2024,29622961,0,0,0,0,0,0,0,0,0,0,0,0,0,0,0,0,0,0,0,0,0,0,1,1,0,0,No Offer,7,Q3,30,2024
29-07-2024,31725295,0,1384730,516753,0,1105193,766816,840166,0,463188,0,234397,1113691,0,779557,521467,194060,444044,506709,168042,538502,0,693510,0,0,1,15,15% Discount,7,Q3,31,2024
30-07-2024,30720919,0,888621,214735,0,1197801,1267993,1026036,0,1131246,0,212961,1763386,0,838972,536869,196915,820777,660736,320657,884207,0,552443,1,1,0,0,No Offer,7,Q3,31,2024
31-07-2024,30872660,0,0,0,0,0,0,0,0,0,0,0,0,0,0,0,0,0,0,0,0,0,0,1,0,0,0,No Offer,7,Q3,31,2024
01-08-2024,30393839,0,0,0,0,0,0,0,0,0,0,0,0,0,0,0,0,0,0,0,0,0,0,1,0,0,0,No Offer,8,Q3,31,2024
02-08-2024,30861539,0,0,0,0,0,0,0,0,0,0,0,0,0,0,0,0,0,0,0,0,0,0,0,1,0,0,No Offer,8,Q3,31,2024
03-08-2024,26668345,0,1432973,393626,873093,1436814,869129,628086,0,886718,0,0,0,588045,907955,369374,190569,751297,656935,205808,579750,0,467864,0,0,0,0,No Offer,8,Q3,31,2024
04-08-2024,32148093,0,1194427,563456,1302451,1223679,1422292,717592,0,623118,0,0,0,376385,748187,576953,226979,958045,703840,255173,918039,0,927094,1,1,1,5,5% Discount,8,Q3,31,2024
05-08-2024,31555287,0,0,0,0,0,0,0,0,0,0,0,0,0,0,0,0,0,0,0,0,0,0,1,1,0,0,No Offer,8,Q3,32,2024
06-08-2024,32755540,0,0,0,0,0,0,0,0,0,0,0,0,0,0,0,0,0,0,0,0,0,0,1,0,1,15,15% Discount,8,Q3,32,2024
07-08-2024,36791619,0,1395717,340759,827979,1472108,979725,976926,0,884762,0,0,0,556854,1056194,720950,211121,897317,809166,231382,1372175,0,515993,1,1,0,0,No Offer,8,Q3,32,2024
08-08-2024,34205138,0,1958319,722430,0,1609691,1599834,987405,0,1908910,0,0,0,541345,1545247,456453,255819,1078715,977572,436986,1309396,0,0,1,1,1,5,5% Discount,8,Q3,32,2024
09-08-2024,28159092,0,752372,823226,0,1493724,1769162,828029,0,1369578,0,0,0,565067,1512929,719399,292197,921808,584981,289361,1694204,0,0,0,0,1,5,5% Discount,8,Q3,32,2024
10-08-2024,28503487,0,1721490,164424,0,955502,934946,590419,0,1194750,0,0,0,244905,810839,601823,190671,536202,583575,298504,661708,0,0,0,0,0,0,No Offer,8,Q3,32,2024
11-08-2024,31578028,0,2351595,360525,0,1275730,1273992,755756,0,1483088,0,0,0,469837,1272519,622476,270732,685749,577073,303068,909599,0,0,0,1,1,10,10% Discount,8,Q3,32,2024
12-08-2024,34954669,0,0,0,0,0,0,0,0,0,0,0,0,0,0,0,0,0,0,0,0,0,0,0,1,1,15,15% Discount,8,Q3,33,2024
13-08-2024,33303033,0,0,0,0,0,0,0,0,0,0,0,0,0,0,0,0,0,0,0,0,0,0,1,1,1,5,5% Discount,8,Q3,33,2024
14-08-2024,26310594,0,1001837,556338,0,1568492,888650,615842,0,728392,0,0,0,387464,830581,498131,161849,586132,655632,229985,565637,0,0,0,0,0,0,No Offer,8,Q3,33,2024
15-08-2024,27528770,0,1694486,0,0,1640842,1287870,806549,0,1113869,0,0,1285092,606261,902399,731360,251512,848242,619932,322189,0,0,0,0,1,0,0,No Offer,8,Q3,33,2024
16-08-2024,32498623,0,0,0,0,0,0,0,0,0,0,0,0,0,0,0,0,0,0,0,0,0,0,0,1,0,0,No Offer,8,Q3,33,2024
17-08-2024,29131566,0,0,0,0,0,0,0,0,0,0,0,0,0,0,0,0,0,0,0,0,0,0,0,1,0,0,No Offer,8,Q3,33,2024
18-08-2024,32895954,0,1497260,0,0,1430267,1150294,747321,0,1997132,0,0,1922348,1087719,1087938,799781,237506,932186,1082309,144571,0,0,0,1,1,1,10,10% Discount,8,Q3,33,2024
19-08-2024,35809840,0,1548554,0,0,1389308,1472074,803661,0,1748325,0,0,2279576,477126,1154855,425605,158868,652762,902019,337035,0,0,0,1,1,1,10,10% Discount,8,Q3,34,2024
20-08-2024,27078876,0,0,0,0,0,0,0,0,0,0,0,0,0,0,0,0,0,0,0,0,0,0,0,0,1,5,5% Discount,8,Q3,34,2024
21-08-2024,27521581,0,0,0,0,0,0,0,0,0,0,0,0,0,0,0,0,0,0,0,0,0,0,0,0,1,5,5% Discount,8,Q3,34,2024
22-08-2024,37396655,0,0,0,0,1632336,1464569,1196064,0,1609446,0,0,3039805,491995,1185479,1227924,284639,1364500,1076932,313917,0,0,640981,1,1,1,15,15% Discount,8,Q3,34,2024
23-08-2024,38634984,0,0,0,0,0,0,0,0,0,0,0,0,0,0,0,0,0,0,0,0,0,0,1,1,1,10,10% Discount,8,Q3,34,2024
24-08-2024,27268653,0,0,0,0,1126152,840675,581699,0,849607,0,0,881768,283428,829362,524941,234156,572503,462451,321663,0,0,532999,0,0,0,0,No Offer,8,Q3,34,2024
25-08-2024,26987365,0,0,0,0,0,0,0,0,0,0,0,0,0,0,0,0,0,0,0,0,0,0,0,0,1,5,5% Discount,8,Q3,34,2024
26-08-2024,29441298,0,0,0,0,0,0,0,0,0,0,0,0,0,0,0,0,0,0,0,0,0,0,0,0,1,15,15% Discount,8,Q3,35,2024
27-08-2024,30432492,0,0,0,0,0,0,0,0,0,0,0,0,0,0,0,0,0,0,0,0,0,0,0,1,0,0,No Offer,8,Q3,35,2024
28-08-2024,25841166,0,0,0,0,0,0,0,0,0,0,0,0,0,0,0,0,0,0,0,0,0,0,0,1,0,0,No Offer,8,Q3,35,2024
29-08-2024,28469001,0,0,0,0,0,0,0,0,0,0,0,0,0,0,0,0,0,0,0,0,0,0,1,0,0,0,No Offer,8,Q3,35,2024
30-08-2024,39863689,0,2447254,0,0,1378998,1378762,1054895,0,1751037,0,0,0,0,1427544,737281,217232,1139464,955675,322504,0,0,0,1,1,1,25,Buy3Get1,8,Q3,35,2024
31-08-2024,26290101,0,2089578,0,0,1273118,1627305,1084682,0,1331467,0,0,0,0,1229169,480095,230192,853249,791215,228088,0,0,0,0,0,1,10,10% Discount,8,Q3,35,2024
01-09-2024,29563812,0,0,0,0,0,0,0,0,0,0,0,0,0,0,0,0,0,0,0,0,0,0,0,0,1,10,10% Discount,9,Q3,35,2024
02-09-2024,32778703,0,0,0,0,0,0,0,0,0,0,0,0,0,0,0,0,0,0,0,0,0,0,1,1,0,0,No Offer,9,Q3,36,2024
03-09-2024,39790058,0,2264415,0,0,2093517,2256401,1587976,0,1618598,0,0,0,0,1627421,916461,301277,1428508,1218232,518092,0,0,0,1,1,1,15,15% Discount,9,Q3,36,2024
04-09-2024,29683960,0,0,0,0,0,0,0,0,0,0,0,0,0,0,0,0,0,0,0,0,0,0,0,1,0,0,No Offer,9,Q3,36,2024
05-09-2024,36159261,0,0,0,0,0,0,0,0,0,0,0,0,0,0,0,0,0,0,0,0,0,0,1,1,0,0,No Offer,9,Q3,36,2024
06-09-2024,31405976,0,0,0,0,1763674,1442228,1367381,0,1873476,0,0,1807642,0,1649520,702744,282008,1450450,1023594,335240,1121107,0,0,1,0,0,0,No Offer,9,Q3,36,2024
07-09-2024,43337764,0,0,0,0,0,0,0,0,0,0,0,0,0,0,0,0,0,0,0,0,0,0,1,1,1,20,20% Discount,9,Q3,36,2024
08-09-2024,27637159,0,0,0,0,0,0,0,0,0,0,0,0,0,0,0,0,0,0,0,0,0,0,0,1,0,0,No Offer,9,Q3,36,2024
09-09-2024,30624798,0,0,0,0,1742966,1423261,881615,0,1034166,0,0,1058913,0,1241612,652233,265304,869036,556079,189108,823408,0,0,0,0,0,0,No Offer,9,Q3,37,2024
10-09-2024,29408259,0,0,0,0,1319368,1166492,762120,0,880222,0,0,1040577,0,1274144,972262,250945,948029,595125,320654,1871099,0,0,0,1,0,0,No Offer,9,Q3,37,2024
11-09-2024,32821410,0,0,0,0,0,0,0,0,0,0,0,0,0,0,0,0,0,0,0,0,0,0,0,1,0,0,No Offer,9,Q3,37,2024
12-09-2024,33498178,4459401,1461907,439099,0,836105,653924,493526,0,484554,0,0,978820,0,855823,429822,205058,760192,529382,332928,490320,0,0,1,0,0,0,No Offer,9,Q3,37,2024
13-09-2024,27998903,0,0,0,0,0,0,0,0,0,0,0,0,0,0,0,0,0,0,0,0,0,0,1,1,0,0,No Offer,9,Q3,37,2024
14-09-2024,28731071,3109452,1684996,488824,0,711870,850288,513236,0,1266113,0,0,915861,0,779178,524739,167599,742025,481375,223232,406969,0,0,0,0,0,0,No Offer,9,Q3,37,2024
15-09-2024,37133216,2647622,1031435,159880,0,629218,554319,400987,0,401008,0,0,659841,0,514470,291675,94778,405370,418665,85674,796850,0,0,1,0,1,15,15% Discount,9,Q3,37,2024
16-09-2024,36481069,3889917,1319445,343882,0,878384,929057,773292,0,872331,0,0,1706918,0,805938,447612,200766,511723,581277,190173,585576,0,0,1,1,0,0,No Offer,9,Q3,38,2024
17-09-2024,28040187,0,0,0,0,0,0,0,0,0,0,0,0,0,0,0,0,0,0,0,0,0,0,0,0,1,10,10% Discount,9,Q3,38,2024
18-09-2024,32398559,0,0,0,0,0,0,0,0,0,0,0,0,0,0,0,0,0,0,0,0,0,0,1,0,0,0,No Offer,9,Q3,38,2024
19-09-2024,36927278,4597272,906588,305173,0,838292,744364,717355,0,531734,0,0,569230,0,799803,449620,138835,764853,508803,179559,499824,0,0,1,1,1,10,10% Discount,9,Q3,38,2024
20-09-2024,30959047,0,0,0,0,0,0,0,0,0,0,0,0,0,0,0,0,0,0,0,0,0,0,0,1,0,0,No Offer,9,Q3,38,2024
21-09-2024,29619811,807012,533839,117590,0,369271,251722,238104,0,410384,0,0,284740,0,244864,160858,90851,271569,163540,85588,420039,0,0,0,0,0,0,No Offer,9,Q3,38,2024
22-09-2024,33473339,0,0,0,0,0,0,0,0,0,0,0,0,0,0,0,0,0,0,0,0,0,0,1,0,0,0,No Offer,9,Q3,38,2024
23-09-2024,30072024,0,0,0,0,0,0,0,0,0,0,0,0,0,0,0,0,0,0,0,0,0,0,1,0,0,0,No Offer,9,Q3,39,2024
24-09-2024,30669005,4481171,927190,522608,0,1035932,1213786,636826,0,561635,0,0,958768,0,756237,606132,169739,434383,555851,151512,649564,0,0,0,0,1,10,10% Discount,9,Q3,39,2024
25-09-2024,33897196,3276083,966759,356171,0,737301,810135,830547,0,741695,0,0,1285412,0,793240,692600,182717,594817,732800,269374,1341346,0,0,1,1,0,0,No Offer,9,Q3,39,2024
26-09-2024,30950206,3391191,0,429655,445942,1475941,1000229,753198,0,0,0,0,0,0,891223,428624,203347,502435,538196,261323,1159036,0,432162,0,1,1,5,5% Discount,9,Q3,39,2024
27-09-2024,29935526,3143596,0,353363,325943,1113044,825041,695418,0,0,0,0,0,0,858118,558313,180767,523109,467457,221737,771822,0,497266,0,0,1,10,10% Discount,9,Q3,39,2024
28-09-2024,34220157,0,0,0,0,0,0,0,0,0,0,0,0,0,0,0,0,0,0,0,0,0,0,1,1,0,0,No Offer,9,Q3,39,2024
29-09-2024,26954030,3317875,0,522497,550514,1377855,734663,671593,0,0,0,0,0,0,1133259,455121,181338,784160,461728,215307,647898,0,307264,0,0,0,0,No Offer,9,Q3,39,2024
30-09-2024,31804035,0,0,0,0,0,0,0,0,0,0,0,0,0,0,0,0,0,0,0,0,0,0,0,1,0,0,No Offer,9,Q3,40,2024
01-10-2024,38767405,2241188,0,417845,700764,1055695,920080,525049,0,0,0,0,0,0,956580,464245,204438,535567,548913,195625,924711,0,434478,0,1,1,15,15% Discount,10,Q4,40,2024
02-10-2024,28317784,4083742,0,541367,535658,1010839,777782,685701,0,0,0,0,0,0,785957,818624,152824,526772,318045,244930,636526,0,410003,0,0,0,0,No Offer,10,Q4,40,2024
03-10-2024,41990421,6743372,0,440862,0,1288043,1243654,860553,0,0,0,0,0,0,1025207,643154,203581,818792,1030968,373456,1325670,0,786368,1,1,1,10,10% Discount,10,Q4,40,2024
04-10-2024,30592080,0,0,0,0,0,0,0,0,0,0,0,0,0,0,0,0,0,0,0,0,0,0,0,0,1,10,10% Discount,10,Q4,40,2024
05-10-2024,41015581,4524719,0,494387,0,1637658,1260732,1335457,0,0,0,0,0,0,1056002,636601,382905,1179387,805074,402292,1377324,0,951133,1,1,1,10,10% Discount,10,Q4,40,2024
06-10-2024,36005558,3298902,0,371952,0,1469657,930977,1019492,0,0,0,0,0,0,940395,710834,355428,1219085,565789,219068,848171,0,672019,1,0,0,0,No Offer,10,Q4,40,2024
07-10-2024,34510672,0,0,0,0,0,0,0,0,0,0,0,0,0,0,0,0,0,0,0,0,0,0,1,0,1,5,5% Discount,10,Q4,41,2024
08-10-2024,31752396,3610417,0,375274,0,1353431,1383392,836094,0,0,0,0,0,0,842973,545285,193081,712402,444822,188164,2051369,0,481179,1,0,0,0,No Offer,10,Q4,41,2024
09-10-2024,32199341,0,0,0,0,0,0,0,0,0,0,0,0,0,0,0,0,0,0,0,0,0,0,1,0,0,0,No Offer,10,Q4,41,2024
10-10-2024,36834376,0,0,0,0,0,0,0,0,0,0,0,0,0,0,0,0,0,0,0,0,0,0,1,1,0,0,No Offer,10,Q4,41,2024
11-10-2024,37319290,4217812,0,0,0,1139454,1165228,871111,0,0,0,0,0,0,1090019,549470,317017,1223927,630517,436911,719954,663933,773347,1,0,0,0,No Offer,10,Q4,41,2024
12-10-2024,32395639,3775527,0,0,0,1246192,957304,816410,0,0,0,0,0,0,631955,681708,231211,969301,579159,156127,1442629,375730,504148,1,1,0,0,No Offer,10,Q4,41,2024
13-10-2024,39180010,6747835,0,0,0,1121753,837216,834620,0,0,0,0,0,0,1160661,520851,183272,908921,735482,226523,483925,716675,529807,1,1,1,10,10% Discount,10,Q4,41,2024
14-10-2024,37202054,0,0,0,0,0,0,0,0,0,0,0,0,0,0,0,0,0,0,0,0,0,0,1,0,1,15,15% Discount,10,Q4,42,2024
15-10-2024,30160640,0,0,0,0,0,0,0,0,0,0,0,0,0,0,0,0,0,0,0,0,0,0,0,0,1,5,5% Discount,10,Q4,42,2024
16-10-2024,32049396,0,0,0,0,0,0,0,0,0,0,0,0,0,0,0,0,0,0,0,0,0,0,0,1,0,0,No Offer,10,Q4,42,2024
17-10-2024,34899710,1860153,1159824,0,0,762644,810964,352642,0,0,0,0,0,0,493377,345507,154628,522746,461624,159030,528838,578525,212019,1,1,0,0,No Offer,10,Q4,42,2024
18-10-2024,34613599,0,0,0,0,0,0,0,0,0,0,0,0,0,0,0,0,0,0,0,0,0,0,0,1,0,0,No Offer,10,Q4,42,2024
19-10-2024,40545014,4323224,1528707,0,0,868268,878022,648773,0,0,0,0,0,0,801338,438059,139630,969827,569361,201830,908115,585436,339547,1,1,1,5,5% Discount,10,Q4,42,2024
20-10-2024,42077029,4865079,1366253,0,0,580374,657999,473944,0,0,0,0,0,0,505220,423859,171026,504861,679734,200910,569080,382738,435935,1,1,1,20,20% Discount,10,Q4,42,2024
21-10-2024,33224266,4528167,872332,0,0,1612763,839982,727169,0,0,0,0,0,0,615787,619268,256258,629586,539568,258165,1064781,704789,912997,0,1,1,5,5% Discount,10,Q4,43,2024
22-10-2024,32519574,4162863,1409099,0,0,1087892,1106052,773829,0,0,0,0,0,0,965548,373982,206108,536200,610155,162709,878925,551829,459139,0,1,1,5,5% Discount,10,Q4,43,2024
23-10-2024,38975196,5404410,1459605,0,0,469875,753459,607966,0,0,0,0,0,0,664690,370205,189942,724354,602331,194650,288526,346842,350552,1,0,1,20,20% Discount,10,Q4,43,2024
24-10-2024,33148694,2300541,1405657,0,0,1223292,718651,801876,0,1174147,0,0,0,0,785424,411150,250905,794190,375748,0,0,830132,612042,0,0,0,0,No Offer,10,Q4,43,2024
25-10-2024,40178030,0,0,0,0,0,0,0,0,0,0,0,0,0,0,0,0,0,0,0,0,0,0,1,1,1,15,15% Discount,10,Q4,43,2024
26-10-2024,30609590,0,0,0,0,0,0,0,0,0,0,0,0,0,0,0,0,0,0,0,0,0,0,0,0,1,10,10% Discount,10,Q4,43,2024
27-10-2024,36547712,5892388,1404228,0,0,827666,889331,677008,0,660160,0,0,0,0,956932,459163,194124,849761,675516,0,0,438031,522435,1,0,1,15,15% Discount,10,Q4,43,2024
28-10-2024,32447992,0,0,0,0,0,0,0,0,0,0,0,0,0,0,0,0,0,0,0,0,0,0,0,0,1,5,5% Discount,10,Q4,44,2024
29-10-2024,34555197,0,0,0,0,0,0,0,0,0,0,0,0,0,0,0,0,0,0,0,0,0,0,1,1,0,0,No Offer,10,Q4,44,2024
30-10-2024,38923531,0,0,0,0,0,0,0,0,0,0,0,0,0,0,0,0,0,0,0,0,0,0,1,1,1,10,10% Discount,10,Q4,44,2024
31-10-2024,40112449,0,2605708,0,0,1726883,1508811,1204415,0,1022696,0,0,0,0,1202468,763511,296345,1161633,996866,372889,0,697969,569521,1,1,1,10,10% Discount,10,Q4,44,2024
01-11-2024,36954239,0,0,0,0,0,0,0,0,0,0,0,0,0,0,0,0,0,0,0,0,0,0,1,0,1,15,15% Discount,11,Q4,44,2024
02-11-2024,29590241,0,0,0,0,0,0,0,0,0,0,0,0,0,0,0,0,0,0,0,0,0,0,0,1,0,0,No Offer,11,Q4,44,2024
03-11-2024,34685236,0,0,0,0,0,0,0,0,0,0,0,0,0,0,0,0,0,0,0,0,0,0,1,0,1,10,10% Discount,11,Q4,44,2024
04-11-2024,32556594,0,0,0,0,0,0,0,0,0,0,0,0,0,0,0,0,0,0,0,0,0,0,1,0,0,0,No Offer,11,Q4,45,2024
05-11-2024,33856853,0,0,0,0,0,0,0,0,0,0,0,0,0,0,0,0,0,0,0,0,0,0,1,0,0,0,No Offer,11,Q4,45,2024
06-11-2024,33192979,0,0,0,0,0,0,0,0,0,0,0,0,0,0,0,0,0,0,0,0,0,0,0,0,1,10,10% Discount,11,Q4,45,2024
07-11-2024,32170435,0,1193873,0,0,2045335,1175636,956395,0,637216,0,0,913264,0,1011037,613843,209023,581971,623493,0,0,1008494,612012,0,0,0,0,No Offer,11,Q4,45,2024
08-11-2024,30672525,0,1160236,0,0,1374655,1169327,785948,0,989503,0,0,913798,0,1056621,462224,257946,616916,594365,0,0,644649,802841,0,0,1,10,10% Discount,11,Q4,45,2024
09-11-2024,35737428,0,2431286,0,0,1144674,710309,827207,0,949995,0,0,1601852,0,703541,820220,258785,849624,687649,0,0,839666,421929,1,0,0,0,No Offer,11,Q4,45,2024
10-11-2024,33578507,0,0,0,0,0,0,0,0,0,0,0,0,0,0,0,0,0,0,0,0,0,0,1,0,0,0,No Offer,11,Q4,45,2024
11-11-2024,35769048,0,0,0,0,0,0,0,0,0,0,0,0,0,0,0,0,0,0,0,0,0,0,1,1,1,10,10% Discount,11,Q4,46,2024
12-11-2024,41582004,0,1377098,0,0,1154751,1067116,762637,0,1248135,0,0,901847,0,865848,524683,160674,910617,617087,0,0,1224630,513687,1,1,1,15,15% Discount,11,Q4,46,2024
13-11-2024,37064568,0,1333608,0,0,1105294,1455782,1096657,0,1169249,0,0,1413346,0,1378887,749575,315842,934558,759303,0,0,1743002,798078,1,0,0,0,No Offer,11,Q4,46,2024
14-11-2024,32299004,3976390,1051050,0,0,1409835,846114,533607,0,772493,0,0,0,0,923924,540457,155888,637036,396823,0,0,677760,390717,0,0,0,0,No Offer,11,Q4,46,2024
15-11-2024,32978810,0,0,0,0,0,0,0,0,0,0,0,0,0,0,0,0,0,0,0,0,0,0,0,0,1,10,10% Discount,11,Q4,46,2024
16-11-2024,39615828,0,0,0,0,0,0,0,0,0,0,0,0,0,0,0,0,0,0,0,0,0,0,1,1,0,0,No Offer,11,Q4,46,2024
17-11-2024,36199705,0,0,0,0,0,0,0,0,0,0,0,0,0,0,0,0,0,0,0,0,0,0,0,1,1,10,10% Discount,11,Q4,46,2024
18-11-2024,32490585,1395884,956809,0,0,1099888,1001159,848917,0,1053115,0,0,0,0,671881,503580,212037,613078,471246,0,0,509700,653630,0,0,0,0,No Offer,11,Q4,47,2024
19-11-2024,29837625,0,0,0,0,0,0,0,0,0,0,0,0,0,0,0,0,0,0,0,0,0,0,0,0,1,10,10% Discount,11,Q4,47,2024
20-11-2024,28388299,2186250,1189239,0,0,971700,926684,555246,0,811764,0,0,0,0,702180,433016,166312,372164,358567,0,0,404432,208777,0,0,0,0,No Offer,11,Q4,47,2024
21-11-2024,35878700,0,0,0,0,0,0,0,0,0,0,0,0,0,0,0,0,0,0,0,0,0,0,1,0,0,0,No Offer,11,Q4,47,2024
22-11-2024,36211858,0,0,0,0,0,0,0,0,0,0,0,0,0,0,0,0,0,0,0,0,0,0,0,0,1,10,10% Discount,11,Q4,47,2024
23-11-2024,35241743,0,0,0,0,0,0,0,0,0,0,0,0,0,0,0,0,0,0,0,0,0,0,0,0,1,15,15% Discount,11,Q4,47,2024
24-11-2024,29783778,1658140,593623,0,0,728968,603151,628448,0,0,223996,83397,482550,0,446780,245216,121372,455026,327416,0,0,411048,272451,0,0,0,0,No Offer,11,Q4,47,2024
25-11-2024,32631993,3136959,833676,0,0,817220,579704,492215,0,0,261678,98868,1226137,0,401013,386073,111410,292559,399357,0,0,529541,202731,0,0,1,15,15% Discount,11,Q4,48,2024
26-11-2024,30124195,3140687,954213,0,0,889524,488536,496870,0,0,357198,144239,375284,0,615603,410603,118900,331304,253292,0,0,697965,243747,0,0,0,0,No Offer,11,Q4,48,2024
27-11-2024,35579305,0,0,0,0,0,0,0,0,0,0,0,0,0,0,0,0,0,0,0,0,0,0,0,0,1,10,10% Discount,11,Q4,48,2024
28-11-2024,42205193,0,0,0,0,0,0,0,0,0,0,0,0,0,0,0,0,0,0,0,0,0,0,1,1,1,20,20% Discount,11,Q4,48,2024
29-11-2024,32643743,3435888,1329265,252701,0,1216835,788153,671010,0,0,217858,324286,0,0,834705,428534,178570,467552,394518,0,0,404317,575556,0,0,0,0,No Offer,11,Q4,48,2024
30-11-2024,35748405,0,0,0,0,0,0,0,0,0,0,0,0,0,0,0,0,0,0,0,0,0,0,0,0,1,15,15% Discount,11,Q4,48,2024
01-12-2024,41858325,0,0,0,0,0,0,0,0,0,0,0,0,0,0,0,0,0,0,0,0,0,0,0,1,1,10,10% Discount,12,Q4,48,2024
02-12-2024,32934254,3530528,1135257,508545,0,1702535,840046,784123,0,0,635563,277282,0,0,1141995,694629,360732,801149,639226,0,0,561155,1016518,0,0,0,0,No Offer,12,Q4,49,2024
03-12-2024,36343044,0,0,0,0,0,0,0,0,0,0,0,0,0,0,0,0,0,0,0,0,0,0,1,0,0,0,No Offer,12,Q4,49,2024
04-12-2024,40465263,0,0,0,0,0,0,0,0,0,0,0,0,0,0,0,0,0,0,0,0,0,0,0,1,1,10,10% Discount,12,Q4,49,2024
05-12-2024,43111193,0,0,0,0,0,0,0,0,0,0,0,0,0,0,0,0,0,0,0,0,0,0,1,1,1,20,20% Discount,12,Q4,49,2024
06-12-2024,36959754,4566321,0,0,0,1138639,938321,1018032,0,0,498824,181709,948024,0,944889,707750,190175,657385,504200,322725,0,0,1138393,0,1,1,10,10% Discount,12,Q4,49,2024
07-12-2024,31617346,0,0,0,0,0,0,0,0,0,0,0,0,0,0,0,0,0,0,0,0,0,0,0,1,0,0,No Offer,12,Q4,49,2024
08-12-2024,32518172,3873414,0,0,0,768684,505644,526269,0,0,240822,132179,775198,0,895160,381123,139796,357750,675362,150637,0,0,349938,0,1,0,0,No Offer,12,Q4,49,2024
09-12-2024,39226065,0,0,0,0,0,0,0,0,0,0,0,0,0,0,0,0,0,0,0,0,0,0,0,1,0,0,No Offer,12,Q4,50,2024
10-12-2024,37988306,3384946,0,0,0,1364469,959591,937288,0,0,417087,279632,1378294,0,1065184,603325,248718,424974,772621,197537,0,0,627765,0,0,1,15,15% Discount,12,Q4,50,2024
11-12-2024,32280874,2718573,0,0,0,1447348,971772,768228,0,0,292464,188080,728625,0,924491,568229,239240,671372,610901,118615,0,0,460136,0,1,0,0,No Offer,12,Q4,50,2024
12-12-2024,39094661,0,0,0,0,0,0,0,0,0,0,0,0,0,0,0,0,0,0,0,0,0,0,1,0,0,0,No Offer,12,Q4,50,2024
13-12-2024,40756584,0,0,0,0,0,0,0,0,0,0,0,0,0,0,0,0,0,0,0,0,0,0,1,1,1,10,10% Discount,12,Q4,50,2024
14-12-2024,40919902,4857177,1318015,0,0,1113591,745331,523048,0,0,164273,193751,0,0,703123,661364,127807,593417,587539,136778,361363,0,0,1,1,0,0,No Offer,12,Q4,50,2024
15-12-2024,40888066,3111990,1020427,0,0,652079,588482,550918,0,0,169498,185058,0,0,685207,294536,152592,493438,367847,210703,566213,0,0,1,1,0,0,No Offer,12,Q4,50,2024
16-12-2024,38703917,0,0,0,0,0,0,0,0,0,0,0,0,0,0,0,0,0,0,0,0,0,0,0,1,0,0,No Offer,12,Q4,51,2024
17-12-2024,41194350,6775877,1777687,0,0,1092442,575772,914073,0,0,267613,252725,0,0,649768,580867,155465,737614,913478,182559,883078,0,0,1,1,1,10,10% Discount,12,Q4,51,2024
18-12-2024,33631459,3435528,1090026,0,0,1218177,982038,949374,0,0,278694,322584,0,0,1113575,1075200,188131,711152,616117,202678,1301096,0,0,0,1,0,0,No Offer,12,Q4,51,2024
19-12-2024,30611996,0,0,0,0,0,0,0,0,0,0,0,0,0,0,0,0,0,0,0,0,0,0,1,0,0,0,No Offer,12,Q4,51,2024
20-12-2024,33649183,0,0,0,0,0,0,0,0,0,0,0,0,0,0,0,0,0,0,0,0,0,0,0,0,1,5,5% Discount,12,Q4,51,2024
21-12-2024,36735616,0,0,0,0,0,0,0,0,0,0,0,0,0,0,0,0,0,0,0,0,0,0,0,0,1,10,10% Discount,12,Q4,51,2024
22-12-2024,42951768,2623525,913629,566179,0,1149923,885288,608536,0,0,292751,156190,1145656,253350,804636,395344,184520,527702,461992,237627,0,0,0,0,1,1,20,20% Discount,12,Q4,51,2024
23-12-2024,42397978,0,0,0,0,0,0,0,0,0,0,0,0,0,0,0,0,0,0,0,0,0,0,1,1,0,0,No Offer,12,Q4,52,2024
24-12-2024,38690821,3560850,787857,402492,0,1249347,1121256,711820,0,0,378164,245820,920400,371983,984081,846979,255355,806507,599964,196398,0,0,0,0,1,1,10,10% Discount,12,Q4,52,2024
25-12-2024,43886838,4328974,1698015,271466,0,1529160,1078366,663086,0,0,482783,240652,1601596,279633,911068,594742,208627,928889,792357,314550,0,0,0,1,1,1,10,10% Discount,12,Q4,52,2024
26-12-2024,42539754,0,0,0,0,0,0,0,0,0,0,0,0,0,0,0,0,0,0,0,0,0,0,1,0,1,20,20% Discount,12,Q4,52,2024
27-12-2024,41122576,5912765,2170341,324531,0,1133501,743130,757938,0,0,437871,151977,0,293933,732313,445721,258660,594819,457510,280737,0,0,0,1,1,0,0,No Offer,12,Q4,52,2024
28-12-2024,34481510,0,0,0,0,0,0,0,0,0,0,0,0,0,0,0,0,0,0,0,0,0,0,1,0,0,0,No Offer,12,Q4,52,2024
29-12-2024,32250512,0,0,0,0,0,0,0,0,0,0,0,0,0,0,0,0,0,0,0,0,0,0,0,1,0,0,No Offer,12,Q4,52,2024
30-12-2024,40495833,4237134,2141243,518918,0,1226148,1059502,877581,0,0,503066,341455,0,558830,683730,408027,170182,716062,601199,225422,0,0,0,1,1,1,10,10% Discount,12,Q4,1,2024
31-12-2024,38539914,0,0,0,0,0,0,0,0,0,0,0,0,0,0,0,0,0,0,0,0,0,0,0,1,1,10,10% Discount,12,Q4,1,2024
01-01-2025,24796120,0,0,0,0,0,0,0,0,0,0,0,0,0,0,0,0,0,0,0,0,0,0,0,0,1,15,15% Discount,1,Q1,1,2025
02-01-2025,25874931,0,0,0,0,0,0,0,0,0,0,0,0,0,0,0,0,0,0,0,0,0,0,1,0,0,0,No Offer,1,Q1,1,2025
03-01-2025,25002669,0,0,0,0,0,0,0,0,0,0,0,0,0,0,0,0,0,0,0,0,0,0,0,1,0,0,No Offer,1,Q1,1,2025
04-01-2025,28163365,5204079,0,369769,0,1629083,1200545,960962,0,0,512350,363420,0,278708,1215853,703477,319570,1167044,864242,299657,0,0,0,1,0,0,0,No Offer,1,Q1,1,2025
05-01-2025,32623350,0,0,0,0,0,0,0,0,0,0,0,0,0,0,0,0,0,0,0,0,0,0,1,1,1,10,10% Discount,1,Q1,1,2025
06-01-2025,30348637,4888131,0,558647,0,1543562,1090510,964950,0,0,395571,390709,0,466724,905603,740782,280325,1283763,649853,216929,0,0,0,1,1,1,5,5% Discount,1,Q1,2,2025
07-01-2025,26649517,0,0,0,0,0,0,0,0,0,0,0,0,0,0,0,0,0,0,0,0,0,0,0,1,0,0,No Offer,1,Q1,2,2025
08-01-2025,26682492,0,0,0,0,0,0,0,0,0,0,0,0,0,0,0,0,0,0,0,0,0,0,0,1,0,0,No Offer,1,Q1,2,2025
09-01-2025,26325701,0,0,0,0,0,0,0,0,0,0,0,0,0,0,0,0,0,0,0,0,0,0,1,0,0,0,No Offer,1,Q1,2,2025
10-01-2025,23249162,2934210,1354603,226364,0,1128707,683449,573728,0,0,495659,179217,0,323859,1108585,538220,167698,545432,320592,0,0,0,317140,0,0,0,0,No Offer,1,Q1,2,2025
11-01-2025,30617222,0,0,0,0,0,0,0,0,0,0,0,0,0,0,0,0,0,0,0,0,0,0,0,1,1,10,10% Discount,1,Q1,2,2025
12-01-2025,24731267,0,0,0,0,0,0,0,0,0,0,0,0,0,0,0,0,0,0,0,0,0,0,1,1,0,0,No Offer,1,Q1,2,2025
13-01-2025,24805827,3083442,1396237,730364,0,1171272,793659,703889,0,0,253152,126280,0,381400,747430,425579,146438,469188,512305,0,0,0,193295,0,1,0,0,No Offer,1,Q1,3,2025
14-01-2025,25645262,0,0,0,0,0,0,0,0,0,0,0,0,0,0,0,0,0,0,0,0,0,0,0,1,0,0,No Offer,1,Q1,3,2025
15-01-2025,24849311,3010868,1705504,279527,0,942025,864979,811921,0,0,241773,198078,0,344994,710505,544553,153248,572020,560140,0,0,0,301500,0,0,0,0,No Offer,1,Q1,3,2025
16-01-2025,28763532,0,0,0,0,0,0,0,0,0,0,0,0,0,0,0,0,0,0,0,0,0,0,1,0,0,0,No Offer,1,Q1,3,2025
17-01-2025,28862400,2357407,1594152,425311,0,943919,1304140,672465,0,0,0,292568,0,0,622373,452763,161926,718217,769731,0,0,0,665876,0,1,0,0,No Offer,1,Q1,3,2025
18-01-2025,25828609,1855385,1376092,467266,0,988780,770569,734070,0,0,0,186699,0,0,981719,551160,163007,549729,422075,0,0,0,415524,0,1,0,0,No Offer,1,Q1,3,2025
19-01-2025,26895738,0,0,0,0,0,0,0,0,0,0,0,0,0,0,0,0,0,0,0,0,0,0,1,0,0,0,No Offer,1,Q1,3,2025
20-01-2025,29726005,4627835,1546862,334664,0,896971,838521,635599,0,0,0,113179,0,0,603972,517585,201135,723145,716064,0,0,0,684974,1,1,0,0,No Offer,1,Q1,4,2025
21-01-2025,25150279,0,0,0,0,0,0,0,0,0,0,0,0,0,0,0,0,0,0,0,0,0,0,0,0,1,10,10% Discount,1,Q1,4,2025
22-01-2025,24134322,2560563,1446202,332147,0,1127298,1111267,732157,0,0,0,232723,0,0,932193,519196,219239,600863,327315,0,0,0,298773,0,1,0,0,No Offer,1,Q1,4,2025
23-01-2025,27860817,4351006,0,440561,0,869995,998263,595763,0,0,0,116262,1356454,0,584244,302503,167848,673349,472635,0,1053642,636472,732306,1,0,1,5,5% Discount,1,Q1,4,2025
24-01-2025,29318587,0,0,0,0,0,0,0,0,0,0,0,0,0,0,0,0,0,0,0,0,0,0,0,1,1,10,10% Discount,1,Q1,4,2025
25-01-2025,28681156,0,0,0,0,0,0,0,0,0,0,0,0,0,0,0,0,0,0,0,0,0,0,1,0,1,10,10% Discount,1,Q1,4,2025
26-01-2025,28725088,0,0,0,0,0,0,0,0,0,0,0,0,0,0,0,0,0,0,0,0,0,0,1,0,1,5,5% Discount,1,Q1,4,2025
27-01-2025,23931669,3460460,0,191561,0,983970,529922,515416,0,0,0,126033,829537,0,604738,424681,136797,611265,491081,0,741366,438372,226394,1,0,0,0,No Offer,1,Q1,5,2025
28-01-2025,29144931,4116471,0,650717,0,1246801,982204,716541,0,0,0,200224,1069947,0,686088,397438,244633,672940,583227,0,1094780,579667,534592,1,0,1,10,10% Discount,1,Q1,5,2025
29-01-2025,29546881,4429223,0,456259,0,841873,793382,518785,0,0,0,166371,1334516,0,687218,447456,160552,623510,668056,0,937513,641380,418859,1,1,1,5,5% Discount,1,Q1,5,2025
30-01-2025,24008925,0,0,0,0,0,0,0,0,0,0,0,0,0,0,0,0,0,0,0,0,0,0,0,1,0,0,No Offer,1,Q1,5,2025
31-01-2025,30268475,0,0,0,0,0,0,0,0,0,0,0,0,0,0,0,0,0,0,0,0,0,0,1,0,1,10,10% Discount,1,Q1,5,2025
01-02-2025,33402474,0,0,0,0,0,0,0,0,0,0,0,0,0,0,0,0,0,0,0,0,0,0,1,1,0,0,No Offer,2,Q1,5,2025
02-02-2025,29501135,0,0,0,0,0,0,0,0,0,0,0,0,0,0,0,0,0,0,0,0,0,0,1,0,0,0,No Offer,2,Q1,5,2025
03-02-2025,31979044,0,0,0,0,0,0,0,0,0,0,0,0,0,0,0,0,0,0,0,0,0,0,0,1,1,15,15% Discount,2,Q1,6,2025
04-02-2025,29042432,2859314,1333778,327738,666194,830228,708743,544540,0,0,0,104809,1377521,0,491948,290521,190519,598715,402229,0,409562,345337,552779,1,0,0,0,No Offer,2,Q1,6,2025
05-02-2025,31249311,0,0,0,0,0,0,0,0,0,0,0,0,0,0,0,0,0,0,0,0,0,0,1,1,0,0,No Offer,2,Q1,6,2025
06-02-2025,28983838,0,0,0,0,0,0,0,0,0,0,0,0,0,0,0,0,0,0,0,0,0,0,1,1,1,10,10% Discount,2,Q1,6,2025
07-02-2025,25670367,0,0,0,0,0,0,0,0,0,0,0,0,0,0,0,0,0,0,0,0,0,0,0,0,1,5,5% Discount,2,Q1,6,2025
08-02-2025,29860038,4404491,3729771,523539,1405225,1303443,1012050,767013,0,0,0,255815,0,0,1288398,710471,244006,1272763,580091,0,2034417,0,347386,1,0,1,5,5% Discount,2,Q1,6,2025
09-02-2025,32294263,4384720,1613037,629143,521804,1031405,1177675,810354,0,0,0,169187,0,0,982855,692834,241573,656296,497463,0,834770,0,705215,1,1,1,5,5% Discount,2,Q1,6,2025
10-02-2025,28921052,1833388,844983,190114,503433,775408,990462,651129,0,0,0,311478,0,0,761975,471215,161492,473936,406546,0,996345,0,492345,0,1,0,0,No Offer,2,Q1,7,2025
11-02-2025,25208407,2831517,1453359,422890,1052273,1568303,997931,883651,0,0,0,179910,0,0,1362366,821936,316380,720190,764168,0,774691,0,468897,0,1,0,0,No Offer,2,Q1,7,2025
12-02-2025,27854537,4912971,669033,333752,528366,1388254,1081067,540203,0,0,0,327367,0,0,899425,350625,222688,754807,355883,0,1008086,0,508722,0,1,0,0,No Offer,2,Q1,7,2025
13-02-2025,27172836,0,627123,451254,805935,1311176,1185501,648903,0,752992,0,0,512349,0,795583,630812,235992,595573,472903,0,1366359,0,0,0,1,1,10,10% Discount,2,Q1,7,2025
14-02-2025,26538424,0,0,0,0,0,0,0,0,0,0,0,0,0,0,0,0,0,0,0,0,0,0,0,1,0,0,No Offer,2,Q1,7,2025
15-02-2025,29996047,0,0,0,0,0,0,0,0,0,0,0,0,0,0,0,0,0,0,0,0,0,0,1,1,0,0,No Offer,2,Q1,7,2025
16-02-2025,26181282,0,2073175,276340,646841,1072778,1143058,662706,0,597173,0,0,803462,0,942650,651411,230809,686414,627234,0,576819,0,0,0,0,0,0,No Offer,2,Q1,7,2025
17-02-2025,28088437,0,0,0,0,0,0,0,0,0,0,0,0,0,0,0,0,0,0,0,0,0,0,0,1,0,0,No Offer,2,Q1,8,2025
18-02-2025,28086164,0,1129252,542401,844852,1185833,881925,494470,0,746052,0,0,1471883,0,1020984,502817,225216,693261,678276,0,838390,0,0,1,0,0,0,No Offer,2,Q1,8,2025
19-02-2025,24286342,0,0,0,0,0,0,0,0,0,0,0,0,0,0,0,0,0,0,0,0,0,0,1,0,0,0,No Offer,2,Q1,8,2025
20-02-2025,28633932,0,0,0,0,0,0,0,0,0,0,0,0,0,0,0,0,0,0,0,0,0,0,1,0,0,0,No Offer,2,Q1,8,2025
21-02-2025,27522370,0,0,0,0,0,0,0,0,0,0,0,0,0,0,0,0,0,0,0,0,0,0,0,1,1,5,5% Discount,2,Q1,8,2025
22-02-2025,35252905,0,0,0,0,0,0,0,0,0,0,0,0,0,0,0,0,0,0,0,0,0,0,1,1,1,10,10% Discount,2,Q1,8,2025
23-02-2025,32213542,0,1613595,0,728992,908376,1109032,491475,0,741591,0,0,893241,0,644341,523199,260423,926164,793984,252334,985179,0,0,1,1,0,0,No Offer,2,Q1,8,2025
24-02-2025,29572512,0,2147649,0,785189,1320696,1149284,813086,0,1365340,0,0,1374269,0,839718,715459,173192,697723,1058524,193493,1061023,0,0,1,1,1,5,5% Discount,2,Q1,9,2025
25-02-2025,34928366,0,0,0,0,0,0,0,0,0,0,0,0,0,0,0,0,0,0,0,0,0,0,1,1,1,15,15% Discount,2,Q1,9,2025
26-02-2025,31224365,0,1749670,0,996824,1258974,1048815,1015120,0,802137,0,0,972742,0,1190169,561494,296645,1163857,951204,179089,1588181,0,0,1,1,0,0,No Offer,2,Q1,9,2025
27-02-2025,29943808,0,2585343,0,825454,2062417,1909017,1312504,0,1647991,0,0,0,0,1456429,736220,344230,820414,912357,0,0,0,0,1,0,1,5,5% Discount,2,Q1,9,2025
28-02-2025,26536284,0,0,0,0,0,0,0,0,0,0,0,0,0,0,0,0,0,0,0,0,0,0,0,0,1,5,5% Discount,2,Q1,9,2025
01-03-2025,36881446,0,0,0,0,0,0,0,0,0,0,0,0,0,0,0,0,0,0,0,0,0,0,1,1,1,15,15% Discount,3,Q1,9,2025
02-03-2025,32029292,0,4119436,0,876519,1458083,1306862,854523,0,2112993,0,0,0,0,1414538,913098,307091,921887,1021096,0,0,0,0,1,0,0,0,No Offer,3,Q1,9,2025
03-03-2025,31913057,0,2226336,0,834925,1208474,1232458,1023489,0,1090379,0,0,0,0,1060610,499525,213229,1008522,595432,0,0,0,0,1,1,1,5,5% Discount,3,Q1,10,2025
04-03-2025,26797579,0,0,0,0,0,0,0,0,0,0,0,0,0,0,0,0,0,0,0,0,0,0,0,1,0,0,No Offer,3,Q1,10,2025
05-03-2025,28572093,0,1555652,0,576100,1385697,1089617,776316,0,1674162,0,0,0,0,1212996,564839,204730,670607,605742,0,0,0,0,0,0,1,5,5% Discount,3,Q1,10,2025
06-03-2025,28156501,0,0,0,0,0,0,0,0,0,0,0,0,0,0,0,0,0,0,0,0,0,0,1,0,1,10,10% Discount,3,Q1,10,2025
07-03-2025,29457171,0,0,0,0,0,0,0,0,0,0,0,0,0,0,0,0,0,0,0,0,0,0,0,0,1,10,10% Discount,3,Q1,10,2025
08-03-2025,31491145,0,0,0,0,0,0,0,0,0,0,0,0,0,0,0,0,0,0,0,0,0,0,0,1,1,10,10% Discount,3,Q1,10,2025
09-03-2025,27283216,0,0,0,0,0,0,0,0,0,0,0,0,0,0,0,0,0,0,0,0,0,0,1,1,0,0,No Offer,3,Q1,10,2025
10-03-2025,28279559,0,0,0,0,0,0,0,0,0,0,0,0,0,0,0,0,0,0,0,0,0,0,1,0,0,0,No Offer,3,Q1,11,2025
11-03-2025,28736677,1377159,576179,273884,619400,806157,552440,544983,0,260530,0,0,0,0,651685,407039,172927,425034,294904,171281,608574,333666,0,0,0,0,0,No Offer,3,Q1,11,2025
12-03-2025,26912700,3284726,1117862,568414,416953,1152145,621757,637879,0,1200683,0,0,0,0,656404,464903,151028,663129,349306,172831,509267,397677,0,0,1,1,5,5% Discount,3,Q1,11,2025
13-03-2025,34740902,0,0,0,0,0,0,0,0,0,0,0,0,0,0,0,0,0,0,0,0,0,0,1,1,1,10,10% Discount,3,Q1,11,2025
14-03-2025,25664501,2635851,993757,390590,255439,654410,589406,447275,0,490371,0,0,0,188236,651465,197462,118798,517347,346249,94753,477683,0,0,0,0,1,5,5% Discount,3,Q1,11,2025
15-03-2025,27157523,0,0,0,0,0,0,0,0,0,0,0,0,0,0,0,0,0,0,0,0,0,0,0,1,0,0,No Offer,3,Q1,11,2025
16-03-2025,30456574,0,0,0,0,0,0,0,0,0,0,0,0,0,0,0,0,0,0,0,0,0,0,0,0,1,5,5% Discount,3,Q1,11,2025
17-03-2025,29637426,0,0,0,0,0,0,0,0,0,0,0,0,0,0,0,0,0,0,0,0,0,0,1,0,0,0,No Offer,3,Q1,12,2025
18-03-2025,32761360,0,0,0,0,0,0,0,0,0,0,0,0,0,0,0,0,0,0,0,0,0,0,1,1,0,0,No Offer,3,Q1,12,2025
19-03-2025,31564015,2118826,1538719,273007,819846,1006981,1131718,618952,0,482455,0,0,0,224494,746991,524215,156561,741496,635527,249132,477830,0,0,1,1,0,0,No Offer,3,Q1,12,2025
20-03-2025,26751829,0,0,0,0,0,0,0,0,0,0,0,0,0,0,0,0,0,0,0,0,0,0,0,0,1,15,15% Discount,3,Q1,12,2025
21-03-2025,29524134,0,0,0,0,0,0,0,0,0,0,0,0,0,0,0,0,0,0,0,0,0,0,1,1,0,0,No Offer,3,Q1,12,2025
22-03-2025,30387491,0,0,0,0,0,0,0,0,0,0,0,0,0,0,0,0,0,0,0,0,0,0,0,0,1,10,10% Discount,3,Q1,12,2025
23-03-2025,30892623,0,0,0,0,0,0,0,0,0,0,0,0,0,0,0,0,0,0,0,0,0,0,1,0,1,5,5% Discount,3,Q1,12,2025
24-03-2025,28076417,4894351,0,355892,941857,1103110,670005,715957,0,1076934,0,0,1125014,227969,809892,379059,236383,703030,465920,340108,628137,0,0,1,0,0,0,No Offer,3,Q1,13,2025
25-03-2025,31752479,4032567,0,255880,719622,812731,1360532,628150,0,1124733,0,0,857380,245737,565353,502753,217418,764541,715903,274022,579826,0,0,1,0,1,10,10% Discount,3,Q1,13,2025
26-03-2025,34381826,0,0,0,0,0,0,0,0,0,0,0,0,0,0,0,0,0,0,0,0,0,0,1,1,1,5,5% Discount,3,Q1,13,2025
27-03-2025,36587123,2456161,0,184577,0,633909,579806,381220,0,407374,0,0,1096670,276133,449039,308441,116277,442292,399024,116626,575751,372983,0,1,1,1,15,15% Discount,3,Q1,13,2025
28-03-2025,31547066,4843189,0,413818,0,1160570,965901,618989,0,1498456,0,0,964636,325085,623131,469252,193972,743603,519334,255001,795701,612445,0,1,1,1,5,5% Discount,3,Q1,13,2025
29-03-2025,26665833,0,0,0,0,0,0,0,0,0,0,0,0,0,0,0,0,0,0,0,0,0,0,1,0,0,0,No Offer,3,Q1,13,2025
30-03-2025,31031120,0,0,0,0,0,0,0,0,0,0,0,0,0,0,0,0,0,0,0,0,0,0,1,1,0,0,No Offer,3,Q1,13,2025
31-03-2025,31504028,0,0,0,0,0,0,0,0,0,0,0,0,0,0,0,0,0,0,0,0,0,0,0,1,1,5,5% Discount,3,Q1,14,2025
01-04-2025,31604730,1484072,0,311624,0,779274,1061313,575187,0,731217,0,0,634585,254567,670122,274095,116537,584030,413872,322805,467409,397737,0,0,1,1,10,10% Discount,4,Q2,14,2025
02-04-2025,31947462,2020966,0,352734,0,578580,395453,322134,0,866373,0,0,695753,197821,484556,358698,124741,354351,304823,114640,902862,289700,0,1,1,0,0,No Offer,4,Q2,14,2025
03-04-2025,27555901,5606645,1281162,291763,0,1225208,1045714,627369,0,1120112,0,0,0,380086,760650,474531,197454,581709,430291,289629,0,758118,0,0,0,1,10,10% Discount,4,Q2,14,2025
04-04-2025,30218061,3659521,1066184,336693,0,1221924,1079529,546678,0,761047,0,0,0,358680,781273,481574,163479,642628,482646,178841,0,575795,0,1,1,0,0,No Offer,4,Q2,14,2025
05-04-2025,27591543,0,0,0,0,0,0,0,0,0,0,0,0,0,0,0,0,0,0,0,0,0,0,0,1,0,0,No Offer,4,Q2,14,2025
06-04-2025,31487033,4230372,1340799,455384,0,1051795,1130602,517819,0,833827,0,0,0,480334,728209,635825,197543,625891,604236,244188,0,953080,0,0,1,1,10,10% Discount,4,Q2,14,2025
07-04-2025,30632846,0,0,0,0,0,0,0,0,0,0,0,0,0,0,0,0,0,0,0,0,0,0,1,0,0,0,No Offer,4,Q2,15,2025
08-04-2025,25384810,3115641,807166,346000,0,927321,981373,504008,0,925844,0,0,0,292016,963324,414320,259762,565207,391687,199125,0,737102,0,0,0,0,0,No Offer,4,Q2,15,2025
09-04-2025,35945623,0,0,0,0,0,0,0,0,0,0,0,0,0,0,0,0,0,0,0,0,0,0,1,1,0,0,No Offer,4,Q2,15,2025
10-04-2025,29049723,0,0,0,489319,1054844,1055981,636989,0,725358,396002,0,1277629,359200,1154836,585779,236615,1145915,731395,277352,0,646216,530863,1,0,0,0,No Offer,4,Q2,15,2025
11-04-2025,27280157,0,0,0,595578,1342061,1135664,905702,0,1678386,619549,0,874395,397761,1236169,635314,246067,769573,618649,351757,0,1443952,382038,0,1,0,0,No Offer,4,Q2,15,2025
12-04-2025,35327716,0,0,0,844571,1882602,1146562,990202,0,1494310,1095482,0,1341458,401771,1336452,655958,290342,968238,857150,317958,0,566514,814127,1,1,1,5,5% Discount,4,Q2,15,2025
13-04-2025,28487535,0,0,0,849245,2159484,1361236,814376,0,1032944,492056,0,2075953,489948,872460,423782,255099,918595,832572,676644,0,1064132,1015905,1,1,1,5,5% Discount,4,Q2,15,2025
14-04-2025,32110179,0,0,0,0,0,0,0,0,0,0,0,0,0,0,0,0,0,0,0,0,0,0,1,1,0,0,No Offer,4,Q2,16,2025
15-04-2025,31077522,0,0,0,0,0,0,0,0,0,0,0,0,0,0,0,0,0,0,0,0,0,0,1,1,0,0,No Offer,4,Q2,16,2025
16-04-2025,32717177,0,0,0,0,0,0,0,0,0,0,0,0,0,0,0,0,0,0,0,0,0,0,0,1,1,10,10% Discount,4,Q2,16,2025
17-04-2025,26746222,2216125,0,0,400636,952920,617984,533956,0,505603,258566,0,0,220598,501589,371470,100922,343022,284260,85242,457913,586225,306149,0,0,0,0,No Offer,4,Q2,16,2025
18-04-2025,29150305,0,0,0,0,0,0,0,0,0,0,0,0,0,0,0,0,0,0,0,0,0,0,1,0,0,0,No Offer,4,Q2,16,2025
19-04-2025,27913714,0,0,0,0,0,0,0,0,0,0,0,0,0,0,0,0,0,0,0,0,0,0,0,0,1,5,5% Discount,4,Q2,16,2025
20-04-2025,32759155,0,0,0,0,0,0,0,0,0,0,0,0,0,0,0,0,0,0,0,0,0,0,1,1,1,15,15% Discount,4,Q2,16,2025
21-04-2025,30681152,1573963,0,0,566275,889288,607133,589784,0,680480,164870,0,0,365062,670038,365935,113160,277569,264924,181963,435982,413098,226930,0,1,1,5,5% Discount,4,Q2,17,2025
22-04-2025,26585737,3806630,0,0,878659,1127468,793790,951745,0,897571,292222,0,0,273241,1026158,403985,241395,486910,773176,156893,688815,753723,528724,1,0,0,0,No Offer,4,Q2,17,2025
23-04-2025,28488170,0,0,0,0,0,0,0,0,0,0,0,0,0,0,0,0,0,0,0,0,0,0,0,0,1,10,10% Discount,4,Q2,17,2025
24-04-2025,33808613,0,0,0,0,0,0,0,0,0,0,0,0,0,0,0,0,0,0,0,0,0,0,1,1,1,10,10% Discount,4,Q2,17,2025
25-04-2025,24942379,0,0,0,0,0,0,0,0,0,0,0,0,0,0,0,0,0,0,0,0,0,0,0,1,0,0,No Offer,4,Q2,17,2025
26-04-2025,31372015,2519351,705550,0,622109,808792,583314,636960,0,492660,176598,0,923940,164889,581587,358886,172413,502297,495921,122223,776289,543094,0,1,1,0,0,No Offer,4,Q2,17,2025
27-04-2025,30597238,3256751,972295,0,917840,1483381,1053899,742940,0,1048028,438074,0,1144155,434486,1065007,597473,168725,996986,602519,328541,794823,755288,0,1,0,1,5,5% Discount,4,Q2,17,2025
28-04-2025,30020221,0,0,0,0,0,0,0,0,0,0,0,0,0,0,0,0,0,0,0,0,0,0,1,0,1,10,10% Discount,4,Q2,18,2025
29-04-2025,27178087,2105648,855301,0,451998,768303,450258,497644,0,640891,323773,0,1109652,243611,717623,396087,171822,293263,317779,156586,467991,513340,0,0,0,1,15,15% Discount,4,Q2,18,2025
30-04-2025,29877922,2349446,1442402,0,282675,1100784,1051283,790214,0,1123375,363920,0,628442,336041,846015,562428,131325,624933,495123,266801,744308,769887,0,0,1,1,5,5% Discount,4,Q2,18,2025
01-05-2025,33238878,0,0,0,0,0,0,0,0,0,0,0,0,0,0,0,0,0,0,0,0,0,0,1,1,0,0,No Offer,5,Q2,18,2025
02-05-2025,30534423,0,0,0,0,0,0,0,0,0,0,0,0,0,0,0,0,0,0,0,0,0,0,1,0,0,0,No Offer,5,Q2,18,2025
03-05-2025,30142971,0,0,0,0,0,0,0,0,0,0,0,0,0,0,0,0,0,0,0,0,0,0,1,0,0,0,No Offer,5,Q2,18,2025
04-05-2025,31433730,3563611,0,0,559612,927447,506117,494499,0,1059366,223600,0,586149,200728,442510,318928,77163,488809,407792,128653,0,417869,0,1,1,0,0,No Offer,5,Q2,18,2025
05-05-2025,39718382,3206919,0,0,595746,712078,830045,501285,0,1308884,250176,0,892325,291109,684405,422368,166871,735084,550373,181316,0,585712,0,1,0,1,20,20% Discount,5,Q2,19,2025
06-05-2025,34519822,0,0,0,0,0,0,0,0,0,0,0,0,0,0,0,0,0,0,0,0,0,0,1,1,1,10,10% Discount,5,Q2,19,2025
07-05-2025,26531886,3943160,0,0,561306,1557748,740748,571436,0,857572,467730,0,681265,378242,1019483,420007,261942,417715,543950,320371,0,776625,0,0,0,1,5,5% Discount,5,Q2,19,2025
08-05-2025,31490801,0,0,0,0,0,0,0,0,0,0,0,0,0,0,0,0,0,0,0,0,0,0,0,1,1,10,10% Discount,5,Q2,19,2025
09-05-2025,26620492,0,0,0,1717291,1838043,1425165,1365244,0,0,729704,232616,1582909,590161,1303127,822191,328400,782034,952013,501127,0,612576,0,0,0,0,0,No Offer,5,Q2,19,2025
10-05-2025,29563207,0,0,0,0,0,0,0,0,0,0,0,0,0,0,0,0,0,0,0,0,0,0,1,0,0,0,No Offer,5,Q2,19,2025
11-05-2025,32339744,0,0,0,598548,1498297,1000267,1172988,0,0,367830,294865,1132836,465022,1165094,610628,368078,914240,584434,291685,0,688605,0,0,1,0,0,No Offer,5,Q2,19,2025
12-05-2025,31568760,0,0,0,843966,1985117,1660024,1045269,0,0,502620,363391,1055415,478529,1097214,620528,254651,914029,886973,409100,0,1565073,0,1,1,1,5,5% Discount,5,Q2,20,2025
13-05-2025,29140764,0,0,0,376970,1634465,1159615,812726,0,0,335209,392788,549889,664345,1212193,879651,262313,736646,755732,231246,0,793253,0,0,1,0,0,No Offer,5,Q2,20,2025
14-05-2025,27223879,0,0,0,0,0,0,0,0,0,0,0,0,0,0,0,0,0,0,0,0,0,0,0,1,0,0,No Offer,5,Q2,20,2025
15-05-2025,34033728,3694472,0,521860,1353155,1661163,1343029,849544,0,0,502480,315107,1096062,572693,1251096,739789,289307,1542552,848222,444394,0,0,0,1,1,1,10,10% Discount,5,Q2,20,2025
16-05-2025,33301590,0,0,0,0,0,0,0,0,0,0,0,0,0,0,0,0,0,0,0,0,0,0,0,0,1,15,15% Discount,5,Q2,20,2025
17-05-2025,33125545,5697668,0,483860,695129,1488536,1288514,758761,0,0,613163,156161,925301,379682,1195736,1011925,189247,987974,776712,456683,0,0,0,1,1,0,0,No Offer,5,Q2,20,2025
18-05-2025,37077293,3460411,0,456583,737683,973850,882087,886143,0,0,255877,139435,683174,389060,633260,407200,206220,758560,483323,280136,0,0,0,1,1,1,15,15% Discount,5,Q2,20,2025
19-05-2025,34160417,4467734,0,590309,1076404,2010443,1130826,837627,0,0,204018,236580,1921443,293058,916695,499324,264621,1193614,754214,275224,0,0,0,1,0,1,25,Buy3Get1,5,Q2,21,2025
20-05-2025,26251255,3053446,0,385155,526015,991212,851308,627005,0,0,423359,191483,1230457,235342,842031,559493,236348,513523,564836,191605,0,0,0,0,0,0,0,No Offer,5,Q2,21,2025
21-05-2025,32277621,0,0,0,0,0,0,0,0,0,0,0,0,0,0,0,0,0,0,0,0,0,0,0,1,0,0,No Offer,5,Q2,21,2025
22-05-2025,31079223,0,0,0,0,0,0,0,0,0,0,0,0,0,0,0,0,0,0,0,0,0,0,0,0,1,15,15% Discount,5,Q2,21,2025
23-05-2025,28506744,0,0,0,0,0,0,0,0,0,0,0,0,0,0,0,0,0,0,0,0,0,0,0,0,1,10,10% Discount,5,Q2,21,2025
24-05-2025,30978047,0,0,0,0,0,0,0,0,0,0,0,0,0,0,0,0,0,0,0,0,0,0,1,0,0,0,No Offer,5,Q2,21,2025
25-05-2025,29572187,2719325,923214,221924,371170,712447,747593,481814,0,0,236806,230795,0,186859,602555,331964,133380,391831,308074,178281,0,0,0,0,1,0,0,No Offer,5,Q2,21,2025
26-05-2025,28746835,3402857,806588,489527,509854,1419045,1351071,1001646,0,0,404901,412406,0,474119,814995,587611,237462,622453,744910,300569,0,0,0,0,1,1,5,5% Discount,5,Q2,22,2025
27-05-2025,26356947,2096321,1661412,398989,435845,1049568,682681,653930,0,0,272694,161889,0,284497,872012,425592,166656,389093,384745,274605,0,0,0,0,0,0,0,No Offer,5,Q2,22,2025
28-05-2025,34274235,4757919,1706726,296324,719104,993229,871850,745763,0,0,456782,137851,0,302409,886941,369446,198251,492415,606005,260948,0,0,0,1,0,0,0,No Offer,5,Q2,22,2025
29-05-2025,30902999,0,0,0,0,0,0,0,0,0,0,0,0,0,0,0,0,0,0,0,0,0,0,1,0,0,0,No Offer,5,Q2,22,2025
30-05-2025,31904214,0,0,0,0,0,0,0,0,0,0,0,0,0,0,0,0,0,0,0,0,0,0,1,1,1,10,10% Discount,5,Q2,22,2025
31-05-2025,27787823,3390899,1861299,518092,0,864344,792410,645672,0,0,403088,143061,0,438511,669624,408884,187667,447402,433292,218056,0,708413,0,0,0,0,0,No Offer,5,Q2,22,2025
01-06-2025,29642995,2840198,2329987,253364,0,1046511,882083,636357,0,0,779916,228112,0,453594,720239,495192,231372,788154,450521,320283,0,835314,0,0,0,1,5,5% Discount,6,Q2,22,2025
02-06-2025,28004016,0,0,0,0,0,0,0,0,0,0,0,0,0,0,0,0,0,0,0,0,0,0,1,0,0,0,No Offer,6,Q2,23,2025
03-06-2025,27772918,2605007,816591,227255,0,1016363,716645,459493,0,0,187195,164703,0,402840,630926,393150,141733,595425,336252,236301,0,439624,0,0,1,0,0,No Offer,6,Q2,23,2025
04-06-2025,32199014,3617457,1297125,341130,0,767479,656857,627142,0,0,231833,125386,0,257963,571798,404958,175925,838140,640654,264735,0,566371,0,1,0,0,0,No Offer,6,Q2,23,2025
05-06-2025,32054692,2726841,1192133,254024,0,715757,513786,457717,0,0,285781,137977,663050,0,600948,420751,137945,676367,446386,143966,0,450809,329427,1,1,0,0,No Offer,6,Q2,23,2025
06-06-2025,35522060,4993070,827968,484485,0,1365561,761441,949023,0,0,378485,235485,1254396,0,800671,566031,244622,926144,779741,254944,0,614578,461975,1,1,1,15,15% Discount,6,Q2,23,2025
07-06-2025,31782646,4909001,1573416,196875,0,1026365,666690,540736,0,0,281204,297932,1026346,0,674408,487415,235231,574453,633349,393878,0,530776,460363,1,1,1,10,10% Discount,6,Q2,23,2025
08-06-2025,30402631,1682366,1014138,251769,0,1351752,826351,630448,0,0,393460,125035,831640,0,1294285,412610,179587,639642,472070,184190,0,727855,402284,0,1,0,0,No Offer,6,Q2,23,2025
09-06-2025,31636573,0,0,0,0,0,0,0,0,0,0,0,0,0,0,0,0,0,0,0,0,0,0,1,1,0,0,No Offer,6,Q2,24,2025
10-06-2025,24850596,2224203,505661,180441,0,790602,630929,673455,0,0,264437,164939,677323,0,638120,342677,119382,509123,364112,168614,0,798572,388313,0,1,0,0,No Offer,6,Q2,24,2025
11-06-2025,28983960,0,0,0,0,0,0,0,0,0,0,0,0,0,0,0,0,0,0,0,0,0,0,1,1,0,0,No Offer,6,Q2,24,2025
12-06-2025,28718867,0,0,0,0,0,0,0,0,0,0,0,0,0,0,0,0,0,0,0,0,0,0,0,1,1,5,5% Discount,6,Q2,24,2025
13-06-2025,27730277,0,0,0,0,0,0,0,0,0,0,0,0,0,0,0,0,0,0,0,0,0,0,1,0,0,0,No Offer,6,Q2,24,2025
14-06-2025,30252531,0,0,0,0,0,0,0,0,0,0,0,0,0,0,0,0,0,0,0,0,0,0,1,1,0,0,No Offer,6,Q2,24,2025
15-06-2025,36518318,0,0,0,0,0,0,0,0,0,0,0,0,0,0,0,0,0,0,0,0,0,0,1,1,0,0,No Offer,6,Q2,24,2025
16-06-2025,32140205,0,0,0,0,0,0,0,0,0,0,0,0,0,0,0,0,0,0,0,0,0,0,1,0,1,5,5% Discount,6,Q2,25,2025
17-06-2025,27068299,2376405,929405,393558,0,1139117,989559,692874,0,0,249439,98107,852528,0,641200,321926,139279,549167,355713,126856,450068,558171,321553,1,1,0,0,No Offer,6,Q2,25,2025
18-06-2025,29091328,0,0,0,0,0,0,0,0,0,0,0,0,0,0,0,0,0,0,0,0,0,0,1,0,0,0,No Offer,6,Q2,25,2025
19-06-2025,31853278,1786175,684555,139240,0,543390,480660,310782,0,0,388319,101066,716553,0,431851,276564,87365,318437,325557,74069,564392,289179,0,1,1,0,0,No Offer,6,Q2,25,2025
20-06-2025,27027533,0,0,0,0,0,0,0,0,0,0,0,0,0,0,0,0,0,0,0,0,0,0,1,0,0,0,No Offer,6,Q2,25,2025
21-06-2025,29515722,1675485,821888,286581,0,687059,988470,384461,0,0,241866,77356,1114324,0,843373,408834,129208,678902,410746,118033,780312,456171,0,0,1,0,0,No Offer,6,Q2,25,2025
22-06-2025,26101904,0,0,0,0,0,0,0,0,0,0,0,0,0,0,0,0,0,0,0,0,0,0,0,1,1,5,5% Discount,6,Q2,25,2025
23-06-2025,30486139,0,0,0,0,0,0,0,0,0,0,0,0,0,0,0,0,0,0,0,0,0,0,0,0,1,10,10% Discount,6,Q2,26,2025
24-06-2025,28777888,2332877,739543,298586,0,1108381,813344,569354,0,0,364502,158134,546254,0,925704,474195,165006,479657,396744,227518,642677,690877,0,0,0,0,0,No Offer,6,Q2,26,2025
25-06-2025,32646548,0,0,0,0,0,0,0,0,0,0,0,0,0,0,0,0,0,0,0,0,0,0,0,0,1,10,10% Discount,6,Q2,26,2025
26-06-2025,25908168,0,0,0,0,0,0,0,0,0,0,0,0,0,0,0,0,0,0,0,0,0,0,0,1,0,0,No Offer,6,Q2,26,2025
27-06-2025,26259586,3663562,1226430,304906,0,1333309,829000,748523,0,0,398090,170997,579780,0,852411,415816,178526,629697,384969,337156,579991,469553,0,0,0,1,10,10% Discount,6,Q2,26,2025
28-06-2025,30908672,0,0,0,0,0,0,0,0,0,0,0,0,0,0,0,0,0,0,0,0,0,0,1,0,0,0,No Offer,6,Q2,26,2025
29-06-2025,28378394,3996669,896964,322906,0,835235,824600,440456,0,0,159059,124816,486728,0,752127,398695,109568,439882,454194,242720,594457,1027751,0,0,0,0,0,No Offer,6,Q2,26,2025
30-06-2025,33610594,3293211,1240013,436487,0,886911,604930,597125,0,0,312222,193082,704211,0,689463,311371,174781,802037,480629,311976,1188922,825350,0,1,1,0,0,No Offer,6,Q2,27,2025
01-07-2025,37970892,3759622,1328028,473698,0,831119,736491,365318,0,0,299208,190562,699565,0,492878,383123,209574,764402,447475,197154,524675,437136,0,1,1,1,10,10% Discount,7,Q3,27,2025
02-07-2025,31919504,1440135,888838,269553,0,503970,615136,325415,0,0,340067,97511,634604,0,457392,275833,107282,366175,247335,178297,749765,429037,0,0,1,0,0,No Offer,7,Q3,27,2025
03-07-2025,36099469,0,0,0,0,0,0,0,0,0,0,0,0,0,0,0,0,0,0,0,0,0,0,1,1,1,10,10% Discount,7,Q3,27,2025
04-07-2025,33910493,7100003,0,499003,0,1826667,1529397,1329858,0,0,509259,263380,0,0,1459340,811752,481294,1297648,736270,0,0,0,0,1,1,1,5,5% Discount,7,Q3,27,2025
05-07-2025,31531484,5643816,0,646628,0,1212323,1240539,810072,0,0,588130,428787,0,0,1299219,614599,327280,1043101,1133609,0,0,0,0,1,1,1,5,5% Discount,7,Q3,27,2025
06-07-2025,28966187,0,0,0,0,0,0,0,0,0,0,0,0,0,0,0,0,0,0,0,0,0,0,0,0,1,10,10% Discount,7,Q3,27,2025
07-07-2025,31578950,5178959,0,409731,0,1520900,1252171,1181758,0,0,350281,367176,0,0,1207078,922866,310006,935498,744039,0,0,0,0,0,1,1,10,10% Discount,7,Q3,28,2025
08-07-2025,30002002,0,0,0,0,0,0,0,0,0,0,0,0,0,0,0,0,0,0,0,0,0,0,1,0,1,5,5% Discount,7,Q3,28,2025
09-07-2025,28343334,0,0,0,0,0,0,0,0,0,0,0,0,0,0,0,0,0,0,0,0,0,0,0,0,1,5,5% Discount,7,Q3,28,2025
10-07-2025,28727867,3675006,0,337441,748912,1490867,1000759,484875,0,0,361490,106999,615091,0,1358730,608517,212492,499305,537339,0,0,0,0,0,1,1,5,5% Discount,7,Q3,28,2025
11-07-2025,31477059,2093183,0,503243,567405,1100998,808415,516717,0,0,370966,125424,1538827,0,591094,371658,185369,643001,354982,0,0,0,0,0,1,0,0,No Offer,7,Q3,28,2025
12-07-2025,30262450,0,0,0,0,0,0,0,0,0,0,0,0,0,0,0,0,0,0,0,0,0,0,0,0,1,10,10% Discount,7,Q3,28,2025
13-07-2025,26571471,2534990,0,401013,426290,1246607,762576,664174,0,0,377139,245757,651247,0,741690,636258,187566,680698,589196,0,0,0,0,0,0,0,0,No Offer,7,Q3,28,2025
14-07-2025,32191467,3789606,0,547994,962514,1401009,853060,777909,0,0,273146,189557,1613623,0,842039,443120,195272,668074,770759,0,0,0,0,1,0,1,5,5% Discount,7,Q3,29,2025
15-07-2025,27558859,0,0,0,0,0,0,0,0,0,0,0,0,0,0,0,0,0,0,0,0,0,0,0,0,1,10,10% Discount,7,Q3,29,2025
16-07-2025,27740747,0,0,0,0,0,0,0,0,0,0,0,0,0,0,0,0,0,0,0,0,0,0,0,1,0,0,No Offer,7,Q3,29,2025
17-07-2025,29449925,3855100,0,449804,422934,845383,1046704,759647,0,0,349195,185848,1345045,0,867053,540954,108490,482079,774827,0,0,0,408726,1,0,0,0,No Offer,7,Q3,29,2025
18-07-2025,27021614,3275333,0,292009,490372,1127061,963665,772854,0,0,413147,143145,1165493,0,682395,489546,184048,639863,446326,0,0,0,555262,0,0,0,0,No Offer,7,Q3,29,2025
19-07-2025,29775937,0,0,0,0,0,0,0,0,0,0,0,0,0,0,0,0,0,0,0,0,0,0,0,1,0,0,No Offer,7,Q3,29,2025
20-07-2025,37362845,4878325,0,965900,785346,1204564,1371827,752817,0,0,586001,151295,1624459,0,1145968,798557,239124,973253,773513,0,0,0,588132,1,1,1,15,15% Discount,7,Q3,29,2025
21-07-2025,29329295,3515754,0,288968,976583,1082698,1116507,889203,0,0,316205,164599,981730,0,1001417,614947,136176,700280,603830,0,0,0,312838,1,0,1,5,5% Discount,7,Q3,30,2025
22-07-2025,38183671,0,0,0,0,0,0,0,0,0,0,0,0,0,0,0,0,0,0,0,0,0,0,1,1,1,20,20% Discount,7,Q3,30,2025
23-07-2025,29126171,0,0,0,0,0,0,0,0,0,0,0,0,0,0,0,0,0,0,0,0,0,0,1,0,0,0,No Offer,7,Q3,30,2025
24-07-2025,24366696,0,0,0,0,0,0,0,0,0,0,0,0,0,0,0,0,0,0,0,0,0,0,1,0,0,0,No Offer,7,Q3,30,2025
25-07-2025,37791220,0,0,0,0,0,0,0,0,0,0,0,0,0,0,0,0,0,0,0,0,0,0,0,1,1,10,10% Discount,7,Q3,30,2025
26-07-2025,34022884,2062686,936113,178867,0,800217,426152,316421,0,0,309899,246686,568380,0,435155,270753,143614,601475,475441,137172,654495,0,460222,1,1,1,10,10% Discount,7,Q3,30,2025
27-07-2025,29273603,0,0,0,0,0,0,0,0,0,0,0,0,0,0,0,0,0,0,0,0,0,0,1,0,0,0,No Offer,7,Q3,30,2025
28-07-2025,30420235,3806164,1059388,393193,0,844398,553639,480721,0,0,441875,132217,845677,0,473437,337984,112264,460593,530326,100542,695670,0,302489,1,1,0,0,No Offer,7,Q3,31,2025
29-07-2025,27675496,2095700,1521851,491706,0,1327087,604764,874276,0,0,430161,211963,550515,0,1181633,447611,242755,509687,573441,219569,714736,0,413695,0,1,0,0,No Offer,7,Q3,31,2025
30-07-2025,32724584,2928905,1739795,350984,0,846358,1031822,698026,0,0,447655,112468,641031,0,663728,559567,197408,833477,541351,181281,666392,0,545385,1,0,1,10,10% Discount,7,Q3,31,2025
31-07-2025,35786909,0,1136626,614993,0,1068940,1193277,938705,0,0,0,331766,0,0,1182428,644676,270367,947877,610507,372618,1031082,0,691133,1,1,0,0,No Offer,7,Q3,31,2025
01-08-2025,36022415,0,0,0,0,0,0,0,0,0,0,0,0,0,0,0,0,0,0,0,0,0,0,1,1,1,10,10% Discount,8,Q3,31,2025
02-08-2025,29549296,0,1636032,277403,0,1104493,728217,751965,0,0,0,188030,0,0,677190,443123,148602,577657,507929,175155,456584,0,315622,0,0,1,10,10% Discount,8,Q3,31,2025
03-08-2025,32307177,0,0,0,0,0,0,0,0,0,0,0,0,0,0,0,0,0,0,0,0,0,0,0,0,1,10,10% Discount,8,Q3,31,2025
04-08-2025,32693972,0,2254182,487602,0,1680860,1840168,1104765,0,0,0,275872,0,0,1591795,892795,249670,1046702,887349,467761,1686383,0,848608,1,1,0,0,No Offer,8,Q3,32,2025
05-08-2025,29062327,0,1075025,609730,0,1958161,1385713,1355755,0,0,0,570146,0,0,1180706,856956,251545,1322753,561311,302737,965279,0,536414,0,0,1,5,5% Discount,8,Q3,32,2025
06-08-2025,33170668,0,2936038,467430,0,1512189,1668133,1080900,0,0,0,315751,0,0,1050415,586828,249584,829694,1231056,343982,1518982,0,760499,1,1,1,5,5% Discount,8,Q3,32,2025
07-08-2025,38665514,0,1922327,739127,0,1761925,1604057,1025504,0,0,0,329288,0,0,1438018,826099,321050,1197428,1166978,153405,1486817,486689,544437,1,1,1,5,5% Discount,8,Q3,32,2025
08-08-2025,33233015,0,0,0,0,0,0,0,0,0,0,0,0,0,0,0,0,0,0,0,0,0,0,1,0,0,0,No Offer,8,Q3,32,2025
09-08-2025,31070153,0,0,0,0,0,0,0,0,0,0,0,0,0,0,0,0,0,0,0,0,0,0,0,1,1,5,5% Discount,8,Q3,32,2025
10-08-2025,27251606,0,1408287,666004,0,1403210,1072454,893730,0,0,0,373726,0,0,909185,706091,277214,695159,654600,264077,726125,688222,817245,0,0,0,0,No Offer,8,Q3,32,2025
11-08-2025,35059709,0,1472598,610675,0,1162567,779427,755870,0,0,0,335169,0,0,865489,400189,190421,598755,476025,206890,772969,757445,567125,1,1,1,5,5% Discount,8,Q3,33,2025
12-08-2025,27693566,0,1271310,526396,0,1472565,1547070,976660,0,0,0,392253,0,0,795397,560290,229128,784337,464359,267084,762296,641479,571225,0,0,0,0,No Offer,8,Q3,33,2025
13-08-2025,27362670,0,0,0,0,0,0,0,0,0,0,0,0,0,0,0,0,0,0,0,0,0,0,0,1,0,0,No Offer,8,Q3,33,2025
14-08-2025,34646307,0,2582753,972452,0,1796401,1464719,1095547,0,0,0,204402,1403536,0,1024090,851739,354518,1064232,1499958,297482,1013129,1095272,711152,1,0,1,5,5% Discount,8,Q3,33,2025
15-08-2025,29755884,0,0,0,0,0,0,0,0,0,0,0,0,0,0,0,0,0,0,0,0,0,0,0,1,0,0,No Offer,8,Q3,33,2025
16-08-2025,42155171,0,0,0,0,0,0,0,0,0,0,0,0,0,0,0,0,0,0,0,0,0,0,1,1,1,15,15% Discount,8,Q3,33,2025
17-08-2025,34647939,0,0,0,0,0,0,0,0,0,0,0,0,0,0,0,0,0,0,0,0,0,0,1,1,0,0,No Offer,8,Q3,33,2025
18-08-2025,29745765,0,2309669,685851,0,2218835,1127227,967070,0,0,0,194536,1439353,0,1005169,882735,205632,909844,786047,216154,1057524,698002,1081834,1,0,1,15,15% Discount,8,Q3,34,2025
19-08-2025,29919976,0,0,0,0,0,0,0,0,0,0,0,0,0,0,0,0,0,0,0,0,0,0,0,0,1,20,20% Discount,8,Q3,34,2025
20-08-2025,28397044,0,1951127,608403,0,1446521,1350231,886693,0,0,0,355609,1009794,0,1293692,716777,392666,858749,675741,196037,552801,1136962,747483,0,1,1,10,10% Discount,8,Q3,34,2025
21-08-2025,27838672,0,0,0,0,0,0,0,0,0,0,0,0,0,0,0,0,0,0,0,0,0,0,0,0,1,10,10% Discount,8,Q3,34,2025
22-08-2025,28234405,0,0,0,0,0,0,0,0,0,0,0,0,0,0,0,0,0,0,0,0,0,0,1,0,0,0,No Offer,8,Q3,34,2025
23-08-2025,28374615,3062793,1321594,287796,0,793564,838333,612559,0,0,0,198667,542976,0,967993,497139,169281,642775,497810,248085,0,0,482315,0,0,0,0,No Offer,8,Q3,34,2025
24-08-2025,29617091,0,0,0,0,0,0,0,0,0,0,0,0,0,0,0,0,0,0,0,0,0,0,0,1,0,0,No Offer,8,Q3,34,2025
25-08-2025,32701580,0,0,0,0,0,0,0,0,0,0,0,0,0,0,0,0,0,0,0,0,0,0,1,0,0,0,No Offer,8,Q3,35,2025
26-08-2025,33740724,3536266,1024601,278274,0,981276,936697,839499,0,0,0,376792,912085,0,1333630,391058,226931,682083,420113,226152,0,0,403808,0,1,1,15,15% Discount,8,Q3,35,2025
27-08-2025,33333201,5638403,1849305,555751,0,958425,1058268,1047632,0,0,0,208172,874412,0,1050819,779098,267839,1188818,956364,223017,0,0,495888,1,0,1,10,10% Discount,8,Q3,35,2025
28-08-2025,37889013,0,0,0,0,0,0,0,0,0,0,0,0,0,0,0,0,0,0,0,0,0,0,1,1,0,0,No Offer,8,Q3,35,2025
29-08-2025,35649869,0,0,0,0,0,0,0,0,0,0,0,0,0,0,0,0,0,0,0,0,0,0,1,1,1,5,5% Discount,8,Q3,35,2025
30-08-2025,33665879,5907510,926086,284244,0,871583,563449,432110,0,0,0,155394,739595,293172,537287,329551,143432,458897,435999,162648,0,0,0,1,1,0,0,No Offer,8,Q3,35,2025
31-08-2025,30783435,3080670,1304554,511950,0,1514622,1183082,868332,0,0,0,204034,673470,377148,972041,1040645,296909,911896,730827,214541,0,0,0,0,0,1,20,20% Discount,8,Q3,35,2025
01-09-2025,32346220,4510052,1254266,438356,0,1070439,844100,828249,0,0,0,152674,1321225,295825,1213100,569709,193785,785212,674346,301062,0,0,0,1,0,1,10,10% Discount,9,Q3,36,2025
02-09-2025,30103800,2612177,814786,522291,0,1342982,988344,810412,0,0,0,267689,821914,677393,1072170,576358,185478,644613,722813,282893,0,0,0,0,0,0,0,No Offer,9,Q3,36,2025
03-09-2025,32403293,0,0,0,0,0,0,0,0,0,0,0,0,0,0,0,0,0,0,0,0,0,0,0,1,0,0,No Offer,9,Q3,36,2025
04-09-2025,41140187,0,0,0,0,0,0,0,0,0,0,0,0,0,0,0,0,0,0,0,0,0,0,1,1,1,10,10% Discount,9,Q3,36,2025
05-09-2025,34487151,0,0,684387,0,1684022,1778935,1344681,0,0,0,377754,1307069,542130,1384017,829177,427486,1288994,1063044,470842,0,0,835845,1,0,1,5,5% Discount,9,Q3,36,2025
06-09-2025,31476805,0,0,874910,0,1608334,989520,841558,0,0,0,221724,2172525,342239,1559293,843741,356811,1264436,899123,325161,0,0,662026,1,0,0,0,No Offer,9,Q3,36,2025
07-09-2025,33228332,0,0,0,0,0,0,0,0,0,0,0,0,0,0,0,0,0,0,0,0,0,0,1,0,0,0,No Offer,9,Q3,36,2025
08-09-2025,36040316,0,0,481986,0,2101543,1829636,1427794,0,0,0,153787,1850093,552500,1284399,648373,344603,967451,1041971,229219,0,0,828407,1,1,1,5,5% Discount,9,Q3,37,2025
09-09-2025,33919475,0,0,507879,0,1296933,1223608,944259,0,0,0,237342,801583,378052,1338022,544214,238211,767418,657399,369964,0,0,1196026,0,0,1,15,15% Discount,9,Q3,37,2025
10-09-2025,34829649,0,0,917420,0,2206584,1341154,1231170,0,0,0,416144,1178542,494328,1342011,900530,356736,1207065,976887,386611,0,0,544111,1,0,0,0,No Offer,9,Q3,37,2025
11-09-2025,31924407,0,0,0,0,0,0,0,0,0,0,0,0,0,0,0,0,0,0,0,0,0,0,1,0,0,0,No Offer,9,Q3,37,2025
12-09-2025,34380632,0,0,0,0,0,0,0,0,0,0,0,0,0,0,0,0,0,0,0,0,0,0,0,1,0,0,No Offer,9,Q3,37,2025
13-09-2025,40305895,0,2810906,434716,0,1233835,1011432,1005724,0,0,0,227578,1859798,308549,986075,485794,197368,900104,704718,426254,0,0,988666,1,1,1,10,10% Discount,9,Q3,37,2025
14-09-2025,32385110,0,0,0,0,0,0,0,0,0,0,0,0,0,0,0,0,0,0,0,0,0,0,0,1,1,5,5% Discount,9,Q3,37,2025
15-09-2025,34902027,0,0,0,0,0,0,0,0,0,0,0,0,0,0,0,0,0,0,0,0,0,0,1,0,1,5,5% Discount,9,Q3,38,2025
16-09-2025,31681968,0,0,0,0,0,0,0,0,0,0,0,0,0,0,0,0,0,0,0,0,0,0,0,0,1,10,10% Discount,9,Q3,38,2025
17-09-2025,28847539,0,2032968,497915,0,1345713,1192709,1160396,0,0,0,226696,581471,286303,741747,664649,221517,546749,551026,239814,0,0,648874,0,0,0,0,No Offer,9,Q3,38,2025
18-09-2025,41959493,0,0,0,0,0,0,0,0,0,0,0,0,0,0,0,0,0,0,0,0,0,0,1,1,1,10,10% Discount,9,Q3,38,2025
19-09-2025,29709176,0,1531332,544919,0,1901104,1445704,912356,0,0,0,161531,502977,426423,1296846,503903,206330,811075,522177,239475,851024,0,577793,0,0,0,0,No Offer,9,Q3,38,2025
20-09-2025,29551684,0,800921,418585,0,1049357,849399,707907,0,0,0,312528,844553,386077,785859,492722,264336,646101,502950,315920,1077632,0,427233,0,1,0,0,No Offer,9,Q3,38,2025
21-09-2025,31498046,0,0,0,0,0,0,0,0,0,0,0,0,0,0,0,0,0,0,0,0,0,0,1,0,1,5,5% Discount,9,Q3,38,2025
22-09-2025,34012454,0,0,0,0,0,0,0,0,0,0,0,0,0,0,0,0,0,0,0,0,0,0,1,0,1,15,15% Discount,9,Q3,39,2025
23-09-2025,32044094,0,0,0,0,0,0,0,0,0,0,0,0,0,0,0,0,0,0,0,0,0,0,0,1,0,0,No Offer,9,Q3,39,2025
24-09-2025,31623886,0,0,0,0,0,0,0,0,0,0,0,0,0,0,0,0,0,0,0,0,0,0,1,0,0,0,No Offer,9,Q3,39,2025
25-09-2025,32933809,0,0,0,0,0,0,0,0,0,0,0,0,0,0,0,0,0,0,0,0,0,0,1,0,0,0,No Offer,9,Q3,39,2025
26-09-2025,31668952,0,0,0,0,0,0,0,0,0,0,0,0,0,0,0,0,0,0,0,0,0,0,0,0,1,5,5% Discount,9,Q3,39,2025
27-09-2025,40687182,0,1125561,290743,0,1040251,1010635,743604,0,1510825,0,123538,1028669,310146,638622,535112,162903,621678,584992,284712,787261,0,0,1,1,1,5,5% Discount,9,Q3,39,2025
28-09-2025,32991461,0,1487196,432366,0,1229754,1070937,765181,0,686899,0,271101,769640,393579,961915,610555,230851,905530,559822,288270,1251863,0,0,0,1,1,10,10% Discount,9,Q3,39,2025
29-09-2025,31934714,0,1077582,463467,0,886404,796292,610976,0,541333,0,122138,865884,479613,561421,205970,155306,626446,492073,245741,748898,0,0,1,1,0,0,No Offer,9,Q3,40,2025
30-09-2025,35877592,0,0,0,0,0,0,0,0,0,0,0,0,0,0,0,0,0,0,0,0,0,0,0,1,1,5,5% Discount,9,Q3,40,2025
01-10-2025,30269631,0,2579934,341561,0,1286859,966620,533377,0,766654,0,172109,856335,379655,871982,498777,242618,766472,438615,204290,870865,0,0,0,1,0,0,No Offer,10,Q4,40,2025
02-10-2025,27957286,0,2097020,0,271878,1812742,1158314,830296,0,791334,0,178068,0,341039,731724,566460,188712,506692,492585,0,0,0,0,0,0,0,0,No Offer,10,Q4,40,2025
03-10-2025,46025366,0,0,0,0,0,0,0,0,0,0,0,0,0,0,0,0,0,0,0,0,0,0,1,1,1,15,15% Discount,10,Q4,40,2025
04-10-2025,36607702,0,0,0,0,0,0,0,0,0,0,0,0,0,0,0,0,0,0,0,0,0,0,1,0,0,0,No Offer,10,Q4,40,2025
05-10-2025,34145763,0,942248,0,807072,1466306,1120564,846031,0,862504,0,345819,0,464197,1444481,660818,318972,723758,695558,0,0,0,0,0,1,0,0,No Offer,10,Q4,40,2025
06-10-2025,37053956,0,2248667,0,1174904,1369951,1469026,793026,0,1084324,0,242483,0,393492,1330877,1133590,260871,1177901,829555,0,0,0,0,1,1,0,0,No Offer,10,Q4,41,2025
07-10-2025,41031100,0,0,0,0,0,0,0,0,0,0,0,0,0,0,0,0,0,0,0,0,0,0,1,1,1,15,15% Discount,10,Q4,41,2025
08-10-2025,40006306,0,2198508,0,986336,2041083,1388129,870805,0,848529,0,167256,0,626826,1473286,698958,222890,1246610,1051364,0,0,0,0,1,1,1,15,15% Discount,10,Q4,41,2025
09-10-2025,31419427,0,0,0,0,0,0,0,0,0,0,0,0,0,0,0,0,0,0,0,0,0,0,0,0,1,5,5% Discount,10,Q4,41,2025
10-10-2025,30648022,0,2077418,395880,0,1393476,952788,877171,0,995436,0,232548,0,280988,1294181,638413,215398,916027,413631,0,0,873195,742597,0,0,0,0,No Offer,10,Q4,41,2025
11-10-2025,35479100,0,0,0,0,0,0,0,0,0,0,0,0,0,0,0,0,0,0,0,0,0,0,1,1,1,5,5% Discount,10,Q4,41,2025
12-10-2025,29227705,0,1118569,594370,0,1533261,1230525,809624,0,1332417,0,356240,0,544004,978423,692243,214833,855084,893930,0,0,501117,815802,0,0,0,0,No Offer,10,Q4,41,2025
13-10-2025,31271964,0,0,0,0,0,0,0,0,0,0,0,0,0,0,0,0,0,0,0,0,0,0,1,0,1,5,5% Discount,10,Q4,42,2025
14-10-2025,40352949,0,1712879,463006,0,1293516,1068923,1121780,0,1634138,0,381924,0,281278,1279135,508376,270608,1382236,815933,0,0,1256419,448060,1,1,1,10,10% Discount,10,Q4,42,2025
15-10-2025,34599378,0,0,0,0,0,0,0,0,0,0,0,0,0,0,0,0,0,0,0,0,0,0,1,0,0,0,No Offer,10,Q4,42,2025
16-10-2025,38116071,0,0,0,0,0,0,0,0,0,0,0,0,0,0,0,0,0,0,0,0,0,0,0,0,1,15,15% Discount,10,Q4,42,2025
17-10-2025,42601921,5978476,1038439,0,0,927945,693818,557993,0,476695,0,190299,0,255404,584825,389944,159668,623035,580136,0,0,837204,448302,1,1,1,15,15% Discount,10,Q4,42,2025
18-10-2025,34676805,2133027,1238011,0,0,769511,671664,729083,0,823345,0,299082,0,245403,545909,399816,313084,476079,661117,0,0,325323,371469,0,1,1,10,10% Discount,10,Q4,42,2025
19-10-2025,32819751,0,0,0,0,0,0,0,0,0,0,0,0,0,0,0,0,0,0,0,0,0,0,0,1,0,0,No Offer,10,Q4,42,2025
20-10-2025,31659473,2374878,448447,0,0,516192,641704,566378,0,392012,0,92187,0,126228,441591,274307,118122,379070,305679,0,0,356533,277462,0,0,0,0,No Offer,10,Q4,43,2025
21-10-2025,43754895,0,0,0,0,0,0,0,0,0,0,0,0,0,0,0,0,0,0,0,0,0,0,1,1,1,20,20% Discount,10,Q4,43,2025
22-10-2025,35653588,0,0,0,0,0,0,0,0,0,0,0,0,0,0,0,0,0,0,0,0,0,0,0,0,1,15,15% Discount,10,Q4,43,2025
23-10-2025,32723272,0,0,0,0,0,0,0,0,0,0,0,0,0,0,0,0,0,0,0,0,0,0,0,0,1,5,5% Discount,10,Q4,43,2025
24-10-2025,32729094,0,0,0,0,0,0,0,0,0,0,0,0,0,0,0,0,0,0,0,0,0,0,0,1,0,0,No Offer,10,Q4,43,2025
25-10-2025,37468318,4565266,1434166,344692,0,1007941,1201856,694288,0,743208,0,230278,966556,0,761014,410795,177800,769312,735768,0,0,0,484083,1,1,1,5,5% Discount,10,Q4,43,2025
26-10-2025,32062603,2549286,1885345,301197,0,1197521,747358,548287,0,603148,0,190547,447340,0,689904,441765,198174,462838,403381,0,0,0,236818,0,1,0,0,No Offer,10,Q4,43,2025
27-10-2025,29070092,2377296,629947,243588,0,722839,613386,503726,0,360223,0,163392,537507,0,450983,337818,143819,659954,334643,0,0,0,412930,0,0,0,0,No Offer,10,Q4,44,2025
28-10-2025,37600956,3368767,2278602,641649,0,1147843,872598,817155,0,1359338,0,301025,1258234,0,840861,473876,272366,920106,792701,0,0,0,271630,1,1,1,10,10% Discount,10,Q4,44,2025
29-10-2025,39812427,3648121,1816408,659140,0,1202937,1261295,988530,0,729509,0,137703,1017799,0,679962,449463,209195,916398,631586,0,0,0,656239,1,0,1,5,5% Discount,10,Q4,44,2025
30-10-2025,32257505,0,0,0,0,0,0,0,0,0,0,0,0,0,0,0,0,0,0,0,0,0,0,0,0,1,5,5% Discount,10,Q4,44,2025
31-10-2025,36895369,0,0,0,0,0,0,0,0,0,0,0,0,0,0,0,0,0,0,0,0,0,0,1,0,1,10,10% Discount,10,Q4,44,2025
01-11-2025,41529630,5761956,1993288,397201,0,1018719,802962,666619,0,813936,0,198394,709315,0,537756,389163,147338,690398,638211,211853,0,0,0,1,1,1,15,15% Discount,11,Q4,44,2025
02-11-2025,39203781,0,0,0,0,0,0,0,0,0,0,0,0,0,0,0,0,0,0,0,0,0,0,1,1,0,0,No Offer,11,Q4,44,2025
03-11-2025,36592789,0,0,0,0,0,0,0,0,0,0,0,0,0,0,0,0,0,0,0,0,0,0,0,1,0,0,No Offer,11,Q4,45,2025
04-11-2025,39885475,0,0,0,0,0,0,0,0,0,0,0,0,0,0,0,0,0,0,0,0,0,0,1,1,0,0,No Offer,11,Q4,45,2025
05-11-2025,37462000,0,0,0,0,0,0,0,0,0,0,0,0,0,0,0,0,0,0,0,0,0,0,0,1,1,5,5% Discount,11,Q4,45,2025
06-11-2025,41313940,0,1751158,538139,764923,1190086,1161202,496046,0,928749,0,166039,1446262,0,942405,545814,308579,660798,492939,308634,0,0,0,1,1,1,15,15% Discount,11,Q4,45,2025
07-11-2025,39642422,0,1066256,579373,819050,858846,1113930,962283,0,1154099,0,173897,915717,0,1144137,459140,279605,916142,758745,206505,0,0,0,1,0,1,15,15% Discount,11,Q4,45,2025
08-11-2025,39877625,0,1228312,569913,961635,1967500,1605625,1372381,0,976979,0,368714,1106007,0,1305268,838416,302280,1436667,880480,405980,0,0,0,1,1,1,10,10% Discount,11,Q4,45,2025
09-11-2025,37062532,0,2838506,297611,909139,1445038,1066761,918314,0,1638604,0,232494,1222748,0,1141196,571139,229160,1073186,764355,310478,0,0,0,1,0,1,5,5% Discount,11,Q4,45,2025
10-11-2025,36755224,0,0,0,0,0,0,0,0,0,0,0,0,0,0,0,0,0,0,0,0,0,0,0,1,0,0,No Offer,11,Q4,46,2025
11-11-2025,33752845,0,0,0,0,0,0,0,0,0,0,0,0,0,0,0,0,0,0,0,0,0,0,0,0,1,5,5% Discount,11,Q4,46,2025
12-11-2025,41985418,0,0,0,0,0,0,0,0,0,0,0,0,0,0,0,0,0,0,0,0,0,0,1,1,0,0,No Offer,11,Q4,46,2025
13-11-2025,33565033,0,0,0,0,0,0,0,0,0,0,0,0,0,0,0,0,0,0,0,0,0,0,0,0,1,10,10% Discount,11,Q4,46,2025
14-11-2025,32505247,0,0,0,0,0,0,0,0,0,0,0,0,0,0,0,0,0,0,0,0,0,0,0,0,1,10,10% Discount,11,Q4,46,2025
15-11-2025,44169556,0,1713771,500941,1199647,1333884,2336551,1166432,0,1038927,0,356066,0,0,1323525,864707,297075,1087167,964666,0,0,950495,475519,1,1,1,15,15% Discount,11,Q4,46,2025
16-11-2025,34408452,0,0,0,0,0,0,0,0,0,0,0,0,0,0,0,0,0,0,0,0,0,0,0,0,1,10,10% Discount,11,Q4,46,2025
17-11-2025,33539221,0,0,0,0,0,0,0,0,0,0,0,0,0,0,0,0,0,0,0,0,0,0,0,0,1,5,5% Discount,11,Q4,47,2025
18-11-2025,31968147,0,1457697,695361,798859,1588584,1483199,1119920,0,1050353,0,203609,0,0,1187165,632302,230562,1007536,659860,0,0,1279707,689399,0,0,0,0,No Offer,11,Q4,47,2025
19-11-2025,31951113,0,0,0,0,0,0,0,0,0,0,0,0,0,0,0,0,0,0,0,0,0,0,0,0,1,5,5% Discount,11,Q4,47,2025
20-11-2025,41824921,0,1556074,0,1165890,1370447,1156733,1333091,0,2494123,0,264805,0,383519,1546584,755026,356773,936770,1265082,0,0,1061391,701729,1,1,1,10,10% Discount,11,Q4,47,2025
21-11-2025,42136714,0,1724396,0,937928,1441499,1022918,802248,0,578612,0,212292,0,235392,1185429,650891,259010,756076,628960,0,0,584488,321674,1,1,1,5,5% Discount,11,Q4,47,2025
22-11-2025,33693295,0,1315947,0,902045,1146231,1041965,751208,0,1316374,0,143798,0,492215,1032408,675274,227993,520169,517636,0,0,741463,407905,0,0,0,0,No Offer,11,Q4,47,2025
23-11-2025,34409463,0,3736465,0,847407,1026173,1222037,1152881,0,1258249,0,125902,0,353955,865121,685415,237485,1296753,1034008,0,0,674125,510574,1,0,0,0,No Offer,11,Q4,47,2025
24-11-2025,33377515,0,1562365,0,395894,1540733,1477041,845850,0,1023708,0,363987,0,632462,743345,524572,279742,986731,734012,0,0,837644,451643,0,0,1,5,5% Discount,11,Q4,48,2025
25-11-2025,38598942,0,2177374,0,875601,1568089,1419690,959895,0,1028766,0,334306,0,491440,1082250,632875,203969,903781,795353,0,0,867555,407278,1,0,0,0,No Offer,11,Q4,48,2025
26-11-2025,33233151,0,1558350,0,569669,1077491,1340238,768625,0,1063038,0,201726,0,418787,841451,825753,216236,584306,681066,0,0,956564,607530,0,1,0,0,No Offer,11,Q4,48,2025
27-11-2025,30429065,0,1488274,0,554498,1350563,1028178,969923,0,1747272,0,275742,875133,396745,1121488,628274,219536,605295,885985,0,1027704,780944,515167,0,0,0,0,No Offer,11,Q4,48,2025
28-11-2025,35828774,0,0,0,0,0,0,0,0,0,0,0,0,0,0,0,0,0,0,0,0,0,0,0,1,0,0,No Offer,11,Q4,48,2025
29-11-2025,39728313,0,0,0,0,0,0,0,0,0,0,0,0,0,0,0,0,0,0,0,0,0,0,1,1,0,0,No Offer,11,Q4,48,2025
30-11-2025,36385080,0,0,0,0,0,0,0,0,0,0,0,0,0,0,0,0,0,0,0,0,0,0,1,1,0,0,No Offer,11,Q4,48,2025
01-12-2025,37177001,0,1713830,0,634412,1063177,765504,597660,0,583104,0,246476,1142692,391742,725186,560075,169142,736845,524849,0,456198,603428,530259,1,0,1,10,10% Discount,12,Q4,49,2025
02-12-2025,35340195,0,0,0,0,0,0,0,0,0,0,0,0,0,0,0,0,0,0,0,0,0,0,0,0,1,5,5% Discount,12,Q4,49,2025
03-12-2025,39572029,0,0,0,0,0,0,0,0,0,0,0,0,0,0,0,0,0,0,0,0,0,0,1,1,0,0,No Offer,12,Q4,49,2025
04-12-2025,36492980,0,0,0,0,0,0,0,0,0,0,0,0,0,0,0,0,0,0,0,0,0,0,1,1,0,0,No Offer,12,Q4,49,2025
05-12-2025,36143967,4445759,1762134,0,1236394,967204,1104575,707590,0,852973,0,159102,0,218115,705549,572099,310047,705773,532063,0,518106,850943,374289,0,1,1,5,5% Discount,12,Q4,49,2025
06-12-2025,38953326,0,0,0,0,0,0,0,0,0,0,0,0,0,0,0,0,0,0,0,0,0,0,1,0,0,0,No Offer,12,Q4,49,2025
07-12-2025,38799048,2069752,817731,0,290491,1021356,537667,651928,0,525214,0,193879,0,231429,505142,397625,167954,429613,358662,0,725389,780568,322570,0,1,1,10,10% Discount,12,Q4,49,2025
08-12-2025,41133418,2855673,995582,0,624963,975399,923885,625136,0,643419,0,89642,0,168520,627558,377804,269583,547317,403448,0,885425,465623,406566,1,0,0,0,No Offer,12,Q4,50,2025
09-12-2025,29369766,2401931,1089888,0,448658,730112,887341,625018,0,441336,0,184877,0,267917,661240,610294,215117,707061,596066,0,556881,370090,728620,0,0,0,0,No Offer,12,Q4,50,2025
10-12-2025,40741576,0,0,0,0,0,0,0,0,0,0,0,0,0,0,0,0,0,0,0,0,0,0,0,1,1,5,5% Discount,12,Q4,50,2025
11-12-2025,36833533,3002423,1504433,0,0,1164463,754839,764701,0,1208901,0,143993,0,528241,832422,580595,206190,656099,545659,0,741679,424327,491890,1,0,0,0,No Offer,12,Q4,50,2025
12-12-2025,39431266,3287394,1930683,0,0,1050623,1359349,721822,0,815126,0,174746,0,202840,955768,533760,237225,796636,394952,0,725037,233860,560155,1,1,0,0,No Offer,12,Q4,50,2025
13-12-2025,34114824,3244888,979305,0,0,900917,956247,529406,0,1053341,0,120821,0,170806,655177,563718,106554,826103,667318,0,1091032,850757,280489,1,0,0,0,No Offer,12,Q4,50,2025
14-12-2025,34525574,3178771,2500695,0,0,1260942,908081,439397,0,587153,0,158230,0,273346,746784,417320,227254,485412,305348,0,733795,612561,382782,0,0,0,0,No Offer,12,Q4,50,2025
15-12-2025,32302038,0,0,0,0,0,0,0,0,0,0,0,0,0,0,0,0,0,0,0,0,0,0,0,1,0,0,No Offer,12,Q4,51,2025
16-12-2025,36652129,2474318,1392976,0,0,1461904,1316177,556583,0,813782,0,256428,0,329282,665531,609549,194566,712635,628023,0,585295,642601,286227,0,0,1,5,5% Discount,12,Q4,51,2025
17-12-2025,32989656,0,0,0,0,0,0,0,0,0,0,0,0,0,0,0,0,0,0,0,0,0,0,0,0,1,10,10% Discount,12,Q4,51,2025
18-12-2025,34570291,0,0,0,0,0,0,0,0,0,0,0,0,0,0,0,0,0,0,0,0,0,0,1,0,0,0,No Offer,12,Q4,51,2025
19-12-2025,42268958,2381349,1149672,375471,0,881023,878662,407510,0,778484,0,164533,1076562,0,791644,532838,192279,648146,500977,0,720119,571136,758345,1,1,1,15,15% Discount,12,Q4,51,2025
20-12-2025,36020725,3146474,884279,227141,0,779222,848731,464274,0,994908,0,113285,896395,0,775566,365758,181199,493224,573879,0,970174,411443,392086,1,0,0,0,No Offer,12,Q4,51,2025
21-12-2025,36927655,0,0,0,0,0,0,0,0,0,0,0,0,0,0,0,0,0,0,0,0,0,0,0,0,1,5,5% Discount,12,Q4,51,2025
22-12-2025,41040601,0,0,0,0,0,0,0,0,0,0,0,0,0,0,0,0,0,0,0,0,0,0,0,0,1,15,15% Discount,12,Q4,52,2025
23-12-2025,40730715,3698122,1232833,454337,0,1104389,715035,753143,0,735038,0,114621,1484898,0,649200,428128,217770,850143,577479,0,1240721,1047698,650309,1,1,1,5,5% Discount,12,Q4,52,2025
24-12-2025,37544753,0,0,0,0,0,0,0,0,0,0,0,0,0,0,0,0,0,0,0,0,0,0,1,0,0,0,No Offer,12,Q4,52,2025
25-12-2025,45209496,2882434,0,417969,0,562413,600711,474976,0,795450,0,84174,684030,0,683709,421154,177157,812065,437394,0,541437,528911,330400,1,1,1,10,10% Discount,12,Q4,52,2025
26-12-2025,36912110,0,0,0,0,0,0,0,0,0,0,0,0,0,0,0,0,0,0,0,0,0,0,1,0,0,0,No Offer,12,Q4,52,2025
27-12-2025,38677764,0,0,0,0,0,0,0,0,0,0,0,0,0,0,0,0,0,0,0,0,0,0,1,0,0,0,No Offer,12,Q4,52,2025
28-12-2025,40665390,3575626,0,303733,0,1267715,881354,1182047,0,436433,0,155064,741797,0,952630,639202,204324,467118,449935,0,768529,495367,465391,0,1,1,15,15% Discount,12,Q4,52,2025
29-12-2025,40060074,0,0,0,0,0,0,0,0,0,0,0,0,0,0,0,0,0,0,0,0,0,0,0,1,1,15,15% Discount,12,Q4,1,2025
30-12-2025,34459621,0,0,0,0,0,0,0,0,0,0,0,0,0,0,0,0,0,0,0,0,0,0,0,0,1,15,15% Discount,12,Q4,1,2025
31-12-2025,38117150,0,0,0,0,0,0,0,0,0,0,0,0,0,0,0,0,0,0,0,0,0,0,0,1,1,5,5% Discount,12,Q4,1,2025
01-01-2026,26181341,1768492,0,200024,0,903207,504520,529830,0,590590,0,117463,398157,0,587243,262106,135534,552452,378280,114409,0,258565,441170,0,0,0,0,No Offer,1,Q1,1,2026
02-01-2026,27493418,0,0,0,0,0,0,0,0,0,0,0,0,0,0,0,0,0,0,0,0,0,0,1,0,1,5,5% Discount,1,Q1,1,2026
03-01-2026,23584518,0,0,0,0,0,0,0,0,0,0,0,0,0,0,0,0,0,0,0,0,0,0,0,1,0,0,No Offer,1,Q1,1,2026
04-01-2026,27203717,0,0,0,0,0,0,0,0,0,0,0,0,0,0,0,0,0,0,0,0,0,0,0,0,1,15,15% Discount,1,Q1,1,2026
05-01-2026,30250436,0,0,0,0,0,0,0,0,0,0,0,0,0,0,0,0,0,0,0,0,0,0,1,0,0,0,No Offer,1,Q1,2,2026
06-01-2026,33423326,3369810,0,358259,0,909826,827525,713803,0,1181590,0,125957,752748,0,580202,404619,163018,763475,624294,225966,0,854559,350976,1,1,1,5,5% Discount,1,Q1,2,2026
07-01-2026,25819852,0,0,0,0,0,0,0,0,0,0,0,0,0,0,0,0,0,0,0,0,0,0,0,1,0,0,No Offer,1,Q1,2,2026
08-01-2026,26466994,0,0,0,0,0,0,0,0,0,0,0,0,0,0,0,0,0,0,0,0,0,0,0,0,1,5,5% Discount,1,Q1,2,2026
09-01-2026,31069825,3781691,0,412751,990738,1021838,785710,1006979,0,426602,0,268844,0,0,1207065,544110,300437,936433,604033,482876,1055926,759104,727722,1,1,0,0,No Offer,1,Q1,2,2026
10-01-2026,35260905,3630461,0,436452,636804,1143272,815653,970512,0,629051,0,246649,0,0,816714,588473,186444,690422,729620,401263,719431,458053,570891,1,1,1,10,10% Discount,1,Q1,2,2026
11-01-2026,25169628,2922775,0,195040,643139,1192112,917795,845207,0,1180034,0,248876,0,0,835458,552885,176483,687657,613999,278836,638412,618515,451987,1,0,0,0,No Offer,1,Q1,2,2026
12-01-2026,28051845,3519837,0,457707,397426,1463487,891704,569451,0,582704,0,158181,0,0,716197,511446,160687,642545,488473,188906,1591082,751025,538228,0,1,1,15,15% Discount,1,Q1,3,2026
13-01-2026,24409083,0,0,0,0,0,0,0,0,0,0,0,0,0,0,0,0,0,0,0,0,0,0,1,0,0,0,No Offer,1,Q1,3,2026
14-01-2026,25677434,0,0,0,0,0,0,0,0,0,0,0,0,0,0,0,0,0,0,0,0,0,0,0,1,0,0,No Offer,1,Q1,3,2026
15-01-2026,35727598,0,0,0,0,0,0,0,0,0,0,0,0,0,0,0,0,0,0,0,0,0,0,1,1,1,15,15% Discount,1,Q1,3,2026
16-01-2026,28976989,2535019,1298238,440213,926668,1315698,681725,742058,0,0,0,123965,1374873,0,1098023,422960,236077,628349,562808,0,0,457981,179845,1,1,0,0,No Offer,1,Q1,3,2026
17-01-2026,23758307,5075891,1367141,372881,581269,894225,768692,546155,0,0,0,145734,366051,0,1024390,451006,149807,312202,405611,0,0,397320,246417,0,0,1,5,5% Discount,1,Q1,3,2026
18-01-2026,30396674,0,0,0,0,0,0,0,0,0,0,0,0,0,0,0,0,0,0,0,0,0,0,1,1,0,0,No Offer,1,Q1,3,2026
19-01-2026,28190260,0,0,0,0,0,0,0,0,0,0,0,0,0,0,0,0,0,0,0,0,0,0,0,0,1,15,15% Discount,1,Q1,4,2026
20-01-2026,24214653,2397142,1488846,473728,329377,944575,746300,613271,0,0,0,167143,846981,0,900157,568917,255238,531945,505351,0,0,750972,651972,0,0,1,5,5% Discount,1,Q1,4,2026
21-01-2026,25007386,0,0,0,0,0,0,0,0,0,0,0,0,0,0,0,0,0,0,0,0,0,0,0,0,1,5,5% Discount,1,Q1,4,2026
22-01-2026,29188715,2924806,3014371,462430,0,1295313,1391754,1187586,0,0,0,295739,945071,0,1100737,800093,302770,851099,655620,0,0,709645,340580,0,1,1,10,10% Discount,1,Q1,4,2026
23-01-2026,26949249,3449906,1358528,414727,0,908736,843719,630150,0,0,0,174460,650168,0,753465,522163,213551,682221,474727,0,0,598495,291749,0,0,1,5,5% Discount,1,Q1,4,2026
24-01-2026,26699605,0,0,0,0,0,0,0,0,0,0,0,0,0,0,0,0,0,0,0,0,0,0,1,0,0,0,No Offer,1,Q1,4,2026
25-01-2026,25516522,0,0,0,0,0,0,0,0,0,0,0,0,0,0,0,0,0,0,0,0,0,0,0,1,0,0,No Offer,1,Q1,4,2026
26-01-2026,32213240,2912254,1206983,156347,0,1118284,725068,469827,0,0,0,74426,671125,0,725846,307183,173682,656572,461916,0,0,316714,264968,1,0,1,5,5% Discount,1,Q1,5,2026
27-01-2026,29517661,0,0,0,0,0,0,0,0,0,0,0,0,0,0,0,0,0,0,0,0,0,0,1,0,1,10,10% Discount,1,Q1,5,2026
28-01-2026,25184146,2519756,636264,161843,0,636176,772560,439439,0,0,0,134764,308253,0,504880,378303,122013,495635,314792,0,0,227574,320657,0,0,0,0,No Offer,1,Q1,5,2026
29-01-2026,26811388,1959771,1797342,227865,0,1071540,696409,751645,0,0,0,259230,0,0,516606,557277,166009,561867,348989,0,432550,851085,450107,0,0,1,5,5% Discount,1,Q1,5,2026
30-01-2026,23042429,0,0,0,0,0,0,0,0,0,0,0,0,0,0,0,0,0,0,0,0,0,0,0,0,1,5,5% Discount,1,Q1,5,2026
31-01-2026,25782981,2827664,1190902,272758,0,1185332,1019852,717199,0,0,0,204684,0,0,688939,563331,197466,570064,582119,0,745644,455359,374348,0,0,1,5,5% Discount,1,Q1,5,2026
01-02-2026,27941181,0,0,0,0,0,0,0,0,0,0,0,0,0,0,0,0,0,0,0,0,0,0,1,1,0,0,No Offer,2,Q1,5,2026
02-02-2026,27465820,1631187,899911,321478,0,710533,560169,552910,0,0,0,117182,0,0,605243,403538,148918,449351,430408,0,490226,307395,413548,0,1,0,0,No Offer,2,Q1,6,2026
03-02-2026,29966236,1609878,1209286,471907,0,669675,683150,460321,0,0,0,205927,0,0,581158,494174,143151,433814,469958,0,397063,549872,460354,0,0,1,10,10% Discount,2,Q1,6,2026
04-02-2026,26028879,3150856,1216664,348362,0,986915,913312,497653,0,0,0,157330,0,0,559685,532253,139358,498511,333815,0,567579,426636,429455,0,1,0,0,No Offer,2,Q1,6,2026
05-02-2026,25844300,0,0,0,0,0,0,0,0,0,0,0,0,0,0,0,0,0,0,0,0,0,0,1,0,0,0,No Offer,2,Q1,6,2026
06-02-2026,30828584,3148263,1204690,263282,0,1072522,736912,525979,0,0,0,117640,0,0,705032,516392,182644,494895,401346,0,503182,0,0,0,0,1,10,10% Discount,2,Q1,6,2026
07-02-2026,26743517,3039614,1029224,352940,0,1208340,886155,759169,0,0,0,145275,0,0,826681,509559,193059,715286,345139,0,946769,0,0,0,0,1,15,15% Discount,2,Q1,6,2026
08-02-2026,23339213,2935975,434234,266221,0,601591,776226,361297,0,0,0,147787,0,0,407143,265832,136831,525290,374295,0,410974,0,0,0,0,0,0,No Offer,2,Q1,6,2026
09-02-2026,34036460,0,0,0,0,0,0,0,0,0,0,0,0,0,0,0,0,0,0,0,0,0,0,0,1,1,15,15% Discount,2,Q1,7,2026
10-02-2026,23823371,4151058,900209,474163,0,1027631,709609,517139,0,0,0,218258,0,0,664091,478041,192573,467856,559318,0,505135,0,0,0,0,0,0,No Offer,2,Q1,7,2026
11-02-2026,36817456,3432593,1684465,502133,0,1121475,908385,549612,0,0,0,157628,0,0,834355,597854,216377,1046312,492826,0,1246800,0,0,1,1,1,10,10% Discount,2,Q1,7,2026
12-02-2026,28161426,0,0,0,0,0,0,0,0,0,0,0,0,0,0,0,0,0,0,0,0,0,0,0,1,0,0,No Offer,2,Q1,7,2026
13-02-2026,33423741,3119848,1236566,417295,0,1500423,954338,592239,0,0,0,182636,806999,0,734568,527774,192917,719279,509146,226203,610434,0,0,0,1,1,15,15% Discount,2,Q1,7,2026
14-02-2026,26981934,0,0,0,0,0,0,0,0,0,0,0,0,0,0,0,0,0,0,0,0,0,0,0,0,1,5,5% Discount,2,Q1,7,2026
15-02-2026,30600786,0,0,0,0,0,0,0,0,0,0,0,0,0,0,0,0,0,0,0,0,0,0,1,0,0,0,No Offer,2,Q1,7,2026
16-02-2026,27157522,0,0,0,0,0,0,0,0,0,0,0,0,0,0,0,0,0,0,0,0,0,0,1,0,0,0,No Offer,2,Q1,8,2026
17-02-2026,28792917,0,0,0,0,0,0,0,0,0,0,0,0,0,0,0,0,0,0,0,0,0,0,1,0,1,5,5% Discount,2,Q1,8,2026
18-02-2026,24200996,0,0,0,0,0,0,0,0,0,0,0,0,0,0,0,0,0,0,0,0,0,0,0,1,0,0,No Offer,2,Q1,8,2026
19-02-2026,34075644,5442757,1049713,358147,0,799058,605353,395908,0,0,0,141770,494648,0,862705,364818,140184,603084,455305,215640,701482,0,0,1,0,1,15,15% Discount,2,Q1,8,2026
20-02-2026,29474587,2634537,1992060,314530,0,879247,913882,748526,0,0,0,88431,761317,0,633264,435040,201025,719364,564656,211804,885662,0,0,1,0,0,0,No Offer,2,Q1,8,2026
21-02-2026,29176570,6762663,703041,502822,0,1244236,802329,646513,0,0,0,158710,616038,0,566686,544119,170288,832563,573755,341146,771611,0,0,1,1,0,0,No Offer,2,Q1,8,2026
22-02-2026,23899657,0,0,0,0,0,0,0,0,0,0,0,0,0,0,0,0,0,0,0,0,0,0,0,0,1,5,5% Discount,2,Q1,8,2026
23-02-2026,31583681,3071229,1086885,301447,0,690553,801696,554651,0,0,0,173870,765571,0,579922,392446,191218,604895,546105,196184,548934,0,0,1,1,0,0,No Offer,2,Q1,9,2026
24-02-2026,33913178,0,0,0,0,0,0,0,0,0,0,0,0,0,0,0,0,0,0,0,0,0,0,0,0,1,25,Buy3Get1,2,Q1,9,2026
25-02-2026,27505787,3497455,970288,595838,0,1819901,886998,638174,0,0,0,212897,600720,0,799896,647208,217524,652913,569796,385883,758422,0,0,0,1,0,0,No Offer,2,Q1,9,2026
26-02-2026,27628556,0,3207892,304361,0,1767341,1045153,780629,0,0,0,266290,0,0,841402,633312,188455,1281710,893816,241774,0,0,0,1,0,0,0,No Offer,2,Q1,9,2026
27-02-2026,31667642,0,3576534,720858,0,1892847,1771839,898507,0,0,0,163158,0,0,1845624,756614,306749,1271098,1083570,399806,0,0,0,1,1,1,10,10% Discount,2,Q1,9,2026
28-02-2026,34637443,0,2914360,505543,0,2371350,1851122,763145,0,0,0,195136,0,0,1515793,808221,341060,1841204,924332,632722,0,0,0,1,0,1,15,15% Discount,2,Q1,9,2026
01-03-2026,25777079,0,2407633,634721,0,1855955,1552358,1237573,0,0,0,434350,0,0,1558406,895209,366604,1498239,899139,380868,0,0,0,0,0,0,0,No Offer,3,Q1,9,2026
02-03-2026,28556639,0,0,0,0,0,0,0,0,0,0,0,0,0,0,0,0,0,0,0,0,0,0,0,0,1,10,10% Discount,3,Q1,10,2026
03-03-2026,31035211,0,0,0,0,0,0,0,0,0,0,0,0,0,0,0,0,0,0,0,0,0,0,0,1,0,0,No Offer,3,Q1,10,2026
04-03-2026,28082607,0,1171946,616169,0,2125976,1083829,925283,0,0,0,191996,0,0,928650,702509,387136,584006,693364,296891,0,0,0,0,0,0,0,No Offer,3,Q1,10,2026
05-03-2026,28630746,2471608,1131574,500902,0,1489603,1074123,987639,0,0,0,241153,1262727,0,1140563,546170,193596,880646,695723,292997,0,853530,1006292,0,1,0,0,No Offer,3,Q1,10,2026
06-03-2026,27991376,3471067,1660274,529424,0,1481677,832979,685325,0,0,0,184489,651362,0,1094037,617287,262975,718710,468418,251268,0,1003504,662648,0,1,0,0,No Offer,3,Q1,10,2026
07-03-2026,31788449,0,0,0,0,0,0,0,0,0,0,0,0,0,0,0,0,0,0,0,0,0,0,0,0,1,10,10% Discount,3,Q1,10,2026
08-03-2026,28354722,0,0,0,0,0,0,0,0,0,0,0,0,0,0,0,0,0,0,0,0,0,0,0,1,1,5,5% Discount,3,Q1,10,2026
09-03-2026,28855148,0,0,0,0,0,0,0,0,0,0,0,0,0,0,0,0,0,0,0,0,0,0,0,0,1,10,10% Discount,3,Q1,11,2026
10-03-2026,27570247,0,0,0,0,0,0,0,0,0,0,0,0,0,0,0,0,0,0,0,0,0,0,1,0,0,0,No Offer,3,Q1,11,2026
11-03-2026,28994073,2633986,1144723,318756,0,1113566,935537,491492,0,0,0,323482,792545,0,618215,543025,177462,553929,440142,112261,0,600214,538603,0,0,0,0,No Offer,3,Q1,11,2026
12-03-2026,34350425,0,0,0,0,0,0,0,0,0,0,0,0,0,0,0,0,0,0,0,0,0,0,1,1,1,10,10% Discount,3,Q1,11,2026
13-03-2026,30080841,0,0,0,0,0,0,0,0,0,0,0,0,0,0,0,0,0,0,0,0,0,0,0,0,1,20,20% Discount,3,Q1,11,2026
14-03-2026,31612360,1889079,846938,0,271781,722698,484545,341958,0,510205,0,159436,513506,0,607912,334584,164941,411722,312926,188867,0,337849,470809,0,1,1,5,5% Discount,3,Q1,11,2026
15-03-2026,31143800,4450430,962682,0,180856,799399,639422,520160,0,498256,0,117727,1078914,0,597413,296647,139222,623559,400649,180115,0,517355,383507,1,1,1,5,5% Discount,3,Q1,11,2026
16-03-2026,30355371,0,0,0,0,0,0,0,0,0,0,0,0,0,0,0,0,0,0,0,0,0,0,0,1,0,0,No Offer,3,Q1,12,2026
17-03-2026,28610427,0,0,0,0,0,0,0,0,0,0,0,0,0,0,0,0,0,0,0,0,0,0,0,1,0,0,No Offer,3,Q1,12,2026
18-03-2026,30386110,0,0,0,0,0,0,0,0,0,0,0,0,0,0,0,0,0,0,0,0,0,0,1,1,0,0,No Offer,3,Q1,12,2026
19-03-2026,27510037,0,0,0,0,0,0,0,0,0,0,0,0,0,0,0,0,0,0,0,0,0,0,0,1,0,0,No Offer,3,Q1,12,2026
20-03-2026,32671981,0,2050120,0,1278323,1640350,1338533,815490,0,1069913,0,478540,1041504,0,1183222,766520,354527,1221323,1316831,0,0,914240,1093619,1,1,1,5,5% Discount,3,Q1,12,2026
21-03-2026,30751103,0,1243677,0,460869,1685387,1539986,803924,0,620297,0,209361,851856,0,906599,672269,208312,1150349,671800,0,0,569938,633631,0,1,1,10,10% Discount,3,Q1,12,2026
22-03-2026,28156833,0,796959,0,804998,975079,862497,689329,0,905029,0,241946,670229,0,981081,317948,149214,601063,497099,0,0,678019,349378,1,0,0,0,No Offer,3,Q1,12,2026
23-03-2026,34582421,0,1118008,0,1236139,1119922,801528,595635,0,1598448,0,290957,1280942,0,1076013,498799,169096,775996,571602,0,0,803128,586004,1,0,1,15,15% Discount,3,Q1,13,2026
24-03-2026,29238300,0,1557610,0,500202,1013014,894655,723110,0,554116,0,127635,574321,0,884177,461422,201262,584628,742197,0,0,395234,344101,1,0,1,5,5% Discount,3,Q1,13,2026
25-03-2026,26039658,0,1260120,0,821223,1364704,996781,546703,0,866297,0,158456,1050800,0,814473,558232,180015,755475,424715,0,0,409440,370381,1,0,0,0,No Offer,3,Q1,13,2026
26-03-2026,32635197,0,0,0,0,0,0,0,0,0,0,0,0,0,0,0,0,0,0,0,0,0,0,0,1,0,0,No Offer,3,Q1,13,2026
27-03-2026,33168290,0,0,0,0,0,0,0,0,0,0,0,0,0,0,0,0,0,0,0,0,0,0,1,1,0,0,No Offer,3,Q1,13,2026
28-03-2026,34013123,0,1790854,0,0,1712125,1342294,807180,0,1153160,0,308814,1702633,0,880660,781055,223761,824072,946179,0,0,1408208,1013994,1,0,0,0,No Offer,3,Q1,13,2026
29-03-2026,25406282,0,1022531,0,0,1274714,808028,720073,0,716416,0,252757,572948,0,808948,605621,233419,814000,618823,0,0,471439,658857,0,0,0,0,No Offer,3,Q1,13,2026
30-03-2026,31232341,0,1233544,0,0,822217,748668,747046,0,635510,0,136563,1261634,0,738688,424405,201958,772926,591186,0,0,475675,384912,1,0,0,0,No Offer,3,Q1,14,2026
31-03-2026,31990543,0,1195925,0,0,1845960,1175715,735130,0,1328602,0,150659,620134,0,900758,504796,263712,1162274,693303,0,0,1288819,456451,1,0,0,0,No Offer,3,Q1,14,2026
01-04-2026,31771485,0,0,0,0,0,0,0,0,0,0,0,0,0,0,0,0,0,0,0,0,0,0,1,0,1,10,10% Discount,4,Q2,14,2026
02-04-2026,25238057,0,0,0,0,0,0,0,0,0,0,0,0,0,0,0,0,0,0,0,0,0,0,0,0,1,5,5% Discount,4,Q2,14,2026
03-04-2026,29288689,0,2107803,334640,1018888,962868,853795,659176,0,837037,0,128186,948030,0,787844,512437,171179,589811,414059,215705,0,828977,275360,1,0,0,0,No Offer,4,Q2,14,2026
04-04-2026,33352580,0,1553474,456481,425620,1229900,1038646,799239,0,1598784,0,145743,1408113,0,1132893,585340,202656,866970,596098,282042,0,649473,607687,1,0,1,10,10% Discount,4,Q2,14,2026
05-04-2026,37275472,0,0,0,0,0,0,0,0,0,0,0,0,0,0,0,0,0,0,0,0,0,0,1,1,1,15,15% Discount,4,Q2,14,2026
06-04-2026,29850399,0,0,0,0,0,0,0,0,0,0,0,0,0,0,0,0,0,0,0,0,0,0,0,1,1,5,5% Discount,4,Q2,15,2026
07-04-2026,30252991,0,0,0,0,0,0,0,0,0,0,0,0,0,0,0,0,0,0,0,0,0,0,0,0,1,10,10% Discount,4,Q2,15,2026
08-04-2026,27939032,0,1411528,644391,500301,1058342,933934,681349,0,667546,0,182673,804831,0,805782,499815,219323,816891,669279,360839,0,1133061,573834,0,0,0,0,No Offer,4,Q2,15,2026
09-04-2026,27810016,0,0,0,0,0,0,0,0,0,0,0,0,0,0,0,0,0,0,0,0,0,0,0,1,0,0,No Offer,4,Q2,15,2026
10-04-2026,31314018,0,0,586362,526879,1741101,1292766,851192,0,947998,0,204371,903942,0,1288793,659666,357608,959489,542791,248769,0,682505,0,0,1,1,25,Buy3Get1,4,Q2,15,2026
11-04-2026,30120707,0,0,0,0,0,0,0,0,0,0,0,0,0,0,0,0,0,0,0,0,0,0,1,0,0,0,No Offer,4,Q2,15,2026
12-04-2026,27432625,0,0,0,0,0,0,0,0,0,0,0,0,0,0,0,0,0,0,0,0,0,0,0,1,0,0,No Offer,4,Q2,15,2026
13-04-2026,28969263,0,0,0,0,0,0,0,0,0,0,0,0,0,0,0,0,0,0,0,0,0,0,0,1,0,0,No Offer,4,Q2,16,2026
14-04-2026,28743352,0,0,368802,500634,1534584,1161776,662617,0,1116425,0,149109,797512,0,1381240,504273,195497,849325,418481,241921,0,543637,0,0,0,0,0,No Offer,4,Q2,16,2026
15-04-2026,33017921,0,0,0,0,0,0,0,0,0,0,0,0,0,0,0,0,0,0,0,0,0,0,1,1,0,0,No Offer,4,Q2,16,2026
16-04-2026,32109735,4833532,0,469339,473989,1364607,1054499,924084,0,721628,0,335698,0,0,873014,670791,239671,1096143,690956,0,0,519648,0,1,0,0,0,No Offer,4,Q2,16,2026
17-04-2026,31345232,4421588,0,377374,553521,1273801,738100,430769,0,448963,0,138507,0,0,794326,443771,167955,652447,515219,0,0,576296,0,1,0,1,15,15% Discount,4,Q2,16,2026
18-04-2026,37023495,0,0,0,0,0,0,0,0,0,0,0,0,0,0,0,0,0,0,0,0,0,0,1,1,1,10,10% Discount,4,Q2,16,2026
19-04-2026,31626311,0,0,0,0,0,0,0,0,0,0,0,0,0,0,0,0,0,0,0,0,0,0,0,1,0,0,No Offer,4,Q2,16,2026
20-04-2026,28848881,0,0,0,0,0,0,0,0,0,0,0,0,0,0,0,0,0,0,0,0,0,0,0,1,0,0,No Offer,4,Q2,17,2026
21-04-2026,32744513,0,0,0,0,0,0,0,0,0,0,0,0,0,0,0,0,0,0,0,0,0,0,0,1,0,0,No Offer,4,Q2,17,2026
22-04-2026,30535652,0,0,0,0,0,0,0,0,0,0,0,0,0,0,0,0,0,0,0,0,0,0,1,0,1,10,10% Discount,4,Q2,17,2026
23-04-2026,27643217,3321671,0,428226,0,1209343,1041120,797025,0,933105,0,199960,992020,0,1047400,687410,329166,632889,474253,0,1344565,0,0,0,1,0,0,No Offer,4,Q2,17,2026
24-04-2026,30974634,4613270,0,506987,0,1202694,978235,756992,0,1037900,0,251891,1130958,0,889503,639738,198214,926121,690695,0,1738250,0,0,1,0,0,0,No Offer,4,Q2,17,2026
25-04-2026,27775377,0,0,0,0,0,0,0,0,0,0,0,0,0,0,0,0,0,0,0,0,0,0,0,0,1,5,5% Discount,4,Q2,17,2026
26-04-2026,33228255,3295162,0,322558,0,966791,781698,723897,0,608930,0,137223,912757,0,730485,446300,175685,849984,593750,0,652520,0,0,1,1,1,10,10% Discount,4,Q2,17,2026
27-04-2026,37409370,3600447,0,351983,0,1064058,592322,496078,0,537990,0,167190,548081,0,704821,440452,149109,547914,372618,0,847802,0,0,1,1,1,15,15% Discount,4,Q2,18,2026
28-04-2026,31719819,0,0,0,0,0,0,0,0,0,0,0,0,0,0,0,0,0,0,0,0,0,0,0,1,1,10,10% Discount,4,Q2,18,2026
29-04-2026,29926138,2198876,0,415732,0,921588,839043,578060,0,972420,0,121465,603323,0,923190,383865,195977,865961,316679,0,1101341,0,0,1,0,1,5,5% Discount,4,Q2,18,2026
30-04-2026,31371610,3566635,0,732555,0,1387881,990722,589197,0,1330088,0,274468,0,0,796626,438786,225264,737039,705479,303124,655110,0,0,1,0,1,5,5% Discount,4,Q2,18,2026
01-05-2026,31301238,0,0,0,0,0,0,0,0,0,0,0,0,0,0,0,0,0,0,0,0,0,0,0,1,0,0,No Offer,5,Q2,18,2026
02-05-2026,28847221,0,0,0,0,0,0,0,0,0,0,0,0,0,0,0,0,0,0,0,0,0,0,0,1,0,0,No Offer,5,Q2,18,2026
03-05-2026,35959152,0,0,0,0,0,0,0,0,0,0,0,0,0,0,0,0,0,0,0,0,0,0,1,1,1,5,5% Discount,5,Q2,18,2026
04-05-2026,28387328,0,0,0,0,0,0,0,0,0,0,0,0,0,0,0,0,0,0,0,0,0,0,0,1,0,0,No Offer,5,Q2,19,2026
05-05-2026,30993204,0,0,0,0,0,0,0,0,0,0,0,0,0,0,0,0,0,0,0,0,0,0,1,0,1,5,5% Discount,5,Q2,19,2026
06-05-2026,33130806,4629029,0,218844,0,1210746,650855,657005,0,590568,0,160148,0,0,696412,433405,143107,601421,681210,163549,599121,0,0,1,0,0,0,No Offer,5,Q2,19,2026
07-05-2026,28755069,1833783,837426,254092,0,942025,896531,722607,0,0,0,140052,0,0,719424,592497,250854,534774,428839,0,489973,0,0,0,0,0,0,No Offer,5,Q2,19,2026
08-05-2026,26563720,0,0,0,0,0,0,0,0,0,0,0,0,0,0,0,0,0,0,0,0,0,0,0,1,0,0,No Offer,5,Q2,19,2026
09-05-2026,30369340,0,0,0,0,0,0,0,0,0,0,0,0,0,0,0,0,0,0,0,0,0,0,1,0,0,0,No Offer,5,Q2,19,2026
10-05-2026,30840084,0,0,0,0,0,0,0,0,0,0,0,0,0,0,0,0,0,0,0,0,0,0,0,1,0,0,No Offer,5,Q2,19,2026
11-05-2026,30211897,0,0,0,0,0,0,0,0,0,0,0,0,0,0,0,0,0,0,0,0,0,0,0,1,0,0,No Offer,5,Q2,20,2026
12-05-2026,34805293,3652784,1385230,650380,0,895448,1015570,776942,0,0,0,162869,0,0,946860,579828,200196,818251,590920,0,1044619,0,0,1,1,0,0,No Offer,5,Q2,20,2026
13-05-2026,31293295,2098141,1341408,415395,0,635177,563794,385862,0,0,0,140823,0,0,625587,296906,130653,519532,541815,0,786655,0,0,1,0,0,0,No Offer,5,Q2,20,2026
14-05-2026,29731148,0,0,0,0,0,0,0,0,0,0,0,0,0,0,0,0,0,0,0,0,0,0,0,1,0,0,No Offer,5,Q2,20,2026
15-05-2026,30777815,3720110,926721,0,0,1442074,745966,548844,0,0,0,103781,0,0,802910,392809,189729,608319,497125,0,0,0,253446,1,0,0,0,No Offer,5,Q2,20,2026
16-05-2026,35769350,5901698,979780,0,0,956492,768931,754100,0,0,0,172369,0,0,940574,436151,251636,1197382,555025,0,0,0,351484,1,1,0,0,No Offer,5,Q2,20,2026
17-05-2026,28913740,2128199,1956706,0,0,1379826,978577,841276,0,0,0,206033,0,0,924807,688817,263273,561932,724648,0,0,0,628606,0,0,0,0,No Offer,5,Q2,20,2026
18-05-2026,31935687,0,0,0,0,0,0,0,0,0,0,0,0,0,0,0,0,0,0,0,0,0,0,0,1,1,5,5% Discount,5,Q2,21,2026
19-05-2026,33758592,3973212,1324344,0,0,1276560,1130110,763654,0,0,0,193330,0,0,630945,471039,240725,844719,699660,0,0,0,517374,1,1,0,0,No Offer,5,Q2,21,2026
20-05-2026,32476512,5619176,1457418,0,0,1002501,924099,951949,0,0,0,261933,0,0,634496,588152,197068,813192,652988,0,0,0,380150,1,0,1,10,10% Discount,5,Q2,21,2026
21-05-2026,27254418,0,1881651,699642,0,1336549,1648535,1720742,0,0,0,294233,0,0,1327840,954128,327522,942297,546973,0,0,0,1033264,0,0,0,0,No Offer,5,Q2,21,2026
22-05-2026,35733420,0,2541965,795415,0,1816535,1587737,1559719,0,0,0,404621,0,0,1497084,1043095,307125,1885855,1468772,0,0,0,916848,1,1,0,0,No Offer,5,Q2,21,2026
23-05-2026,36968402,0,4047647,421347,0,1330977,1465883,1175346,0,0,0,227721,0,0,957842,853101,319377,1271707,810956,0,0,0,925104,1,1,1,5,5% Discount,5,Q2,21,2026
24-05-2026,29894474,0,0,0,0,0,0,0,0,0,0,0,0,0,0,0,0,0,0,0,0,0,0,1,0,0,0,No Offer,5,Q2,21,2026
25-05-2026,27941009,0,1383258,385450,0,1791605,2309645,1023570,0,0,0,217410,0,0,1418643,554953,343031,894767,957013,0,0,0,425397,0,0,0,0,No Offer,5,Q2,22,2026
26-05-2026,29751806,0,2620775,799539,0,2423527,1834345,1328356,0,0,0,271402,0,0,1968755,835487,363091,1263301,1039490,0,0,0,581528,0,0,1,5,5% Discount,5,Q2,22,2026
27-05-2026,34474841,0,0,0,0,0,0,0,0,0,0,0,0,0,0,0,0,0,0,0,0,0,0,1,1,0,0,No Offer,5,Q2,22,2026
28-05-2026,37219089,3445274,3155405,557754,0,2076113,1498394,833203,0,0,0,305715,0,0,1633614,631467,236849,978147,909634,431638,0,0,0,1,1,1,10,10% Discount,5,Q2,22,2026
29-05-2026,31364566,0,0,0,0,0,0,0,0,0,0,0,0,0,0,0,0,0,0,0,0,0,0,1,1,0,0,No Offer,5,Q2,22,2026
30-05-2026,32497208,5018587,1023451,611099,0,989499,1042819,642976,0,0,0,287762,0,0,975793,414983,236045,820844,599920,289511,0,0,0,1,1,1,5,5% Discount,5,Q2,22,2026
31-05-2026,30928679,0,0,0,0,0,0,0,0,0,0,0,0,0,0,0,0,0,0,0,0,0,0,0,0,1,5,5% Discount,5,Q2,22,2026
01-06-2026,32089244,0,0,0,0,0,0,0,0,0,0,0,0,0,0,0,0,0,0,0,0,0,0,0,1,0,0,No Offer,6,Q2,23,2026
02-06-2026,27804629,0,0,0,0,0,0,0,0,0,0,0,0,0,0,0,0,0,0,0,0,0,0,1,0,0,0,No Offer,6,Q2,23,2026
03-06-2026,27204469,4452252,1416767,303478,0,1166642,1026615,481688,0,0,0,138735,0,0,734794,415813,150811,533502,626343,260193,0,0,0,0,0,0,0,No Offer,6,Q2,23,2026
04-06-2026,32013126,0,0,0,0,0,0,0,0,0,0,0,0,0,0,0,0,0,0,0,0,0,0,1,0,0,0,No Offer,6,Q2,23,2026
05-06-2026,26564294,0,0,0,0,0,0,0,0,0,0,0,0,0,0,0,0,0,0,0,0,0,0,0,1,1,5,5% Discount,6,Q2,23,2026
06-06-2026,29703778,3320838,1427698,707094,0,1417123,927740,788509,0,0,0,183315,0,0,946485,635461,277925,923234,984019,0,0,0,0,1,0,1,5,5% Discount,6,Q2,23,2026
07-06-2026,35412941,3924079,2412145,764512,0,1671960,898231,835176,0,0,0,323056,0,0,1302057,782649,253772,928540,870998,0,0,0,0,1,1,1,10,10% Discount,6,Q2,23,2026
08-06-2026,27335430,3414170,2203610,488357,0,1596494,1431340,847801,0,0,0,322003,0,0,1227306,918827,241018,1001394,683032,0,0,0,0,0,0,1,5,5% Discount,6,Q2,24,2026
09-06-2026,30917910,0,0,0,0,0,0,0,0,0,0,0,0,0,0,0,0,0,0,0,0,0,0,1,0,0,0,No Offer,6,Q2,24,2026
10-06-2026,35890011,2874021,2595195,339792,0,1474512,1074094,789658,0,0,0,178120,0,0,1332476,745236,173538,776798,782923,0,0,0,0,1,1,0,0,No Offer,6,Q2,24,2026
11-06-2026,25872373,2545156,637199,234664,0,794938,677248,434372,0,0,0,162657,0,0,729845,318229,169080,468030,339720,114617,0,0,288464,0,0,0,0,No Offer,6,Q2,24,2026
12-06-2026,30634320,3143267,833015,231787,0,1071944,680716,744918,0,0,0,133475,0,0,768906,347240,188799,455559,423647,355566,0,0,361296,0,0,1,15,15% Discount,6,Q2,24,2026
13-06-2026,30981089,0,0,0,0,0,0,0,0,0,0,0,0,0,0,0,0,0,0,0,0,0,0,0,0,1,20,20% Discount,6,Q2,24,2026
14-06-2026,27497406,3730400,1648261,651963,0,1123954,1284168,780054,0,0,0,202150,0,0,1158738,578660,293219,699482,505296,192415,0,0,874633,0,0,0,0,No Offer,6,Q2,24,2026
15-06-2026,27285961,3877916,1511853,461752,0,1772983,1014734,931987,0,0,0,191245,0,0,817004,489321,241550,676966,537045,227972,0,0,496880,0,0,0,0,No Offer,6,Q2,25,2026
16-06-2026,38217365,2831337,884947,328585,0,691993,566920,439497,0,0,0,202573,0,0,666094,341585,126097,534618,410442,159187,0,0,241281,1,1,0,0,No Offer,6,Q2,25,2026
17-06-2026,33285420,0,0,0,0,0,0,0,0,0,0,0,0,0,0,0,0,0,0,0,0,0,0,0,0,1,15,15% Discount,6,Q2,25,2026
18-06-2026,27658568,0,0,0,0,0,0,0,0,0,0,0,0,0,0,0,0,0,0,0,0,0,0,1,0,0,0,No Offer,6,Q2,25,2026
19-06-2026,28909115,0,0,0,0,0,0,0,0,0,0,0,0,0,0,0,0,0,0,0,0,0,0,1,0,0,0,No Offer,6,Q2,25,2026
20-06-2026,28095128,0,1040385,515224,0,1614544,1272223,1018880,0,0,0,259277,0,0,1280418,830086,354099,863923,451083,354529,1777089,0,0,0,0,1,10,10% Discount,6,Q2,25,2026
21-06-2026,34232941,0,2092298,519279,0,1500850,994703,1063253,0,0,0,225206,0,0,1119640,1020664,236285,623464,729795,326646,2119804,0,0,1,1,1,15,15% Discount,6,Q2,25,2026
22-06-2026,30302017,0,2689849,519329,0,1642090,1362796,1013372,0,0,0,205714,0,0,1291914,708308,311421,954248,627327,366152,1367085,0,0,1,1,0,0,No Offer,6,Q2,26,2026
23-06-2026,27002107,0,1443766,723459,0,1428517,1547144,1044931,0,0,0,449060,0,0,1304601,631786,317899,833092,756130,429284,858005,0,0,0,0,0,0,No Offer,6,Q2,26,2026
24-06-2026,34076580,0,3029783,691207,0,1731916,2040633,1362538,0,0,0,349801,0,0,1548586,677485,417813,1332982,893443,205080,1634910,0,0,1,1,1,10,10% Discount,6,Q2,26,2026
25-06-2026,32505800,0,3888581,533156,0,1336416,1887031,930459,0,0,0,349383,0,0,1149576,766572,255211,1278141,649180,0,663710,0,0,1,1,1,5,5% Discount,6,Q2,26,2026
26-06-2026,38507523,0,0,0,0,0,0,0,0,0,0,0,0,0,0,0,0,0,0,0,0,0,0,1,1,1,5,5% Discount,6,Q2,26,2026
27-06-2026,35500001,0,1763901,514727,0,1158771,1169563,906756,0,0,0,200355,0,0,824266,624124,298313,1132509,612570,0,1426192,0,0,1,1,1,15,15% Discount,6,Q2,26,2026
28-06-2026,28705588,0,0,0,0,0,0,0,0,0,0,0,0,0,0,0,0,0,0,0,0,0,0,0,1,0,0,No Offer,6,Q2,26,2026
29-06-2026,32036310,0,0,0,0,0,0,0,0,0,0,0,0,0,0,0,0,0,0,0,0,0,0,0,1,1,5,5% Discount,6,Q2,27,2026
30-06-2026,33434773,0,0,0,0,0,0,0,0,0,0,0,0,0,0,0,0,0,0,0,0,0,0,1,1,1,5,5% Discount,6,Q2,27,2026
01-07-2026,29303449,0,0,0,0,0,0,0,0,0,0,0,0,0,0,0,0,0,0,0,0,0,0,1,0,0,0,No Offer,7,Q3,27,2026
02-07-2026,27698187,2730949,0,314169,0,934476,520180,622687,0,313496,303467,84500,0,169899,602496,381019,134147,508239,293034,0,454240,0,734481,0,0,0,0,No Offer,7,Q3,27,2026
03-07-2026,38134970,0,0,0,0,0,0,0,0,0,0,0,0,0,0,0,0,0,0,0,0,0,0,0,1,1,15,15% Discount,7,Q3,27,2026
04-07-2026,37019070,3586349,0,593469,0,1395761,1183956,628492,0,1476029,258782,215553,0,167271,950301,695156,261930,1034443,644183,0,665756,0,651921,1,1,1,15,15% Discount,7,Q3,27,2026
05-07-2026,29793114,0,0,0,0,0,0,0,0,0,0,0,0,0,0,0,0,0,0,0,0,0,0,1,0,0,0,No Offer,7,Q3,27,2026
06-07-2026,34899761,0,0,0,0,0,0,0,0,0,0,0,0,0,0,0,0,0,0,0,0,0,0,1,1,0,0,No Offer,7,Q3,28,2026
07-07-2026,28733553,0,0,0,0,0,0,0,0,0,0,0,0,0,0,0,0,0,0,0,0,0,0,0,0,1,5,5% Discount,7,Q3,28,2026
08-07-2026,32773016,2703442,0,644284,0,1457731,989135,709235,0,981820,519021,148600,0,250426,991269,617261,277277,781321,639800,0,1182297,0,406654,0,0,0,0,No Offer,7,Q3,28,2026
09-07-2026,32442117,4113002,0,0,0,1259257,768745,632389,0,955449,187371,233407,0,263496,612945,381137,177409,801033,441136,304045,1304347,0,366848,1,0,1,10,10% Discount,7,Q3,28,2026
10-07-2026,34809972,0,0,0,0,0,0,0,0,0,0,0,0,0,0,0,0,0,0,0,0,0,0,1,0,0,0,No Offer,7,Q3,28,2026
11-07-2026,31324182,0,0,0,0,0,0,0,0,0,0,0,0,0,0,0,0,0,0,0,0,0,0,0,0,1,5,5% Discount,7,Q3,28,2026
12-07-2026,29713172,2148949,0,0,0,567601,442678,421337,0,306651,143056,91294,0,177550,393423,236714,110776,462913,233790,141454,394164,0,353408,0,1,0,0,No Offer,7,Q3,28,2026
13-07-2026,31531114,0,0,0,0,0,0,0,0,0,0,0,0,0,0,0,0,0,0,0,0,0,0,1,0,0,0,No Offer,7,Q3,29,2026
14-07-2026,29591359,0,0,0,0,0,0,0,0,0,0,0,0,0,0,0,0,0,0,0,0,0,0,1,0,0,0,No Offer,7,Q3,29,2026
15-07-2026,31788402,2155975,0,0,0,632918,496194,277733,0,333511,230235,174571,0,146328,460443,288126,136718,274101,334472,118165,411751,0,445613,0,1,1,10,10% Discount,7,Q3,29,2026
16-07-2026,28609489,0,0,0,0,0,0,0,0,0,0,0,0,0,0,0,0,0,0,0,0,0,0,0,0,1,5,5% Discount,7,Q3,29,2026
17-07-2026,28434640,2457879,0,0,0,1037279,633198,745128,0,835785,297832,142780,0,107414,660690,518605,189402,506097,396346,148816,799863,569009,328104,0,0,0,0,No Offer,7,Q3,29,2026
18-07-2026,28876307,0,0,0,0,0,0,0,0,0,0,0,0,0,0,0,0,0,0,0,0,0,0,1,0,0,0,No Offer,7,Q3,29,2026
19-07-2026,29846899,0,0,0,0,0,0,0,0,0,0,0,0,0,0,0,0,0,0,0,0,0,0,0,0,1,5,5% Discount,7,Q3,29,2026
20-07-2026,37835678,0,0,0,0,0,0,0,0,0,0,0,0,0,0,0,0,0,0,0,0,0,0,1,1,1,15,15% Discount,7,Q3,30,2026
21-07-2026,33650689,0,0,0,0,0,0,0,0,0,0,0,0,0,0,0,0,0,0,0,0,0,0,0,1,1,10,10% Discount,7,Q3,30,2026
22-07-2026,31433011,1062248,0,0,0,791654,628017,534370,0,715051,463067,73324,0,215116,924306,339135,177696,832254,432378,198111,737027,575211,405927,0,0,1,10,10% Discount,7,Q3,30,2026
23-07-2026,31135472,0,0,0,0,0,0,0,0,0,0,0,0,0,0,0,0,0,0,0,0,0,0,1,0,0,0,No Offer,7,Q3,30,2026
24-07-2026,31330155,0,0,0,0,0,0,0,0,0,0,0,0,0,0,0,0,0,0,0,0,0,0,0,0,1,10,10% Discount,7,Q3,30,2026
25-07-2026,33915612,0,0,0,0,0,0,0,0,0,0,0,0,0,0,0,0,0,0,0,0,0,0,1,1,0,0,No Offer,7,Q3,30,2026
26-07-2026,29445853,1527399,0,350368,672102,933403,595639,358770,0,480177,248033,136246,0,182852,787211,439376,186773,606095,404423,192148,0,595906,384147,0,0,0,0,No Offer,7,Q3,30,2026
27-07-2026,33459354,4051566,0,412149,820827,1175024,1080945,962466,0,961476,152152,116767,0,312598,752921,554053,251280,659336,577791,239627,0,638422,573361,1,0,1,5,5% Discount,7,Q3,31,2026
28-07-2026,33241500,2067165,0,536917,483226,1458840,912788,568972,0,812510,337126,343323,0,312661,1030906,726451,166144,549538,520068,283355,0,495561,420310,0,1,1,10,10% Discount,7,Q3,31,2026
29-07-2026,35251174,2855677,0,511637,659693,1375451,1050425,1084016,0,1781006,468510,222934,0,108928,840790,619627,265627,829530,642381,382982,0,432379,952490,1,1,1,5,5% Discount,7,Q3,31,2026
30-07-2026,34036667,2799489,0,282686,318792,1181053,1252544,702523,0,888311,0,84865,0,0,772629,414048,192946,615538,539650,360664,1122428,474681,450005,1,0,0,0,No Offer,7,Q3,31,2026
31-07-2026,36337376,4780097,0,902633,732290,858592,1208432,717306,0,784652,0,177686,0,0,667340,516406,185756,682633,587773,365223,765209,403864,767316,1,1,1,5,5% Discount,7,Q3,31,2026
01-08-2026,33299128,2845513,0,786734,678009,933334,970907,572083,0,841099,0,102654,0,0,985552,434913,191206,764346,591885,236223,765528,436744,424606,1,1,1,5,5% Discount,8,Q3,31,2026
02-08-2026,32586753,3171477,0,535152,674622,1821618,1331616,895924,0,796601,0,205363,0,0,784276,487384,340650,698908,819366,513044,925235,439572,598917,0,1,1,10,10% Discount,8,Q3,31,2026
03-08-2026,30628823,0,0,0,0,0,0,0,0,0,0,0,0,0,0,0,0,0,0,0,0,0,0,0,1,0,0,No Offer,8,Q3,32,2026
04-08-2026,37358211,2629790,0,262383,463667,830603,984227,557646,0,489358,0,190436,0,0,1107443,623869,146886,720306,696816,163413,633897,779083,480944,1,0,1,20,20% Discount,8,Q3,32,2026
05-08-2026,35155770,0,0,0,0,0,0,0,0,0,0,0,0,0,0,0,0,0,0,0,0,0,0,1,1,0,0,No Offer,8,Q3,32,2026
06-08-2026,36465351,2934531,0,0,626906,933852,914189,726838,0,700383,0,146421,1097874,0,1013119,481667,269797,689164,580774,385103,0,827964,788889,1,0,1,25,Buy3Get1,8,Q3,32,2026
07-08-2026,33413105,0,0,0,0,0,0,0,0,0,0,0,0,0,0,0,0,0,0,0,0,0,0,0,1,1,10,10% Discount,8,Q3,32,2026
08-08-2026,30481781,0,0,0,0,0,0,0,0,0,0,0,0,0,0,0,0,0,0,0,0,0,0,0,1,0,0,No Offer,8,Q3,32,2026
09-08-2026,38545561,3251107,0,0,395422,1256920,619050,697116,0,713367,0,168838,1095180,0,652415,477603,205509,891822,674123,110726,0,522453,345538,1,1,1,5,5% Discount,8,Q3,32,2026
10-08-2026,29217180,0,0,0,0,0,0,0,0,0,0,0,0,0,0,0,0,0,0,0,0,0,0,0,1,0,0,No Offer,8,Q3,33,2026
11-08-2026,31042458,0,0,0,0,0,0,0,0,0,0,0,0,0,0,0,0,0,0,0,0,0,0,0,0,1,10,10% Discount,8,Q3,33,2026
12-08-2026,33375302,0,0,0,0,0,0,0,0,0,0,0,0,0,0,0,0,0,0,0,0,0,0,0,1,1,15,15% Discount,8,Q3,33,2026
13-08-2026,35936152,2439739,0,401209,587821,1358290,1069763,499775,0,889765,0,258537,532496,0,723197,379198,262532,606317,459908,194921,592306,792454,451384,0,1,1,5,5% Discount,8,Q3,33,2026
14-08-2026,33425919,3013210,0,434071,343594,1346363,946671,535433,0,663980,0,202032,725231,0,1099159,604951,232783,713860,521600,259474,1175936,649181,850283,0,1,0,0,No Offer,8,Q3,33,2026
15-08-2026,31384377,2763156,0,443316,751002,1295379,756763,803527,0,556968,0,266646,759385,0,921646,600600,187226,575799,727327,399508,889635,563475,453631,1,1,0,0,No Offer,8,Q3,33,2026
16-08-2026,33154576,1107262,0,293159,369650,947978,446465,344992,0,476448,0,86599,388437,0,439980,292911,117749,499459,393868,212880,495745,240611,241063,1,1,0,0,No Offer,8,Q3,33,2026
17-08-2026,42502765,3059932,0,569908,595771,921071,625480,523047,0,555865,0,153514,519784,0,618707,495764,204281,736352,756084,235237,772716,764766,780599,1,1,1,20,20% Discount,8,Q3,34,2026
18-08-2026,29579210,3349657,0,318315,413924,971002,562984,387998,0,404683,0,94779,483909,0,527657,375628,145773,627216,430944,251486,585409,487395,223657,0,0,0,0,No Offer,8,Q3,34,2026
19-08-2026,33165224,1937011,0,500717,352145,1394642,1108943,686775,0,810039,0,121183,596978,0,702928,649534,247920,729204,502025,199328,1247482,895128,479575,0,1,1,5,5% Discount,8,Q3,34,2026
20-08-2026,42273633,4112245,0,0,444373,1348719,896593,643874,0,930189,0,205472,623463,0,992286,536939,311438,1031680,552704,302854,1345069,547468,290050,1,1,1,25,Buy3Get1,8,Q3,34,2026
21-08-2026,36819941,0,0,0,0,0,0,0,0,0,0,0,0,0,0,0,0,0,0,0,0,0,0,0,1,1,15,15% Discount,8,Q3,34,2026
22-08-2026,33765867,2972609,0,0,681872,1258202,946872,724162,0,1186396,0,334036,685993,0,889351,806558,324320,964389,512509,278224,775499,456037,588342,0,0,1,15,15% Discount,8,Q3,34,2026
23-08-2026,31694727,3469353,0,0,857977,1417954,1173033,760510,0,1005751,0,265635,919268,0,811359,567907,218784,1132479,764586,427805,1008378,580661,506495,1,0,0,0,No Offer,8,Q3,34,2026
24-08-2026,27799964,0,0,0,0,0,0,0,0,0,0,0,0,0,0,0,0,0,0,0,0,0,0,0,0,1,5,5% Discount,8,Q3,35,2026
25-08-2026,27955385,0,0,0,0,0,0,0,0,0,0,0,0,0,0,0,0,0,0,0,0,0,0,0,1,0,0,No Offer,8,Q3,35,2026
26-08-2026,32155879,0,0,0,0,0,0,0,0,0,0,0,0,0,0,0,0,0,0,0,0,0,0,0,1,1,5,5% Discount,8,Q3,35,2026
27-08-2026,32241867,4369860,0,0,561898,646581,657406,288901,0,546000,0,155479,348799,0,696807,413522,204664,501678,406367,0,419011,422091,347468,1,1,1,5,5% Discount,8,Q3,35,2026
28-08-2026,36791649,5627248,0,0,685639,903518,807956,703129,0,1096274,0,188305,672695,0,619389,419142,171933,726924,499822,0,585060,394073,606256,1,1,1,5,5% Discount,8,Q3,35,2026
29-08-2026,30544968,0,0,0,0,0,0,0,0,0,0,0,0,0,0,0,0,0,0,0,0,0,0,0,1,0,0,No Offer,8,Q3,35,2026
30-08-2026,40479852,0,0,0,0,0,0,0,0,0,0,0,0,0,0,0,0,0,0,0,0,0,0,1,1,1,5,5% Discount,8,Q3,35,2026
31-08-2026,31765954,1785705,0,0,479197,972713,830339,595601,0,1196188,0,155171,308632,0,714338,417246,196932,552755,432891,0,868472,670937,417759,0,1,0,0,No Offer,8,Q3,36,2026
01-09-2026,31960891,0,0,0,0,0,0,0,0,0,0,0,0,0,0,0,0,0,0,0,0,0,0,0,1,0,0,No Offer,9,Q3,36,2026
02-09-2026,28914672,0,0,0,0,0,0,0,0,0,0,0,0,0,0,0,0,0,0,0,0,0,0,0,0,1,10,10% Discount,9,Q3,36,2026
03-09-2026,30693049,0,0,0,0,0,0,0,0,0,0,0,0,0,0,0,0,0,0,0,0,0,0,1,0,0,0,No Offer,9,Q3,36,2026
04-09-2026,33334007,0,0,0,0,0,0,0,0,0,0,0,0,0,0,0,0,0,0,0,0,0,0,0,0,1,10,10% Discount,9,Q3,36,2026
05-09-2026,33939778,0,0,0,0,0,0,0,0,0,0,0,0,0,0,0,0,0,0,0,0,0,0,0,1,1,10,10% Discount,9,Q3,36,2026
06-09-2026,44637200,3375703,913055,0,463988,965787,628440,333269,0,956795,0,145802,687065,0,443196,400049,98142,639202,416523,0,1091210,0,382311,1,1,1,10,10% Discount,9,Q3,36,2026
07-09-2026,37125592,0,0,0,0,0,0,0,0,0,0,0,0,0,0,0,0,0,0,0,0,0,0,1,1,1,5,5% Discount,9,Q3,37,2026
08-09-2026,35955363,0,0,0,0,0,0,0,0,0,0,0,0,0,0,0,0,0,0,0,0,0,0,0,0,1,25,Buy3Get1,9,Q3,37,2026
09-09-2026,30599130,0,0,0,0,0,0,0,0,0,0,0,0,0,0,0,0,0,0,0,0,0,0,1,0,0,0,No Offer,9,Q3,37,2026
10-09-2026,37925075,0,0,0,0,0,0,0,0,0,0,0,0,0,0,0,0,0,0,0,0,0,0,1,1,0,0,No Offer,9,Q3,37,2026
11-09-2026,31383990,0,0,0,0,0,0,0,0,0,0,0,0,0,0,0,0,0,0,0,0,0,0,1,0,0,0,No Offer,9,Q3,37,2026
12-09-2026,30605360,3375277,1296251,0,630320,1219596,1090643,628232,0,643736,0,159441,549697,0,818621,392255,171962,543958,392957,0,0,0,227663,0,0,0,0,No Offer,9,Q3,37,2026
13-09-2026,33609058,1758307,1867526,0,346313,822508,1043389,493976,0,751053,0,140971,507951,0,779604,296999,134767,512288,345027,0,0,0,358611,0,1,0,0,No Offer,9,Q3,37,2026
14-09-2026,36101767,0,0,0,0,0,0,0,0,0,0,0,0,0,0,0,0,0,0,0,0,0,0,1,1,0,0,No Offer,9,Q3,38,2026
15-09-2026,34119939,1741417,1510236,0,678004,1530561,1141620,1290867,0,512358,0,177560,1125310,0,1217547,629096,279581,876023,560408,0,0,0,409874,0,0,1,5,5% Discount,9,Q3,38,2026
16-09-2026,30881238,2176471,1552927,0,222305,1061603,773566,586486,0,795068,0,200168,262353,0,821810,526286,164795,500250,423336,0,0,0,455221,0,0,1,10,10% Discount,9,Q3,38,2026
17-09-2026,32667899,2496675,0,0,296235,915606,742975,540034,0,607388,0,147811,0,0,859040,327031,159185,666506,415052,0,0,0,0,0,0,0,0,No Offer,9,Q3,38,2026
18-09-2026,33170075,6236865,0,0,653773,1474408,1134815,1092676,0,458108,0,302189,0,0,796457,615049,282952,759259,689250,0,0,0,0,1,0,1,10,10% Discount,9,Q3,38,2026
19-09-2026,34845250,5047461,0,0,1040142,1310520,1219477,938532,0,1695359,0,387153,0,0,1134873,778100,296197,965075,916570,0,0,0,0,1,0,0,0,No Offer,9,Q3,38,2026
20-09-2026,39880112,6166801,0,0,830784,1353871,1016389,767724,0,722132,0,206801,0,0,1071504,614253,231845,1237663,868601,0,0,0,0,1,1,1,15,15% Discount,9,Q3,38,2026
21-09-2026,29568963,0,0,0,0,0,0,0,0,0,0,0,0,0,0,0,0,0,0,0,0,0,0,0,0,1,5,5% Discount,9,Q3,39,2026
22-09-2026,26735728,2046691,0,0,576326,1501424,1076855,782733,0,791064,0,126774,0,0,865615,516792,242282,899900,728252,0,0,0,0,0,0,0,0,No Offer,9,Q3,39,2026
23-09-2026,31572299,2506547,0,0,331057,943999,788059,659221,0,1058153,0,177149,0,0,752163,452689,267126,600856,555496,0,0,0,0,0,0,1,10,10% Discount,9,Q3,39,2026
24-09-2026,33969580,1447491,814948,0,0,1484507,781837,640124,0,650042,225410,135037,0,0,652301,510950,151547,622838,416628,285253,0,0,319700,0,1,1,10,10% Discount,9,Q3,39,2026
25-09-2026,36301344,3969152,1441451,0,0,1172918,1391835,684853,0,1103619,285592,152733,0,0,762391,690037,178034,985962,791871,316471,0,0,733977,1,1,0,0,No Offer,9,Q3,39,2026
26-09-2026,36105455,3188034,1286812,0,0,1115718,893909,798628,0,607160,492838,394378,0,0,859205,605729,244174,950671,643112,533665,0,0,458821,1,0,1,5,5% Discount,9,Q3,39,2026
27-09-2026,30527943,0,0,0,0,0,0,0,0,0,0,0,0,0,0,0,0,0,0,0,0,0,0,0,0,1,10,10% Discount,9,Q3,39,2026
28-09-2026,38099461,2358160,941094,0,0,1067705,920998,715353,0,736413,152174,122355,0,0,707623,470718,167958,688964,444881,213896,0,0,278186,0,0,1,20,20% Discount,9,Q3,40,2026
29-09-2026,32202679,3256867,1163497,0,0,547072,673345,438839,0,550985,169114,97469,0,0,573421,380419,85675,414688,320018,218174,0,0,255454,1,0,0,0,No Offer,9,Q3,40,2026
30-09-2026,30788505,2662450,1474996,0,0,934465,761296,965226,0,818976,303609,159850,0,0,811568,487895,200172,380767,449560,199147,0,0,578237,0,0,0,0,No Offer,9,Q3,40,2026
